cutoff_profile,method,family,row_count,rps,nll,brier,crps,ece,mce,entropy
t_minus_1_1800_hkt,B5_kernel_analog_pmf,analog_pmf,5050,0.04434392461781628,1.144711961709273,0.04835120835764873,0.44343924617816277,0.021028742020295633,0.1359446580579362,1.0583328060297486
t_minus_1_1800_hkt,S1_conservative_simplex_stack,stack,5050,0.04455985131565174,1.0954842367422,0.04845783796672507,0.44559851315651744,0.012129921267044666,0.05328975729973939,1.0928865663224807
t_minus_1_1800_hkt,B4_hierarchical_residual_pmf,residual_pmf,5050,0.04461338546635939,1.0998554569950414,0.04852067599366854,0.44613385466359384,0.014053920893220525,0.046176529500254804,1.0767325277553805
t_minus_1_1800_hkt,K0_B4_identity,calibration,5050,0.04461338546635939,1.0998554569950414,0.04852067599366854,0.44613385466359384,0.014053920893220525,0.046176529500254804,1.0767325277553805
t_minus_1_1800_hkt,K2_B4_monotone_cdf_projected,calibration,5050,0.04461338546635939,1.0998554569950414,0.04852067599366854,0.44613385466359384,0.014053920893220611,0.046176529500254804,1.0767325277553812
t_minus_1_1800_hkt,K1_B4_power_calibrated,calibration,5050,0.044624634199832244,1.0992092414343297,0.04850105087651094,0.4462463419983225,0.010216915799092528,0.05582727438004953,1.0969419078050757
t_minus_1_1800_hkt,B3_forecast_level_residual_pmf,residual_pmf,5050,0.044758714975419917,1.102399266376179,0.0485801008638529,0.44758714975419917,0.012787344374605384,0.8344924294236095,1.083164374477481
t_minus_1_1800_hkt,B2_month_residual_pmf,residual_pmf,5050,0.044863268868755524,1.1037306760101493,0.048667402420621224,0.44863268868755524,0.016261668345184534,0.08930129599816633,1.1038370176335
t_minus_1_1800_hkt,B1_global_residual_pmf,residual_pmf,5050,0.044881459490174566,1.105038588881354,0.048798163353431574,0.4488145949017458,0.02463654122198631,0.7031963657624585,1.1163844638722333
t_minus_1_1800_hkt,P1_normal_mos,mos,5050,0.04491280258563792,1.1037834942532694,0.048856275718043726,0.4491280258563792,0.026713257850571447,0.21898690076253635,1.1274101734285706
t_minus_1_1800_hkt,P2_student_t_mos,mos,5050,0.045017864602345845,1.1111786982881184,0.04891773754300481,0.4501786460234585,0.02713093346303662,0.21888992224602388,1.176998420163062
t_minus_1_1800_hkt,C1_multinomial_ridge,direct_classifier,5050,0.04576899809346496,1.1169789289400014,0.04922185216033584,0.4576899809346496,0.019592347976178266,0.14527663512011502,1.1377224529550796
t_minus_1_1800_hkt,C2_ordinal_cdf_logistic,direct_classifier,5050,0.046010124883301674,1.1272636282673174,0.049289645359383835,0.4601012488330167,0.023130470204697794,0.07082157449303395,1.1653564100855873
t_minus_1_1800_hkt,B6_month_climatology_diagnostic,diagnostic,5050,0.089744055032139,1.6144349605390476,0.06014630490429881,0.89744055032139,0.053847594805452544,0.1575240336267923,1.4414951646649872
t_minus_1_1800_hkt,B0_climatology,baseline,5050,0.19480716802148831,2.1730564506804764,0.07661942009501543,1.948071680214883,0.0205230216594377,0.0205230216594377,2.0729972144667443
t_minus_1_2100_hkt,B5_kernel_analog_pmf,analog_pmf,5088,0.04404822329547437,1.1417379570246202,0.048167341524173526,0.4404822329547437,0.022376112572120504,0.09000473634303074,1.0477492606284862
t_minus_1_2100_hkt,S1_conservative_simplex_stack,stack,5088,0.04424417228642591,1.0897498575738152,0.048272321701109365,0.4424417228642591,0.011691235073430839,0.0552621431154251,1.085560551513538
t_minus_1_2100_hkt,K2_B4_monotone_cdf_projected,calibration,5088,0.044300526995011184,1.0944101254968832,0.048337858524668834,0.44300526995011186,0.015359247036176683,0.07262501971433993,1.0680063980282224
t_minus_1_2100_hkt,B4_hierarchical_residual_pmf,residual_pmf,5088,0.04430052699501119,1.0944101254968828,0.048337858524668834,0.44300526995011186,0.015359247036176658,0.07262501971433993,1.0680063980282215
t_minus_1_2100_hkt,K0_B4_identity,calibration,5088,0.04430052699501119,1.0944101254968828,0.048337858524668834,0.44300526995011186,0.015359247036176658,0.07262501971433993,1.0680063980282215
t_minus_1_2100_hkt,K1_B4_power_calibrated,calibration,5088,0.04430874003152981,1.0935894744187566,0.04831943378860831,0.4430874003152981,0.0100659558713581,0.05894355349497066,1.0877985431383654
t_minus_1_2100_hkt,B3_forecast_level_residual_pmf,residual_pmf,5088,0.04440361303888953,1.0962962880615692,0.04839217757670854,0.4440361303888952,0.013711443510105682,0.34555594403118595,1.0726213070300272
t_minus_1_2100_hkt,P1_normal_mos,mos,5088,0.04451814111637688,1.0980438925608036,0.04863787850910256,0.44518141116376886,0.02973563352780375,0.25733200523302807,1.1189878514494296
t_minus_1_2100_hkt,B2_month_residual_pmf,residual_pmf,5088,0.044538980554435496,1.0980405958217183,0.04846647703364933,0.4453898055443549,0.017855562877151843,0.08854163063078929,1.0962084913776247
t_minus_1_2100_hkt,B1_global_residual_pmf,residual_pmf,5088,0.044555369913799284,1.0993756371963,0.0486001554848249,0.4455536991379929,0.02291164541929789,0.10472001035232564,1.1082504777776347
t_minus_1_2100_hkt,P2_student_t_mos,mos,5088,0.04461788449180064,1.104705440900096,0.04869677612485319,0.4461788449180063,0.030302075074748917,0.1281913586670922,1.1685942286623794
t_minus_1_2100_hkt,C1_multinomial_ridge,direct_classifier,5088,0.04530158777413067,1.110114657698062,0.04901715786004212,0.45301587774130675,0.014557321932820003,0.07439487621787971,1.1300238942509906
t_minus_1_2100_hkt,C2_ordinal_cdf_logistic,direct_classifier,5088,0.04555043843592794,1.117158182594997,0.04906888043432621,0.45550438435927937,0.02140283726633239,0.0785975549858654,1.1592244482739424
t_minus_1_2100_hkt,B6_month_climatology_diagnostic,diagnostic,5088,0.08970610695818913,1.613746956085074,0.060099961892059545,0.8970610695818914,0.05385623945327682,0.20522418438344453,1.4398462679747384
t_minus_1_2100_hkt,B0_climatology,baseline,5088,0.19501392184274596,2.1723387255373923,0.07660469821951328,1.9501392184274593,0.021741690384151247,0.021741690384151247,2.070814212671152
t_minus_1_2359_hkt,B5_kernel_analog_pmf,analog_pmf,5629,0.041543339795461535,1.0738538994865032,0.04591962814906383,0.4154333979546154,0.015777165968795227,0.09125495121186011,0.9988708603168023
t_minus_1_2359_hkt,S1_conservative_simplex_stack,stack,5629,0.04173146955858149,1.0358267883460233,0.04600881469393839,0.41731469558581485,0.018182378913542616,0.05232354846894394,1.0303497336331386
t_minus_1_2359_hkt,B4_hierarchical_residual_pmf,residual_pmf,5629,0.04178219446633426,1.0399171562204699,0.046062852263193135,0.41782194466334255,0.020420889066889453,0.045725525962781566,1.0137671934770298
t_minus_1_2359_hkt,K0_B4_identity,calibration,5629,0.04178219446633426,1.0399171562204699,0.046062852263193135,0.41782194466334255,0.020420889066889453,0.045725525962781566,1.0137671934770298
t_minus_1_2359_hkt,K2_B4_monotone_cdf_projected,calibration,5629,0.04178219446633426,1.0399171562204703,0.046062852263193135,0.4178219446633426,0.020420889066889474,0.04572552596278151,1.0137671934770307
t_minus_1_2359_hkt,K1_B4_power_calibrated,calibration,5629,0.04178530194450191,1.039116133728802,0.04604189470833377,0.4178530194450192,0.01613491110920965,0.06518041818554282,1.0338341179032795
t_minus_1_2359_hkt,B3_forecast_level_residual_pmf,residual_pmf,5629,0.04190471470951847,1.0419953974639924,0.046141367531975216,0.4190471470951847,0.012460317687325527,0.12738332920816858,1.0200358555042301
t_minus_1_2359_hkt,B2_month_residual_pmf,residual_pmf,5629,0.04197177151410319,1.0437377288392717,0.046186438824501914,0.4197177151410318,0.014151875857871515,0.1331792085366229,1.0402315290737556
t_minus_1_2359_hkt,B1_global_residual_pmf,residual_pmf,5629,0.04200119065051674,1.0447485214589585,0.046303248586279384,0.4200119065051674,0.017834425145647127,0.1011242573817529,1.0467355996631231
t_minus_1_2359_hkt,P1_normal_mos,mos,5629,0.04202975523753755,1.044600455423422,0.046397242424613544,0.4202975523753755,0.024513517207394753,0.12292427914572968,1.0565977152190444
t_minus_1_2359_hkt,P2_student_t_mos,mos,5629,0.04211103319023925,1.0495643479986247,0.046447728090549374,0.4211103319023925,0.03347746206306094,0.05501998147559162,1.1049288085244553
t_minus_1_2359_hkt,C1_multinomial_ridge,direct_classifier,5629,0.04275485374895089,1.057799771109628,0.04682854629333803,0.4275485374895089,0.011283462137977346,0.06983169126107236,1.0802400092000697
t_minus_1_2359_hkt,C2_ordinal_cdf_logistic,direct_classifier,5629,0.04311861543379407,1.0676946015746431,0.04695172534241085,0.43118615433794066,0.01973948107311642,0.1182643219845011,1.1094398606558202
t_minus_1_2359_hkt,B6_month_climatology_diagnostic,diagnostic,5629,0.08577500822726435,1.5520884865160212,0.057957614645857546,0.8577500822726436,0.058590365142376304,0.17944165676752594,1.369831339140882
t_minus_1_2359_hkt,B0_climatology,baseline,5629,0.19348605530255508,2.118748612139479,0.07507319504875153,1.9348605530255503,0.031669537697882805,0.045170717799518534,2.0086516421699367
