revision_direction,method,family,row_count,rps,nll,brier,crps,ece,mce,entropy
down,B5_kernel_analog_pmf,analog_pmf,94,0.037643864910255585,0.9433640196193999,0.04203837461891571,0.37643864910255587,0.08006829874402902,0.7207052057438249,0.9357553596049504
down,B2_month_residual_pmf,residual_pmf,94,0.03770201355287198,0.9389134767517667,0.04243133594028234,0.37702013552871977,0.0847984810501856,0.36700940078646815,0.9246782653100689
down,C2_ordinal_cdf_logistic,direct_classifier,94,0.037842911524672763,0.9487958355964106,0.042434930782339425,0.3784291152467277,0.05820038767515499,0.2706443407688903,0.9670379173342815
down,B3_forecast_level_residual_pmf,residual_pmf,94,0.037856735379169254,0.9456218700402034,0.04190242422619698,0.3785673537916925,0.08293446042028892,0.1832293614730338,0.9178727940945648
down,S1_conservative_simplex_stack,stack,94,0.03789432437260877,0.950697353143349,0.04259569445828167,0.3789432437260878,0.08715794228547093,0.5149907180441529,0.9326365317580863
down,K2_B4_monotone_cdf_projected,calibration,94,0.03792087712149516,0.95453094170913,0.04272833901122995,0.3792087712149516,0.09760235349874623,0.515918929738332,0.9217850345390041
down,B4_hierarchical_residual_pmf,residual_pmf,94,0.03792087712149517,0.95453094170913,0.042728339011229965,0.3792087712149516,0.09760235349874617,0.5159189297383319,0.9217850345390027
down,K0_B4_identity,calibration,94,0.03792087712149517,0.95453094170913,0.042728339011229965,0.3792087712149516,0.09760235349874617,0.5159189297383319,0.9217850345390027
down,K1_B4_power_calibrated,calibration,94,0.037984823210605596,0.9533003438834943,0.04264620856486074,0.37984823210605606,0.07683441137467248,0.5056545655503027,0.9378992809648607
down,C1_multinomial_ridge,direct_classifier,94,0.03826233869763177,0.9660112002605011,0.04315410532014653,0.38262338697631776,0.07990673677017539,0.6260480771768357,0.9274160047586401
down,B1_global_residual_pmf,residual_pmf,94,0.03829300637461253,0.9428034747569711,0.04236488787097313,0.3829300637461253,0.08479349235694734,0.16725491789688518,0.9236005340363007
down,P1_normal_mos,mos,94,0.0394110936386897,0.9602952279010767,0.04284239863532581,0.394110936386897,0.09944555831766479,0.16389217429891456,0.9340248273830091
down,P2_student_t_mos,mos,94,0.039431395495109316,0.9605011953075137,0.04282036070759495,0.39431395495109295,0.07762283822056812,0.2128280161427673,0.9769290773151071
down,B6_month_climatology_diagnostic,diagnostic,94,0.07888299166600411,1.3704774072004993,0.05076985475479004,0.788829916660041,0.09883190506624086,0.5530111763554307,1.3750644089826365
down,B0_climatology,baseline,94,0.14666299406648142,1.890573769799529,0.06837525522832429,1.4666299406648138,0.08048590273930868,0.0829218582092735,2.0066419821270336
flat,B5_kernel_analog_pmf,analog_pmf,5388,0.041817251358827155,1.0813823448400182,0.046188364307317854,0.4181725135882716,0.016352540540294072,0.10095217356413433,1.0024636031106684
flat,S1_conservative_simplex_stack,stack,5388,0.04200740071033766,1.0418648536576287,0.04627869599989681,0.42007400710337667,0.0191482623168645,0.05640704536990648,1.0348197517906355
flat,K1_B4_power_calibrated,calibration,5388,0.042054828972447486,1.0451694175556745,0.04630924991009931,0.420548289724475,0.016956150555300205,0.06808719763134635,1.0382118858718583
flat,B4_hierarchical_residual_pmf,residual_pmf,5388,0.04205512619052719,1.0460617928179219,0.04633179917738986,0.4205512619052719,0.020789096251618767,0.04939217112742572,1.018022781432867
flat,K0_B4_identity,calibration,5388,0.04205512619052719,1.0460617928179219,0.04633179917738986,0.4205512619052719,0.020789096251618767,0.04939217112742572,1.018022781432867
flat,K2_B4_monotone_cdf_projected,calibration,5388,0.04205512619052719,1.046061792817922,0.04633179917738986,0.4205512619052719,0.020789096251618792,0.04939217112742572,1.018022781432868
flat,B3_forecast_level_residual_pmf,residual_pmf,5388,0.04220317335913291,1.0486371793128413,0.046437525689145595,0.4220317335913291,0.012118969989128408,0.10726838667943295,1.0246833922883487
flat,B2_month_residual_pmf,residual_pmf,5388,0.04227124265715278,1.0503350145710306,0.04647208383345091,0.42271242657152786,0.01418891589580234,0.13103527613195876,1.0453967396840746
flat,B1_global_residual_pmf,residual_pmf,5388,0.042281594812751344,1.0512157006288618,0.046587663475131366,0.42281594812751355,0.018262132339924436,0.1011242573817529,1.0524311483463635
flat,P1_normal_mos,mos,5388,0.042305689782265905,1.0510114460863076,0.04667489660596904,0.423056897822659,0.025239999189691727,0.12292427914572968,1.0627799358693204
flat,P2_student_t_mos,mos,5388,0.0423865950097949,1.0559945639215698,0.04672600827752316,0.42386595009794903,0.03374578865770698,0.1100807989026168,1.11124148232979
flat,C1_multinomial_ridge,direct_classifier,5388,0.043055812067494585,1.0630984619637072,0.04707231819350184,0.43055812067494587,0.011085370432267297,0.04953984170805392,1.0865862877919088
flat,C2_ordinal_cdf_logistic,direct_classifier,5388,0.04345620103961656,1.0740370168832356,0.04723465576326373,0.43456201039616554,0.019807083262146388,0.10318218396209905,1.115354583042622
flat,B6_month_climatology_diagnostic,diagnostic,5388,0.0862955750659247,1.5619190726125654,0.05829721185120818,0.862955750659247,0.05980671077656009,0.1807987401082402,1.3730238574713858
flat,B0_climatology,baseline,5388,0.195360074137284,2.1292061007308165,0.07536034751261111,1.95360074137284,0.036253754727897734,0.04831286656748679,2.0087134669838025
up,B3_forecast_level_residual_pmf,residual_pmf,147,0.03355379534169674,0.8601803700914641,0.037996881272853715,0.33553795341696735,0.05416147858437437,0.710716662541502,0.9150181655700715
up,P1_normal_mos,mos,147,0.03359042777696163,0.8635274873654233,0.038493532132434394,0.3359042777696163,0.06139827952685686,0.19779391201954538,0.9083803451027185
up,P2_student_t_mos,mos,147,0.033724358765588575,0.870829198067584,0.038567448407440516,0.33724358765588575,0.06656098963835927,0.410546058034234,0.9554001573036001
up,B2_month_residual_pmf,residual_pmf,147,0.03372555879032446,0.8689574851216387,0.03811789707551897,0.3372555879032446,0.055984796662617936,0.4134684206838474,0.924801951015166
up,B5_kernel_analog_pmf,analog_pmf,147,0.03399718425665465,0.8813558392332345,0.0385515152998208,0.33997184256654656,0.05970313704669192,0.2351729346153767,0.9075454106131616
up,S1_conservative_simplex_stack,stack,147,0.0340714328362629,0.8689497203876564,0.038299378133718975,0.3407143283626289,0.07274671201674256,0.4376734560526255,0.9289931563791375
up,B1_global_residual_pmf,residual_pmf,147,0.03409473960163859,0.8728959569864865,0.038396979784267475,0.34094739601638596,0.04139567801497558,0.2671242055879771,0.916715734789797
up,C2_ordinal_cdf_logistic,direct_classifier,147,0.034118648925534394,0.9112561683723183,0.039469749703576314,0.3411864892553439,0.04044800240217762,0.34513047956065335,0.9837069249560657
up,B4_hierarchical_residual_pmf,residual_pmf,147,0.03424755297288743,0.8692981234109199,0.0383373983311695,0.3424755297288743,0.06394000186653766,0.4425110978251043,0.9166053909880733
up,K0_B4_identity,calibration,147,0.03424755297288743,0.8692981234109199,0.0383373983311695,0.3424755297288743,0.06394000186653766,0.4425110978251043,0.9166053909880733
up,K2_B4_monotone_cdf_projected,calibration,147,0.03424755297288743,0.8692981234109199,0.0383373983311695,0.3424755297288743,0.06394000186653774,0.4425110978251043,0.9166053909880745
up,K1_B4_power_calibrated,calibration,147,0.03433654938950526,0.8721201540435614,0.03841389926869983,0.34336549389505255,0.07781098214198032,0.6379143170067215,0.9347216067298739
up,C1_multinomial_ridge,direct_classifier,147,0.034596574800043266,0.9222812632051357,0.04024320243889815,0.34596574800043267,0.05595003886758739,0.638159885027884,0.9453536647420114
up,B6_month_climatology_diagnostic,diagnostic,147,0.07110177986030217,1.30789966724717,0.05010659211069486,0.7110177986030218,0.06802695255087296,0.1899637125753606,1.249469452543074
up,B0_climatology,baseline,147,0.1547388054703877,1.8813573648593942,0.06883121455789934,1.547388054703877,0.0646376048641882,0.10186041116444683,2.0076706622170275
