station_id,target_date_local,asof_utc,mu_hat_f,actual_tmax_f,residual_f,abs_residual_f
KNYC,2025-02-01,2025-01-31 12:00:00+00:00,45.6646625602945,48.0,2.335337439705498,2.335337439705498
KNYC,2025-02-02,2025-02-01 12:00:00+00:00,37.30517248746701,31.0,-6.305172487467011,6.305172487467011
KNYC,2025-02-03,2025-02-02 12:00:00+00:00,46.93925833318737,49.0,2.060741666812632,2.060741666812632
KNYC,2025-02-04,2025-02-03 12:00:00+00:00,45.836279478554275,47.0,1.1637205214457254,1.1637205214457254
KNYC,2025-02-05,2025-02-04 12:00:00+00:00,34.26405243690673,36.0,1.7359475630932693,1.7359475630932693
KNYC,2025-02-06,2025-02-05 12:00:00+00:00,41.862476004206236,38.0,-3.8624760042062363,3.8624760042062363
KNYC,2025-02-07,2025-02-06 12:00:00+00:00,41.55793700710347,43.0,1.4420629928965312,1.4420629928965312
KNYC,2025-02-08,2025-02-07 12:00:00+00:00,34.037648391537594,35.0,0.9623516084624057,0.9623516084624057
KNYC,2025-02-09,2025-02-08 12:00:00+00:00,38.386167406657115,36.0,-2.3861674066571155,2.3861674066571155
KNYC,2025-02-10,2025-02-09 12:00:00+00:00,35.17427067705801,37.0,1.8257293229419886,1.8257293229419886
KNYC,2025-02-11,2025-02-10 12:00:00+00:00,34.722154761625816,35.0,0.2778452383741836,0.2778452383741836
KNYC,2025-02-12,2025-02-11 12:00:00+00:00,37.93016319613429,36.0,-1.9301631961342878,1.9301631961342878
KNYC,2025-02-13,2025-02-12 12:00:00+00:00,48.24625549944073,46.0,-2.2462554994407284,2.2462554994407284
KNYC,2025-02-14,2025-02-13 12:00:00+00:00,35.45331263026527,36.0,0.5466873697347268,0.5466873697347268
KNYC,2025-02-15,2025-02-14 12:00:00+00:00,38.09930115505045,35.0,-3.0993011550504477,3.0993011550504477
KNYC,2025-02-16,2025-02-15 12:00:00+00:00,54.84962250603649,47.0,-7.849622506036489,7.849622506036489
KNYC,2025-02-17,2025-02-16 12:00:00+00:00,35.38563560043538,36.0,0.6143643995646215,0.6143643995646215
KNYC,2025-02-18,2025-02-17 12:00:00+00:00,24.809639008860547,27.0,2.1903609911394533,2.1903609911394533
KNYC,2025-02-19,2025-02-18 12:00:00+00:00,28.60107075348335,30.0,1.3989292465166514,1.3989292465166514
KNYC,2025-02-20,2025-02-19 12:00:00+00:00,25.343292856931257,29.0,3.6567071430687434,3.6567071430687434
KNYC,2025-02-21,2025-02-20 12:00:00+00:00,34.72516605711455,36.0,1.2748339428854507,1.2748339428854507
KNYC,2025-02-22,2025-02-21 12:00:00+00:00,39.553734656469494,39.0,-0.5537346564694943,0.5537346564694943
KNYC,2025-02-23,2025-02-22 12:00:00+00:00,45.52859257791187,46.0,0.47140742208812725,0.47140742208812725
KNYC,2025-02-24,2025-02-23 12:00:00+00:00,49.894628963534224,48.0,-1.894628963534224,1.894628963534224
KNYC,2025-02-25,2025-02-24 12:00:00+00:00,56.812547191231744,57.0,0.18745280876825632,0.18745280876825632
KNYC,2025-02-26,2025-02-25 12:00:00+00:00,54.47540690714172,56.0,1.5245930928582823,1.5245930928582823
KNYC,2025-02-27,2025-02-26 12:00:00+00:00,56.59721342730107,54.0,-2.597213427301071,2.597213427301071
KNYC,2025-02-28,2025-02-27 12:00:00+00:00,48.866184436014436,50.0,1.1338155639855643,1.1338155639855643
KNYC,2025-03-01,2025-02-28 12:00:00+00:00,55.26453887007181,64.0,8.73546112992819,8.73546112992819
KNYC,2025-03-02,2025-03-01 12:00:00+00:00,33.82427936676187,34.0,0.1757206332381287,0.1757206332381287
KNYC,2025-03-03,2025-03-02 12:00:00+00:00,39.06876752316432,39.0,-0.06876752316431833,0.06876752316431833
KNYC,2025-03-04,2025-03-03 12:00:00+00:00,53.455788126842045,52.0,-1.4557881268420445,1.4557881268420445
KNYC,2025-03-05,2025-03-04 12:00:00+00:00,56.992458485228475,54.0,-2.9924584852284752,2.9924584852284752
KNYC,2025-03-06,2025-03-05 12:00:00+00:00,55.17999460942339,55.0,-0.17999460942338885,0.17999460942338885
KNYC,2025-03-07,2025-03-06 12:00:00+00:00,48.51146739643128,50.0,1.4885326035687214,1.4885326035687214
KNYC,2025-03-08,2025-03-07 12:00:00+00:00,44.82908332002662,45.0,0.17091667997338078,0.17091667997338078
KNYC,2025-03-09,2025-03-08 12:00:00+00:00,50.898050611796144,53.0,2.101949388203856,2.101949388203856
KNYC,2025-03-10,2025-03-09 12:00:00+00:00,65.18257092136874,66.0,0.8174290786312639,0.8174290786312639
KNYC,2025-03-11,2025-03-10 12:00:00+00:00,66.58664423247423,65.0,-1.586644232474228,1.586644232474228
KNYC,2025-03-12,2025-03-11 12:00:00+00:00,54.39348406393786,55.0,0.6065159360621379,0.6065159360621379
KNYC,2025-03-13,2025-03-12 12:00:00+00:00,50.20543737099827,50.0,-0.20543737099826842,0.20543737099826842
KNYC,2025-03-14,2025-03-13 12:00:00+00:00,55.27007136807326,57.0,1.7299286319267395,1.7299286319267395
KNYC,2025-03-15,2025-03-14 12:00:00+00:00,54.57334479213545,49.0,-5.573344792135451,5.573344792135451
KNYC,2025-03-16,2025-03-15 12:00:00+00:00,67.31579428969306,61.0,-6.315794289693059,6.315794289693059
KNYC,2025-03-17,2025-03-16 12:00:00+00:00,60.656030358216256,59.0,-1.656030358216256,1.656030358216256
KNYC,2025-03-18,2025-03-17 12:00:00+00:00,60.61734671200022,61.0,0.38265328799977993,0.38265328799977993
KNYC,2025-03-19,2025-03-18 12:00:00+00:00,62.58232932145507,63.0,0.4176706785449298,0.4176706785449298
KNYC,2025-03-20,2025-03-19 12:00:00+00:00,56.13096116809166,52.0,-4.130961168091659,4.130961168091659
KNYC,2025-03-21,2025-03-20 12:00:00+00:00,55.2204113243337,51.0,-4.220411324333703,4.220411324333703
KNYC,2025-03-22,2025-03-21 12:00:00+00:00,60.67449324892533,64.0,3.32550675107467,3.32550675107467
KNYC,2025-03-23,2025-03-22 12:00:00+00:00,48.483575602360105,48.0,-0.483575602360105,0.483575602360105
KNYC,2025-03-24,2025-03-23 12:00:00+00:00,53.9492087109657,50.0,-3.9492087109656993,3.9492087109656993
KNYC,2025-03-25,2025-03-24 12:00:00+00:00,56.92523162415029,58.0,1.0747683758497075,1.0747683758497075
KNYC,2025-03-26,2025-03-25 12:00:00+00:00,50.60495291899208,53.0,2.3950470810079167,2.3950470810079167
KNYC,2025-03-27,2025-03-26 12:00:00+00:00,52.84740141429198,53.0,0.1525985857080201,0.1525985857080201
KNYC,2025-03-28,2025-03-27 12:00:00+00:00,61.373574093310914,63.0,1.6264259066890858,1.6264259066890858
KNYC,2025-03-29,2025-03-28 12:00:00+00:00,79.95737063352308,81.0,1.0426293664769162,1.0426293664769162
KNYC,2025-03-30,2025-03-29 12:00:00+00:00,56.157357870606894,48.0,-8.157357870606894,8.157357870606894
KNYC,2025-03-31,2025-03-30 12:00:00+00:00,73.35974674702906,73.0,-0.35974674702906384,0.35974674702906384
KNYC,2025-04-01,2025-03-31 12:00:00+00:00,61.515780636638475,58.0,-3.5157806366384747,3.5157806366384747
KNYC,2025-04-02,2025-04-01 12:00:00+00:00,45.62856737624038,49.0,3.371432623759617,3.371432623759617
KNYC,2025-04-03,2025-04-02 12:00:00+00:00,71.95518628365957,73.0,1.0448137163404283,1.0448137163404283
KNYC,2025-04-04,2025-04-03 12:00:00+00:00,69.63390492438347,73.0,3.3660950756165278,3.3660950756165278
KNYC,2025-04-05,2025-04-04 12:00:00+00:00,54.94405174021496,59.0,4.0559482597850405,4.0559482597850405
KNYC,2025-04-06,2025-04-05 12:00:00+00:00,56.99023709683227,56.0,-0.9902370968322671,0.9902370968322671
KNYC,2025-04-07,2025-04-06 12:00:00+00:00,47.5708601810329,50.0,2.4291398189671014,2.4291398189671014
KNYC,2025-04-08,2025-04-07 12:00:00+00:00,44.9406152463187,45.0,0.05938475368130014,0.05938475368130014
KNYC,2025-04-09,2025-04-08 12:00:00+00:00,47.08952346068896,49.0,1.9104765393110412,1.9104765393110412
KNYC,2025-04-10,2025-04-09 12:00:00+00:00,50.23953930073369,51.0,0.7604606992663108,0.7604606992663108
KNYC,2025-04-11,2025-04-10 12:00:00+00:00,47.142691418377595,46.0,-1.142691418377595,1.142691418377595
KNYC,2025-04-12,2025-04-11 12:00:00+00:00,43.15776205247281,40.0,-3.157762052472812,3.157762052472812
KNYC,2025-04-13,2025-04-12 12:00:00+00:00,55.817715547893854,58.0,2.1822844521061455,2.1822844521061455
KNYC,2025-04-14,2025-04-13 12:00:00+00:00,66.66502810447074,66.0,-0.6650281044707356,0.6650281044707356
KNYC,2025-04-15,2025-04-14 12:00:00+00:00,67.11121118778142,69.0,1.8887888122185785,1.8887888122185785
KNYC,2025-04-16,2025-04-15 12:00:00+00:00,52.3674231780895,50.0,-2.3674231780895028,2.3674231780895028
KNYC,2025-04-17,2025-04-16 12:00:00+00:00,63.21985733631945,64.0,0.7801426636805502,0.7801426636805502
KNYC,2025-04-18,2025-04-17 12:00:00+00:00,71.2907346373561,68.0,-3.2907346373560955,3.2907346373560955
KNYC,2025-04-19,2025-04-18 12:00:00+00:00,81.2490673631221,85.0,3.7509326368779057,3.7509326368779057
KNYC,2025-04-20,2025-04-19 12:00:00+00:00,73.20095840639597,73.0,-0.2009584063959693,0.2009584063959693
KNYC,2025-04-21,2025-04-20 12:00:00+00:00,56.31468527852209,57.0,0.6853147214779085,0.6853147214779085
KNYC,2025-04-22,2025-04-21 12:00:00+00:00,78.70508306603426,82.0,3.2949169339657374,3.2949169339657374
KNYC,2025-04-23,2025-04-22 12:00:00+00:00,75.87035786566565,76.0,0.1296421343343468,0.1296421343343468
KNYC,2025-04-24,2025-04-23 12:00:00+00:00,74.90025959245183,77.0,2.0997404075481683,2.0997404075481683
KNYC,2025-04-25,2025-04-24 12:00:00+00:00,77.53406374778113,77.0,-0.5340637477811327,0.5340637477811327
KNYC,2025-04-26,2025-04-25 12:00:00+00:00,73.52534291132969,74.0,0.47465708867031253,0.47465708867031253
KNYC,2025-04-27,2025-04-26 12:00:00+00:00,58.08081109393824,59.0,0.9191889060617626,0.9191889060617626
KNYC,2025-04-28,2025-04-27 12:00:00+00:00,76.89764928493464,76.0,-0.8976492849346442,0.8976492849346442
KNYC,2025-04-29,2025-04-28 12:00:00+00:00,80.977406121039,79.0,-1.977406121038996,1.977406121038996
KNYC,2025-04-30,2025-04-29 12:00:00+00:00,73.72526259705802,73.0,-0.7252625970580198,0.7252625970580198
KNYC,2025-05-01,2025-04-30 12:00:00+00:00,69.95005463234583,71.0,1.0499453676541748,1.0499453676541748
KNYC,2025-05-02,2025-05-01 12:00:00+00:00,82.504861350851,84.0,1.4951386491489984,1.4951386491489984
KNYC,2025-05-03,2025-05-02 12:00:00+00:00,80.88155866836085,85.0,4.118441331639147,4.118441331639147
KNYC,2025-05-04,2025-05-03 12:00:00+00:00,70.410595646604,69.0,-1.4105956466039942,1.4105956466039942
KNYC,2025-05-05,2025-05-04 12:00:00+00:00,64.85053307049385,61.0,-3.850533070493853,3.850533070493853
KNYC,2025-05-06,2025-05-05 12:00:00+00:00,66.67626150949579,64.0,-2.676261509495788,2.676261509495788
KNYC,2025-05-07,2025-05-06 12:00:00+00:00,75.4100855625262,74.0,-1.4100855625262056,1.4100855625262056
KNYC,2025-05-08,2025-05-07 12:00:00+00:00,74.31223502680548,78.0,3.6877649731945183,3.6877649731945183
KNYC,2025-05-09,2025-05-08 12:00:00+00:00,61.28813754637196,60.0,-1.2881375463719635,1.2881375463719635
KNYC,2025-05-10,2025-05-09 12:00:00+00:00,69.04535718579004,72.0,2.9546428142099614,2.9546428142099614
KNYC,2025-05-11,2025-05-10 12:00:00+00:00,76.3533744337664,77.0,0.6466255662335954,0.6466255662335954
KNYC,2025-05-12,2025-05-11 12:00:00+00:00,71.63376617377678,72.0,0.36623382622322254,0.36623382622322254
KNYC,2025-05-13,2025-05-12 12:00:00+00:00,70.03977099371102,69.0,-1.0397709937110164,1.0397709937110164
KNYC,2025-05-14,2025-05-13 12:00:00+00:00,63.594884878088024,62.0,-1.594884878088024,1.594884878088024
KNYC,2025-05-15,2025-05-14 12:00:00+00:00,71.89806273175499,69.0,-2.8980627317549903,2.8980627317549903
KNYC,2025-05-16,2025-05-15 12:00:00+00:00,75.3151807240682,72.0,-3.315180724068199,3.315180724068199
KNYC,2025-05-17,2025-05-16 12:00:00+00:00,82.25118527661735,82.0,-0.251185276617349,0.251185276617349
KNYC,2025-05-18,2025-05-17 12:00:00+00:00,71.47489486314292,73.0,1.5251051368570785,1.5251051368570785
KNYC,2025-05-19,2025-05-18 12:00:00+00:00,68.7909576642089,69.0,0.20904233579109643,0.20904233579109643
KNYC,2025-05-20,2025-05-19 12:00:00+00:00,66.77109139054919,67.0,0.22890860945081215,0.22890860945081215
KNYC,2025-05-21,2025-05-20 12:00:00+00:00,58.94950671840079,59.0,0.05049328159920918,0.05049328159920918
KNYC,2025-05-22,2025-05-21 12:00:00+00:00,54.759562855574224,51.0,-3.7595628555742238,3.7595628555742238
KNYC,2025-05-23,2025-05-22 12:00:00+00:00,62.59241393684236,63.0,0.40758606315763757,0.40758606315763757
KNYC,2025-05-24,2025-05-23 12:00:00+00:00,62.844728802047825,64.0,1.1552711979521746,1.1552711979521746
KNYC,2025-05-25,2025-05-24 12:00:00+00:00,68.02323233446857,66.0,-2.023232334468574,2.023232334468574
KNYC,2025-05-26,2025-05-25 12:00:00+00:00,73.09930134877982,73.0,-0.099301348779818,0.099301348779818
KNYC,2025-05-27,2025-05-26 12:00:00+00:00,73.92637184889499,74.0,0.07362815110501231,0.07362815110501231
KNYC,2025-05-28,2025-05-27 12:00:00+00:00,68.27948946678302,65.0,-3.2794894667830192,3.2794894667830192
KNYC,2025-05-29,2025-05-28 12:00:00+00:00,69.83780789082238,67.0,-2.8378078908223756,2.8378078908223756
KNYC,2025-05-30,2025-05-29 12:00:00+00:00,74.01595705279989,75.0,0.9840429472001091,0.9840429472001091
KNYC,2025-05-31,2025-05-30 12:00:00+00:00,69.44728899182965,67.0,-2.4472889918296516,2.4472889918296516
KNYC,2025-06-01,2025-05-31 12:00:00+00:00,67.2216338867734,66.0,-1.2216338867734038,1.2216338867734038
KNYC,2025-06-04,2025-06-03 12:00:00+00:00,84.64706969592353,83.0,-1.647069695923534,1.647069695923534
KNYC,2025-06-05,2025-06-04 12:00:00+00:00,89.89418203394816,87.0,-2.894182033948155,2.894182033948155
KNYC,2025-06-06,2025-06-05 12:00:00+00:00,84.8282945812035,84.0,-0.8282945812034939,0.8282945812034939
KNYC,2025-06-07,2025-06-06 12:00:00+00:00,75.22866156297012,76.0,0.7713384370298826,0.7713384370298826
KNYC,2025-06-08,2025-06-07 12:00:00+00:00,71.59233589861591,76.0,4.407664101384086,4.407664101384086
KNYC,2025-06-09,2025-06-08 12:00:00+00:00,68.55933973556532,64.0,-4.559339735565317,4.559339735565317
KNYC,2025-06-10,2025-06-09 12:00:00+00:00,74.65508427554603,73.0,-1.6550842755460309,1.6550842755460309
KNYC,2025-06-11,2025-06-10 12:00:00+00:00,83.19396662573823,81.0,-2.193966625738227,2.193966625738227
KNYC,2025-06-12,2025-06-11 12:00:00+00:00,88.14702038515654,87.0,-1.1470203851565373,1.1470203851565373
KNYC,2025-06-13,2025-06-12 12:00:00+00:00,78.98984565975107,78.0,-0.9898456597510688,0.9898456597510688
KNYC,2025-06-14,2025-06-13 12:00:00+00:00,67.58471216861554,68.0,0.415287831384461,0.415287831384461
KNYC,2025-06-15,2025-06-14 12:00:00+00:00,66.0578386882139,64.0,-2.0578386882139057,2.0578386882139057
KNYC,2025-06-16,2025-06-15 12:00:00+00:00,67.46673738825879,69.0,1.5332626117412076,1.5332626117412076
KNYC,2025-06-17,2025-06-16 12:00:00+00:00,70.59638643821417,67.0,-3.596386438214168,3.596386438214168
KNYC,2025-06-18,2025-06-17 12:00:00+00:00,81.28464630663784,83.0,1.715353693362161,1.715353693362161
KNYC,2025-06-19,2025-06-18 12:00:00+00:00,90.0402900462374,88.0,-2.040290046237402,2.040290046237402
KNYC,2025-06-20,2025-06-19 12:00:00+00:00,83.60141652426645,82.0,-1.6014165242664546,1.6014165242664546
KNYC,2025-06-21,2025-06-20 12:00:00+00:00,87.35953172523944,86.0,-1.3595317252394352,1.3595317252394352
KNYC,2025-06-22,2025-06-21 12:00:00+00:00,92.70505502224403,88.0,-4.705055022244025,4.705055022244025
KNYC,2025-06-23,2025-06-22 12:00:00+00:00,92.97657827739611,96.0,3.023421722603885,3.023421722603885
KNYC,2025-06-24,2025-06-23 12:00:00+00:00,94.00360485149889,99.0,4.996395148501108,4.996395148501108
KNYC,2025-06-25,2025-06-24 12:00:00+00:00,94.36065514280894,96.0,1.6393448571910625,1.6393448571910625
KNYC,2025-06-26,2025-06-25 12:00:00+00:00,82.68326913323439,85.0,2.31673086676561,2.31673086676561
KNYC,2025-06-27,2025-06-26 12:00:00+00:00,71.07383064862502,72.0,0.9261693513749805,0.9261693513749805
KNYC,2025-06-28,2025-06-27 12:00:00+00:00,84.7284879438144,83.0,-1.7284879438144003,1.7284879438144003
KNYC,2025-06-29,2025-06-28 12:00:00+00:00,90.09991604692448,89.0,-1.099916046924477,1.099916046924477
KNYC,2025-06-30,2025-06-29 12:00:00+00:00,88.27211310854925,90.0,1.7278868914507512,1.7278868914507512
KNYC,2025-07-01,2025-06-30 12:00:00+00:00,89.80283636268317,89.0,-0.8028363626831663,0.8028363626831663
KNYC,2025-07-02,2025-07-01 12:00:00+00:00,83.76512753804904,84.0,0.2348724619509568,0.2348724619509568
KNYC,2025-07-03,2025-07-02 12:00:00+00:00,89.79887707987095,88.0,-1.7988770798709481,1.7988770798709481
KNYC,2025-07-04,2025-07-03 12:00:00+00:00,83.98724827123084,83.0,-0.9872482712308397,0.9872482712308397
KNYC,2025-07-05,2025-07-04 12:00:00+00:00,85.82996774923478,84.0,-1.8299677492347826,1.8299677492347826
KNYC,2025-07-06,2025-07-05 12:00:00+00:00,90.18125470594745,87.0,-3.1812547059474525,3.1812547059474525
KNYC,2025-07-07,2025-07-06 12:00:00+00:00,85.85293790471977,87.0,1.1470620952802335,1.1470620952802335
KNYC,2025-07-08,2025-07-07 12:00:00+00:00,92.13988502813378,93.0,0.8601149718662242,0.8601149718662242
KNYC,2025-07-09,2025-07-08 12:00:00+00:00,89.45727180032895,90.0,0.5427281996710462,0.5427281996710462
KNYC,2025-07-10,2025-07-09 12:00:00+00:00,82.17796206137223,84.0,1.8220379386277727,1.8220379386277727
KNYC,2025-07-11,2025-07-10 12:00:00+00:00,87.50607861832815,84.0,-3.5060786183281465,3.5060786183281465
KNYC,2025-07-12,2025-07-11 12:00:00+00:00,86.03311458398626,83.0,-3.0331145839862614,3.0331145839862614
KNYC,2025-07-13,2025-07-12 12:00:00+00:00,82.7037631506459,83.0,0.2962368493541021,0.2962368493541021
KNYC,2025-07-14,2025-07-13 12:00:00+00:00,84.45844739853511,85.0,0.5415526014648862,0.5415526014648862
KNYC,2025-07-15,2025-07-14 12:00:00+00:00,86.05593957221987,86.0,-0.055939572219870115,0.055939572219870115
KNYC,2025-07-16,2025-07-15 12:00:00+00:00,88.32980310192288,87.0,-1.3298031019228773,1.3298031019228773
KNYC,2025-07-17,2025-07-16 12:00:00+00:00,89.76817803461218,90.0,0.23182196538782307,0.23182196538782307
KNYC,2025-07-18,2025-07-17 12:00:00+00:00,84.15882004967126,82.0,-2.158820049671263,2.158820049671263
KNYC,2025-07-19,2025-07-18 12:00:00+00:00,82.66740478924307,81.0,-1.667404789243065,1.667404789243065
KNYC,2025-07-20,2025-07-19 12:00:00+00:00,89.00941785453512,88.0,-1.0094178545351156,1.0094178545351156
KNYC,2025-07-21,2025-07-20 12:00:00+00:00,82.15606400209028,85.0,2.8439359979097247,2.8439359979097247
KNYC,2025-07-22,2025-07-21 12:00:00+00:00,80.34541288685945,81.0,0.6545871131405505,0.6545871131405505
KNYC,2025-07-23,2025-07-22 12:00:00+00:00,82.64058032867489,80.0,-2.6405803286748863,2.6405803286748863
KNYC,2025-07-24,2025-07-23 12:00:00+00:00,85.56567512726271,87.0,1.4343248727372924,1.4343248727372924
KNYC,2025-07-25,2025-07-24 12:00:00+00:00,92.93150095949291,95.0,2.068499040507092,2.068499040507092
KNYC,2025-07-26,2025-07-25 12:00:00+00:00,86.3131680301513,85.0,-1.313168030151303,1.313168030151303
KNYC,2025-07-27,2025-07-26 12:00:00+00:00,80.44932328205313,84.0,3.550676717946871,3.550676717946871
KNYC,2025-07-28,2025-07-27 12:00:00+00:00,93.75389843930863,94.0,0.2461015606913719,0.2461015606913719
KNYC,2025-07-29,2025-07-28 12:00:00+00:00,93.75312692852296,97.0,3.24687307147704,3.24687307147704
KNYC,2025-07-30,2025-07-29 12:00:00+00:00,93.5652329334714,95.0,1.4347670665285932,1.4347670665285932
KNYC,2025-07-31,2025-07-30 12:00:00+00:00,84.2219521916248,89.0,4.778047808375206,4.778047808375206
KNYC,2025-08-01,2025-07-31 12:00:00+00:00,74.87426828280827,73.0,-1.8742682828082735,1.8742682828082735
KNYC,2025-08-02,2025-08-01 12:00:00+00:00,81.3088080450525,80.0,-1.3088080450525013,1.3088080450525013
KNYC,2025-08-03,2025-08-02 12:00:00+00:00,83.18530698586693,84.0,0.8146930141330699,0.8146930141330699
KNYC,2025-08-04,2025-08-03 12:00:00+00:00,88.56290823752602,89.0,0.4370917624739832,0.4370917624739832
KNYC,2025-08-05,2025-08-04 12:00:00+00:00,85.53224522883049,86.0,0.4677547711695098,0.4677547711695098
KNYC,2025-08-06,2025-08-05 12:00:00+00:00,82.5350559194279,79.0,-3.5350559194279043,3.5350559194279043
KNYC,2025-08-07,2025-08-06 12:00:00+00:00,80.89320016419472,81.0,0.10679983580527619,0.10679983580527619
KNYC,2025-08-08,2025-08-07 12:00:00+00:00,80.85200638117301,82.0,1.1479936188269875,1.1479936188269875
KNYC,2025-08-09,2025-08-08 12:00:00+00:00,83.92278093603316,85.0,1.0772190639668366,1.0772190639668366
KNYC,2025-08-10,2025-08-09 12:00:00+00:00,87.34798582419214,90.0,2.6520141758078637,2.6520141758078637
KNYC,2025-08-11,2025-08-10 12:00:00+00:00,89.08676973203868,89.0,-0.08676973203867533,0.08676973203867533
KNYC,2025-08-12,2025-08-11 12:00:00+00:00,88.60061051669376,91.0,2.399389483306237,2.399389483306237
KNYC,2025-08-13,2025-08-12 12:00:00+00:00,88.13654188915145,89.0,0.8634581108485548,0.8634581108485548
KNYC,2025-08-14,2025-08-13 12:00:00+00:00,86.14482842831039,89.0,2.8551715716896098,2.8551715716896098
KNYC,2025-08-15,2025-08-14 12:00:00+00:00,86.67594732126885,89.0,2.3240526787311495,2.3240526787311495
KNYC,2025-08-16,2025-08-15 12:00:00+00:00,83.3363035592952,84.0,0.6636964407047969,0.6636964407047969
KNYC,2025-08-17,2025-08-16 12:00:00+00:00,89.83812674497621,91.0,1.1618732550237922,1.1618732550237922
KNYC,2025-08-18,2025-08-17 12:00:00+00:00,76.52324056450452,75.0,-1.523240564504519,1.523240564504519
KNYC,2025-08-19,2025-08-18 12:00:00+00:00,76.45436402536667,77.0,0.5456359746333277,0.5456359746333277
KNYC,2025-08-20,2025-08-19 12:00:00+00:00,73.98964188433895,70.0,-3.989641884338951,3.989641884338951
KNYC,2025-08-21,2025-08-20 12:00:00+00:00,72.44525956480655,72.0,-0.44525956480654827,0.44525956480654827
KNYC,2025-08-22,2025-08-21 12:00:00+00:00,83.58442726016001,83.0,-0.5844272601600125,0.5844272601600125
KNYC,2025-08-23,2025-08-22 12:00:00+00:00,83.55484234080136,82.0,-1.5548423408013576,1.5548423408013576
KNYC,2025-08-24,2025-08-23 12:00:00+00:00,82.16632582741696,80.0,-2.166325827416955,2.166325827416955
KNYC,2025-08-25,2025-08-24 12:00:00+00:00,85.49380624225749,86.0,0.5061937577425084,0.5061937577425084
KNYC,2025-08-26,2025-08-25 12:00:00+00:00,80.13398106351968,79.0,-1.133981063519684,1.133981063519684
KNYC,2025-08-27,2025-08-26 12:00:00+00:00,77.74780245301606,75.0,-2.747802453016064,2.747802453016064
KNYC,2025-08-28,2025-08-27 12:00:00+00:00,79.0908537614177,78.0,-1.090853761417705,1.090853761417705
KNYC,2025-08-29,2025-08-28 12:00:00+00:00,79.5460789385872,78.0,-1.5460789385872005,1.5460789385872005
KNYC,2025-08-30,2025-08-29 12:00:00+00:00,76.3931198586385,76.0,-0.3931198586384994,0.3931198586384994
KNYC,2025-08-31,2025-08-30 12:00:00+00:00,78.90137371152488,79.0,0.09862628847511701,0.09862628847511701
KNYC,2025-09-01,2025-08-31 12:00:00+00:00,77.55299390020414,78.0,0.4470060997958569,0.4470060997958569
KNYC,2025-09-02,2025-09-01 12:00:00+00:00,77.92346019611627,79.0,1.0765398038837333,1.0765398038837333
KNYC,2025-09-03,2025-09-02 12:00:00+00:00,78.65894609174495,79.0,0.34105390825504855,0.34105390825504855
KNYC,2025-09-04,2025-09-03 12:00:00+00:00,78.80990260326723,77.0,-1.8099026032672327,1.8099026032672327
KNYC,2025-09-05,2025-09-04 12:00:00+00:00,83.09032647376105,82.0,-1.0903264737610527,1.0903264737610527
KNYC,2025-09-06,2025-09-05 12:00:00+00:00,83.35450416522436,86.0,2.6454958347756445,2.6454958347756445
KNYC,2025-09-07,2025-09-06 12:00:00+00:00,72.92892854883432,69.0,-3.928928548834321,3.928928548834321
KNYC,2025-09-08,2025-09-07 12:00:00+00:00,74.27854014408341,73.0,-1.2785401440834079,1.2785401440834079
KNYC,2025-09-09,2025-09-08 12:00:00+00:00,74.31052043540734,73.0,-1.3105204354073408,1.3105204354073408
KNYC,2025-09-10,2025-09-09 12:00:00+00:00,69.29432043040009,73.0,3.7056795695999085,3.7056795695999085
KNYC,2025-09-11,2025-09-10 12:00:00+00:00,79.96666451125913,79.0,-0.9666645112591254,0.9666645112591254
KNYC,2025-09-12,2025-09-11 12:00:00+00:00,76.86853416138672,78.0,1.1314658386132805,1.1314658386132805
KNYC,2025-09-13,2025-09-12 12:00:00+00:00,77.97336428900354,77.0,-0.9733642890035412,0.9733642890035412
KNYC,2025-09-14,2025-09-13 12:00:00+00:00,81.58540492706204,81.0,-0.5854049270620436,0.5854049270620436
KNYC,2025-09-15,2025-09-14 12:00:00+00:00,79.57592380012316,79.0,-0.5759238001231637,0.5759238001231637
KNYC,2025-09-16,2025-09-15 12:00:00+00:00,74.97130500727162,74.0,-0.9713050072716243,0.9713050072716243
KNYC,2025-09-17,2025-09-16 12:00:00+00:00,69.23663869341539,70.0,0.7633613065846134,0.7633613065846134
KNYC,2025-09-18,2025-09-17 12:00:00+00:00,82.37415400307029,83.0,0.6258459969297121,0.6258459969297121
KNYC,2025-09-19,2025-09-18 12:00:00+00:00,83.25239548185081,84.0,0.7476045181491884,0.7476045181491884
KNYC,2025-09-20,2025-09-19 12:00:00+00:00,73.67608331727294,73.0,-0.6760833172729406,0.6760833172729406
KNYC,2025-09-21,2025-09-20 12:00:00+00:00,69.97896484644212,71.0,1.0210351535578752,1.0210351535578752
KNYC,2025-09-22,2025-09-21 12:00:00+00:00,75.87136827265638,73.0,-2.871368272656383,2.871368272656383
KNYC,2025-09-23,2025-09-22 12:00:00+00:00,81.37842923980566,83.0,1.621570760194345,1.621570760194345
KNYC,2025-09-24,2025-09-23 12:00:00+00:00,77.9864007543451,80.0,2.013599245654902,2.013599245654902
KNYC,2025-09-25,2025-09-24 12:00:00+00:00,75.48961866426453,77.0,1.5103813357354738,1.5103813357354738
KNYC,2025-09-26,2025-09-25 12:00:00+00:00,78.70278946714977,82.0,3.2972105328502295,3.2972105328502295
KNYC,2025-09-27,2025-09-26 12:00:00+00:00,77.46290872082005,79.0,1.537091279179947,1.537091279179947
KNYC,2025-09-28,2025-09-27 12:00:00+00:00,81.30545742355429,83.0,1.6945425764457127,1.6945425764457127
KNYC,2025-09-29,2025-09-28 12:00:00+00:00,78.83164861468427,78.0,-0.8316486146842692,0.8316486146842692
KNYC,2025-09-30,2025-09-29 12:00:00+00:00,79.93861524480359,81.0,1.0613847551964142,1.0613847551964142
KNYC,2025-10-01,2025-09-30 12:00:00+00:00,66.62952933160632,69.0,2.370470668393679,2.370470668393679
KNYC,2025-10-02,2025-10-01 12:00:00+00:00,64.81529396879269,66.0,1.1847060312073125,1.1847060312073125
KNYC,2025-10-03,2025-10-02 12:00:00+00:00,71.74437654407738,71.0,-0.7443765440773831,0.7443765440773831
KNYC,2025-10-04,2025-10-03 12:00:00+00:00,81.90924680035612,82.0,0.09075319964388484,0.09075319964388484
KNYC,2025-10-05,2025-10-04 12:00:00+00:00,82.30935969567967,84.0,1.6906403043203255,1.6906403043203255
KNYC,2025-10-06,2025-10-05 12:00:00+00:00,80.28142414191137,80.0,-0.28142414191137277,0.28142414191137277
KNYC,2025-10-07,2025-10-06 12:00:00+00:00,79.63570794591298,80.0,0.3642920540870165,0.3642920540870165
KNYC,2025-10-08,2025-10-07 12:00:00+00:00,70.63340358273504,72.0,1.366596417264958,1.366596417264958
KNYC,2025-10-09,2025-10-08 12:00:00+00:00,59.527218941712086,59.0,-0.5272189417120856,0.5272189417120856
KNYC,2025-10-10,2025-10-09 12:00:00+00:00,61.81643290641124,62.0,0.18356709358876344,0.18356709358876344
KNYC,2025-10-11,2025-10-10 12:00:00+00:00,66.11154668903687,64.0,-2.111546689036871,2.111546689036871
KNYC,2025-10-12,2025-10-11 12:00:00+00:00,62.32771019640205,63.0,0.6722898035979483,0.6722898035979483
KNYC,2025-10-13,2025-10-12 12:00:00+00:00,59.348535865370415,58.0,-1.3485358653704154,1.3485358653704154
KNYC,2025-10-14,2025-10-13 12:00:00+00:00,61.56721996806363,61.0,-0.5672199680636325,0.5672199680636325
KNYC,2025-10-15,2025-10-14 12:00:00+00:00,64.29806914538933,68.0,3.7019308546106657,3.7019308546106657
KNYC,2025-10-16,2025-10-15 12:00:00+00:00,58.59231018960791,61.0,2.4076898103920925,2.4076898103920925
KNYC,2025-10-17,2025-10-16 12:00:00+00:00,61.004125259326024,63.0,1.995874740673976,1.995874740673976
KNYC,2025-10-18,2025-10-17 12:00:00+00:00,64.20271578437755,65.0,0.7972842156224544,0.7972842156224544
KNYC,2025-10-19,2025-10-18 12:00:00+00:00,71.10028657330434,70.0,-1.100286573304345,1.100286573304345
KNYC,2025-10-20,2025-10-19 12:00:00+00:00,65.43493308387194,68.0,2.5650669161280604,2.5650669161280604
KNYC,2025-10-21,2025-10-20 12:00:00+00:00,66.04902933508599,66.0,-0.049029335085990056,0.049029335085990056
KNYC,2025-10-22,2025-10-21 12:00:00+00:00,62.93269318661271,62.0,-0.9326931866127097,0.9326931866127097
KNYC,2025-10-23,2025-10-22 12:00:00+00:00,59.69316325252429,60.0,0.3068367474757068,0.3068367474757068
KNYC,2025-10-24,2025-10-23 12:00:00+00:00,59.664798784855414,59.0,-0.6647987848554138,0.6647987848554138
KNYC,2025-10-25,2025-10-24 12:00:00+00:00,58.04319851430149,58.0,-0.04319851430148702,0.04319851430148702
KNYC,2025-10-26,2025-10-25 12:00:00+00:00,57.85181990593621,59.0,1.1481800940637896,1.1481800940637896
KNYC,2025-10-27,2025-10-26 12:00:00+00:00,55.72219408114667,55.0,-0.722194081146668,0.722194081146668
KNYC,2025-10-28,2025-10-27 12:00:00+00:00,57.1528937739759,54.0,-3.1528937739758973,3.1528937739758973
KNYC,2025-10-29,2025-10-28 12:00:00+00:00,56.156384693704894,56.0,-0.1563846937048936,0.1563846937048936
KNYC,2025-10-30,2025-10-29 12:00:00+00:00,60.390076464971656,63.0,2.6099235350283436,2.6099235350283436
KNYC,2025-10-31,2025-10-30 12:00:00+00:00,59.126263410181274,58.0,-1.1262634101812736,1.1262634101812736
KNYC,2025-11-01,2025-10-31 12:00:00+00:00,55.95997647011385,58.0,2.040023529886149,2.040023529886149
KNYC,2025-11-02,2025-11-01 12:00:00+00:00,58.630588763786506,59.0,0.3694112362134945,0.3694112362134945
KNYC,2025-11-03,2025-11-02 12:00:00+00:00,59.487206754210746,59.0,-0.4872067542107459,0.4872067542107459
KNYC,2025-11-04,2025-11-03 12:00:00+00:00,59.23945169568797,59.0,-0.23945169568796842,0.23945169568796842
KNYC,2025-11-05,2025-11-04 12:00:00+00:00,62.36170127434507,66.0,3.638298725654927,3.638298725654927
KNYC,2025-11-06,2025-11-05 12:00:00+00:00,56.28589004853852,57.0,0.7141099514614808,0.7141099514614808
KNYC,2025-11-07,2025-11-06 12:00:00+00:00,59.33029310821266,61.0,1.6697068917873423,1.6697068917873423
KNYC,2025-11-08,2025-11-07 12:00:00+00:00,61.29203831861642,65.0,3.70796168138358,3.70796168138358
KNYC,2025-11-09,2025-11-08 12:00:00+00:00,59.24131732177722,63.0,3.758682678222783,3.758682678222783
KNYC,2025-11-10,2025-11-09 12:00:00+00:00,60.46253841290896,59.0,-1.4625384129089625,1.4625384129089625
KNYC,2025-11-11,2025-11-10 12:00:00+00:00,41.99248982364083,41.0,-0.992489823640831,0.992489823640831
KNYC,2025-11-12,2025-11-11 12:00:00+00:00,50.584895372839355,50.0,-0.5848953728393553,0.5848953728393553
KNYC,2025-11-13,2025-11-12 12:00:00+00:00,53.59270179576424,51.0,-2.592701795764242,2.592701795764242
KNYC,2025-11-14,2025-11-13 12:00:00+00:00,50.64267222606342,51.0,0.3573277739365821,0.3573277739365821
KNYC,2025-11-15,2025-11-14 12:00:00+00:00,53.72514941575832,50.0,-3.7251494157583167,3.7251494157583167
KNYC,2025-11-16,2025-11-15 12:00:00+00:00,55.31174328073672,56.0,0.6882567192632791,0.6882567192632791
KNYC,2025-11-17,2025-11-16 12:00:00+00:00,45.07703237491921,44.0,-1.077032374919213,1.077032374919213
KNYC,2025-11-18,2025-11-17 12:00:00+00:00,47.57564678555197,45.0,-2.5756467855519674,2.5756467855519674
KNYC,2025-11-19,2025-11-18 12:00:00+00:00,48.387028639845596,47.0,-1.387028639845596,1.387028639845596
KNYC,2025-11-20,2025-11-19 12:00:00+00:00,49.826937685445216,47.0,-2.826937685445216,2.826937685445216
KNYC,2025-11-21,2025-11-20 12:00:00+00:00,54.28905604095287,52.0,-2.2890560409528717,2.2890560409528717
KNYC,2025-11-22,2025-11-21 12:00:00+00:00,52.08346059396,52.0,-0.08346059395999816,0.08346059395999816
KNYC,2025-11-23,2025-11-22 12:00:00+00:00,50.12010281757554,49.0,-1.1201028175755425,1.1201028175755425
KNYC,2025-11-24,2025-11-23 12:00:00+00:00,52.4755560700468,52.0,-0.47555607004679956,0.47555607004679956
KNYC,2025-11-25,2025-11-24 12:00:00+00:00,55.771660035638966,58.0,2.2283399643610338,2.2283399643610338
KNYC,2025-11-26,2025-11-25 12:00:00+00:00,61.01647938584158,59.0,-2.0164793858415777,2.0164793858415777
KNYC,2025-11-27,2025-11-26 12:00:00+00:00,46.48723626528766,49.0,2.512763734712337,2.512763734712337
KNYC,2025-11-28,2025-11-27 12:00:00+00:00,43.825727724847106,43.0,-0.8257277248471055,0.8257277248471055
KNYC,2025-11-29,2025-11-28 12:00:00+00:00,44.59619119507241,42.0,-2.5961911950724073,2.5961911950724073
KNYC,2025-11-30,2025-11-29 12:00:00+00:00,48.941837318279184,47.0,-1.941837318279184,1.941837318279184
KNYC,2025-12-01,2025-11-30 12:00:00+00:00,41.37324570786661,43.0,1.6267542921333913,1.6267542921333913
KNYC,2025-12-02,2025-12-01 12:00:00+00:00,44.10132819770325,40.0,-4.101328197703253,4.101328197703253
KNYC,2025-12-03,2025-12-02 12:00:00+00:00,41.553597094530055,41.0,-0.5535970945300548,0.5535970945300548
KNYC,2025-12-04,2025-12-03 12:00:00+00:00,39.868797153260665,41.0,1.1312028467393347,1.1312028467393347
KNYC,2025-12-05,2025-12-04 12:00:00+00:00,33.78709845078595,32.0,-1.7870984507859475,1.7870984507859475
KNYC,2025-12-06,2025-12-05 12:00:00+00:00,41.49249219743996,42.0,0.5075078025600419,0.5075078025600419
KNYC,2025-12-07,2025-12-06 12:00:00+00:00,41.54595096798552,43.0,1.4540490320144812,1.4540490320144812
KNYC,2025-12-08,2025-12-07 12:00:00+00:00,31.416327188090293,38.0,6.583672811909707,6.583672811909707
KNYC,2025-12-09,2025-12-08 12:00:00+00:00,34.72524959839108,35.0,0.2747504016089195,0.2747504016089195
KNYC,2025-12-10,2025-12-09 12:00:00+00:00,45.51619669831589,47.0,1.4838033016841123,1.4838033016841123
KNYC,2025-12-11,2025-12-10 12:00:00+00:00,40.7892989739763,41.0,0.210701026023699,0.210701026023699
KNYC,2025-12-12,2025-12-11 12:00:00+00:00,34.297210330752925,35.0,0.7027896692470748,0.7027896692470748
KNYC,2025-12-13,2025-12-12 12:00:00+00:00,41.091654649966735,41.0,-0.09165464996673478,0.09165464996673478
KNYC,2025-12-14,2025-12-13 12:00:00+00:00,31.27514303052827,33.0,1.7248569694717304,1.7248569694717304
KNYC,2025-12-15,2025-12-14 12:00:00+00:00,25.525377256565925,29.0,3.4746227434340753,3.4746227434340753
KNYC,2025-12-16,2025-12-15 12:00:00+00:00,32.460586866139444,32.0,-0.4605868661394439,0.4605868661394439
KNYC,2025-12-17,2025-12-16 12:00:00+00:00,45.357434624905025,47.0,1.642565375094975,1.642565375094975
KNYC,2025-12-18,2025-12-17 12:00:00+00:00,49.90183767357324,50.0,0.0981623264267597,0.0981623264267597
KNYC,2025-12-19,2025-12-18 12:00:00+00:00,59.845185420355655,58.0,-1.845185420355655,1.845185420355655
KNYC,2025-12-20,2025-12-19 12:00:00+00:00,40.11673751883914,38.0,-2.1167375188391375,2.1167375188391375
KNYC,2025-12-21,2025-12-20 12:00:00+00:00,43.754346753510966,46.0,2.2456532464890344,2.2456532464890344
KNYC,2025-12-22,2025-12-21 12:00:00+00:00,39.43216396349212,39.0,-0.4321639634921226,0.4321639634921226
KNYC,2025-12-23,2025-12-22 12:00:00+00:00,38.909156246719206,40.0,1.0908437532807937,1.0908437532807937
KNYC,2025-12-24,2025-12-23 12:00:00+00:00,43.4798513798727,46.0,2.5201486201273013,2.5201486201273013
KNYC,2025-12-25,2025-12-24 12:00:00+00:00,47.42187190120462,49.0,1.578128098795382,1.578128098795382
KNYC,2025-12-26,2025-12-25 12:00:00+00:00,27.763592741479414,29.0,1.236407258520586,1.236407258520586
KNYC,2025-12-27,2025-12-26 12:00:00+00:00,33.667781982685035,31.0,-2.6677819826850353,2.6677819826850353
KNYC,2025-12-28,2025-12-27 12:00:00+00:00,38.51009505509754,39.0,0.48990494490246306,0.48990494490246306
KNYC,2025-12-29,2025-12-28 12:00:00+00:00,51.70962718785256,49.0,-2.7096271878525613,2.7096271878525613
KNYC,2025-12-30,2025-12-29 12:00:00+00:00,32.356129443838505,33.0,0.6438705561614952,0.6438705561614952
KNYC,2025-12-31,2025-12-30 12:00:00+00:00,34.47606852181856,33.0,-1.4760685218185614,1.4760685218185614
