target_month,method,family,row_count,rps,nll,brier,crps,ece,mce,entropy
1,P1_normal_mos,mos,496,0.0014623285715606677,0.044151445823718084,0.002127246515494865,0.014623285715606678,0.006013780780441307,0.3022537467878588,0.05281101927274919
1,C2_ordinal_cdf_logistic,direct_classifier,496,0.0014677596912830223,0.050694051809387505,0.0021519224001283815,0.014677596912830224,0.010221820253689905,0.47099170586418326,0.08734174426295285
1,P2_student_t_mos,mos,496,0.0014707696842048523,0.04635603085682778,0.002130286304730447,0.014707696842048526,0.00788834679968353,0.2943637058297144,0.0666480846185711
1,B1_global_residual_pmf,residual_pmf,496,0.0015038966960831926,0.04588782838175536,0.002149436506098818,0.01503896696083193,0.007250567483993824,0.3317978000543738,0.059231632551012756
1,B3_forecast_level_residual_pmf,residual_pmf,496,0.0015042985332990148,0.04757948644398561,0.0021369241631782315,0.015042985332990156,0.007586626387612863,0.32670865713375363,0.07269177615868622
1,B5_kernel_analog_pmf,analog_pmf,496,0.0015146398202088797,0.046753903163773,0.0021844534803866582,0.015146398202088802,0.012007630224245096,0.5856270736100253,0.060666909182966945
1,C1_multinomial_ridge,direct_classifier,496,0.001530142702682402,0.053164759639291626,0.002192637549456438,0.015301427026824025,0.01079939184465515,0.49103845493871545,0.0943289301734111
1,B2_month_residual_pmf,residual_pmf,496,0.0015310880488837325,0.04529021150026013,0.0021661417441853088,0.015310880488837327,0.005780821642990442,0.3217336864804982,0.05435600102414599
1,S1_conservative_simplex_stack,stack,496,0.0015499138638314861,0.047234384457047966,0.0022102827778698597,0.015499138638314862,0.006440046793221856,0.31971113822243347,0.06220710904693779
1,B4_hierarchical_residual_pmf,residual_pmf,496,0.0015588581453301984,0.04617349927344289,0.002224112214203413,0.01558858145330199,0.005005194617087734,0.3218772544551645,0.050716312071016685
1,K0_B4_identity,calibration,496,0.0015588581453301984,0.04617349927344289,0.002224112214203413,0.01558858145330199,0.005005194617087734,0.3218772544551645,0.050716312071016685
1,K2_B4_monotone_cdf_projected,calibration,496,0.0015588581453301988,0.04617349927344307,0.0022241122142034136,0.01558858145330199,0.005005194617088055,0.32187725445516446,0.050716312071019856
1,K1_B4_power_calibrated,calibration,496,0.0015673199203455688,0.04648559294565749,0.0022257167879974277,0.015673199203455702,0.01091972031422316,0.30015453848488816,0.054121032514799765
1,B6_month_climatology_diagnostic,diagnostic,496,0.0016015581683841197,0.09116324851735834,0.0025485134170500716,0.016015581683841196,0.006503557861864295,0.006503557861864295,0.04975139886652623
1,B0_climatology,baseline,496,0.14080793206274006,0.954430660675492,0.037697862648898385,1.4080793206274003,0.5887228985461422,0.5973642305608354,2.0101791709446597
2,B5_kernel_analog_pmf,analog_pmf,452,0.007937469481411193,0.24355456661339167,0.012116146872384477,0.07937469481411195,0.031690100908217056,0.7227742861626412,0.24429049768985833
2,B3_forecast_level_residual_pmf,residual_pmf,452,0.007943330243064562,0.24450877909434382,0.012151883499925362,0.07943330243064561,0.030665856803292202,0.500788290227044,0.23699491202924705
2,K1_B4_power_calibrated,calibration,452,0.007989678956136108,0.24739947562751405,0.012144109878586872,0.07989678956136112,0.02269075452434649,0.38575622869271486,0.2674578028620874
2,B4_hierarchical_residual_pmf,residual_pmf,452,0.007994114619629018,0.24666982539518087,0.012179288289961735,0.07994114619629022,0.02440383281642472,0.3779747489175401,0.25503388072221383
2,K0_B4_identity,calibration,452,0.007994114619629018,0.24666982539518087,0.012179288289961735,0.07994114619629022,0.02440383281642472,0.3779747489175401,0.25503388072221383
2,K2_B4_monotone_cdf_projected,calibration,452,0.007994114619629018,0.24666982539518098,0.012179288289961737,0.07994114619629021,0.02440383281642489,0.3779747489175401,0.25503388072221644
2,S1_conservative_simplex_stack,stack,452,0.00799969791960474,0.24731677234666638,0.012194180607762447,0.07999697919604741,0.026535677121441927,0.38001286896177067,0.2603053147807669
2,B2_month_residual_pmf,residual_pmf,452,0.008042021831881596,0.2506066260238445,0.012272938173654973,0.08042021831881599,0.029714533456404516,0.39473190677164854,0.26755375224291655
2,B1_global_residual_pmf,residual_pmf,452,0.008116440424453013,0.24755024964798442,0.01245181401166729,0.08116440424453014,0.03988628472451792,0.3365834339424805,0.211317430831459
2,C1_multinomial_ridge,direct_classifier,452,0.00824111716954349,0.2506237327301652,0.012501863232261537,0.08241117169543491,0.03443535355476112,0.30042602323050677,0.2473438169705654
2,P2_student_t_mos,mos,452,0.00829332915068813,0.2502841872680649,0.01260542982250009,0.08293329150688132,0.039623381798173186,0.5553851183118891,0.21876213911239062
2,P1_normal_mos,mos,452,0.00831535804726682,0.2481704861272254,0.012610719424239763,0.08315358047266821,0.042570350522218144,0.5565654748308686,0.19666724218150108
2,C2_ordinal_cdf_logistic,direct_classifier,452,0.008435917772847891,0.25540435941289946,0.012697370980671308,0.08435917772847891,0.03156571388938939,0.23317977200723117,0.24430702173982222
2,B6_month_climatology_diagnostic,diagnostic,452,0.01589989011530351,0.4767785399674479,0.01938066159379406,0.15899890115303497,0.040845769955026645,0.040845769955026645,0.34035463236007074
2,B0_climatology,baseline,452,0.13810135007500524,1.1638198568248561,0.0439998581517794,1.3810135007500521,0.487789732519203,0.5215260375812241,2.0101688791414323
3,B5_kernel_analog_pmf,analog_pmf,496,0.028054984586901952,0.6959260836336645,0.03087074204120495,0.2805498458690196,0.028158569542887965,0.2599839201105202,0.7093824083645645
3,P2_student_t_mos,mos,496,0.02812768527385507,0.6946275610989892,0.030730851030667555,0.2812768527385507,0.030715473280102684,0.36561942152424715,0.6414889565275319
3,B2_month_residual_pmf,residual_pmf,496,0.028145076051681716,0.696003285221031,0.03051460625285092,0.2814507605168171,0.046671928799996355,0.2711307646929532,0.7178071482579708
3,B3_forecast_level_residual_pmf,residual_pmf,496,0.0281577923681127,0.6961031013074732,0.030701069857741726,0.281577923681127,0.04027574028553801,0.460716662541502,0.6561198071940308
3,S1_conservative_simplex_stack,stack,496,0.028179455425114,0.699177162064585,0.030678470350653048,0.28179455425114003,0.028023460769122318,0.0824098049565819,0.7082630689022574
3,C1_multinomial_ridge,direct_classifier,496,0.02819891139539124,0.6969066001590757,0.030966480895065315,0.2819891139539124,0.030354468019541878,0.22127998793624043,0.6661075757441169
3,B1_global_residual_pmf,residual_pmf,496,0.028210466947246198,0.6981834142558797,0.03059700975849822,0.282104669472462,0.03451958592110375,0.09889640226355462,0.6156660671399301
3,P1_normal_mos,mos,496,0.02822349610471713,0.6996789009179197,0.03077258023546035,0.2822349610471714,0.03190515401118017,0.14864112209822,0.6027860195545565
3,B4_hierarchical_residual_pmf,residual_pmf,496,0.028249989852514052,0.7008129089817785,0.03073816033789017,0.28249989852514046,0.02886694160907847,0.09657380882508587,0.7077552605647547
3,K0_B4_identity,calibration,496,0.028249989852514052,0.7008129089817785,0.03073816033789017,0.28249989852514046,0.02886694160907847,0.09657380882508587,0.7077552605647547
3,K2_B4_monotone_cdf_projected,calibration,496,0.028249989852514052,0.7008129089817785,0.03073816033789017,0.2824998985251405,0.028866941609078583,0.09657380882508593,0.7077552605647562
3,K1_B4_power_calibrated,calibration,496,0.028295202615297926,0.7016714099055815,0.030791348041927333,0.28295202615297926,0.026568567277428574,0.10004428779177932,0.7280274656493182
3,C2_ordinal_cdf_logistic,direct_classifier,496,0.02831453024721446,0.7030794645675713,0.03099187649769237,0.2831453024721446,0.02159077580004897,0.14657333833422348,0.6887843309286252
3,B6_month_climatology_diagnostic,diagnostic,496,0.06313563600820161,1.21324521066139,0.047904193510234894,0.6313563600820161,0.10610722406751527,0.10610722406751527,0.8047451753345464
3,B0_climatology,baseline,496,0.13299282291615133,1.5535135204811783,0.056589179424461115,1.329928229161513,0.2802551566106583,0.3777007872658969,2.0101791709446597
4,B5_kernel_analog_pmf,analog_pmf,480,0.05824752633472829,1.449120569581305,0.05874124625262352,0.5824752633472828,0.028746127607187675,0.08491352072992142,1.3551925670582357
4,C2_ordinal_cdf_logistic,direct_classifier,480,0.05833053861272502,1.3899035121066403,0.05928267304191004,0.5833053861272502,0.059152089344567185,0.5389563443988657,1.3603602045191792
4,C1_multinomial_ridge,direct_classifier,480,0.05844721996321604,1.368782723100619,0.05944596461179261,0.5844721996321603,0.05557602926082538,0.23809883100370405,1.3166107372177374
4,S1_conservative_simplex_stack,stack,480,0.05893756715673663,1.366932163975441,0.058986960292749704,0.5893756715673663,0.033760109549154926,0.1492110178845807,1.41020413445799
4,B3_forecast_level_residual_pmf,residual_pmf,480,0.058983249437691114,1.3669876608457652,0.05920705041004495,0.5898324943769111,0.05801781758700169,0.2563438457825995,1.2837632560198395
4,B4_hierarchical_residual_pmf,residual_pmf,480,0.05908809434655389,1.3717295303507153,0.05906547560622293,0.5908809434655389,0.037639761644508864,0.12064944535019978,1.415655553386935
4,K0_B4_identity,calibration,480,0.05908809434655389,1.3717295303507153,0.05906547560622293,0.5908809434655389,0.037639761644508864,0.12064944535019978,1.415655553386935
4,K2_B4_monotone_cdf_projected,calibration,480,0.05908809434655389,1.3717295303507153,0.05906547560622293,0.5908809434655389,0.03763976164450882,0.12064944535019978,1.415655553386936
4,K1_B4_power_calibrated,calibration,480,0.059138272969293984,1.3746236607107314,0.059058710993662535,0.59138272969294,0.03199013819359886,0.20208606900645343,1.4432933157049264
4,P2_student_t_mos,mos,480,0.05926004669761523,1.371618660085527,0.059341316295700136,0.5926004669761524,0.021900668249730387,0.3038919687509998,1.3252033891283024
4,P1_normal_mos,mos,480,0.05939825012426401,1.3793317207386322,0.0594325999652556,0.5939825012426402,0.027652940019001405,0.17985320502556046,1.2667284167586492
4,B2_month_residual_pmf,residual_pmf,480,0.05991250931234308,1.3909465293959353,0.05949331352506911,0.5991250931234309,0.02103235369027267,0.23847350398388156,1.4608003334050323
4,B1_global_residual_pmf,residual_pmf,480,0.06013823109916516,1.392446613276437,0.060006950772178505,0.6013823109916516,0.07469673619861757,0.21449741052215865,1.2633497040528008
4,B6_month_climatology_diagnostic,diagnostic,480,0.12864189957039343,2.0087420643868517,0.07700877511716898,1.2864189957039343,0.115469226723727,0.14855371258773764,1.7159631004615894
4,B0_climatology,baseline,480,0.13467555384801994,2.2006094913382115,0.07918080283592327,1.3467555384801992,0.10341419822805137,0.15071564655129976,2.01017917094466
5,B5_kernel_analog_pmf,analog_pmf,496,0.06941538898437807,1.693035989243531,0.06748906328635543,0.6941538898437806,0.026538748546391194,0.15377481100085832,1.5301532677654728
5,S1_conservative_simplex_stack,stack,496,0.07052795669152073,1.6280553071050947,0.06844038377726024,0.7052795669152074,0.023746742738554517,0.19397537955281274,1.568696825252914
5,K1_B4_power_calibrated,calibration,496,0.0705920140823792,1.6317566392261467,0.06849416209872143,0.705920140823792,0.018779168923509997,0.061640184628607764,1.5828057507734072
5,B4_hierarchical_residual_pmf,residual_pmf,496,0.07060162731986507,1.634912897994708,0.06852233216008316,0.7060162731986506,0.026816900730039808,0.19249105629559793,1.5604851231666301
5,K0_B4_identity,calibration,496,0.07060162731986507,1.634912897994708,0.06852233216008316,0.7060162731986506,0.026816900730039808,0.19249105629559793,1.5604851231666301
5,K2_B4_monotone_cdf_projected,calibration,496,0.07060162731986507,1.634912897994712,0.06852233216008316,0.7060162731986506,0.026816900730039808,0.19249105629559793,1.5604851231666304
5,B3_forecast_level_residual_pmf,residual_pmf,496,0.07069987839305718,1.6325269906708322,0.06826657651250324,0.7069987839305719,0.06886841090474122,0.1781722263473869,1.4990457392419765
5,B2_month_residual_pmf,residual_pmf,496,0.07076231001253411,1.6399576505729938,0.06868464900509055,0.7076231001253411,0.03731481977631319,0.05953637593929251,1.5936292922307302
5,P2_student_t_mos,mos,496,0.07087955553959005,1.6312215325487567,0.06873421643623427,0.7087955553959007,0.04284493182017851,0.14216342075203992,1.6211872742128857
5,P1_normal_mos,mos,496,0.07097863752028975,1.6398958646195092,0.06881116842139025,0.7097863752028978,0.05153495280842518,0.10011855460612995,1.5553443605127109
5,B1_global_residual_pmf,residual_pmf,496,0.07126138160521464,1.6449223005212217,0.0687314069067697,0.7126138160521465,0.04406290873210362,0.15576569045484612,1.5367389155636788
5,C1_multinomial_ridge,direct_classifier,496,0.07235552335983456,1.6480881053419116,0.06947376406444793,0.7235552335983457,0.03718442342381736,0.12840653400362612,1.575282277619324
5,C2_ordinal_cdf_logistic,direct_classifier,496,0.07357718478799041,1.6706505440408368,0.07043731589623192,0.735771847879904,0.07543026868114197,0.21752758959521512,1.612437716293728
5,B6_month_climatology_diagnostic,diagnostic,496,0.15707036207109742,2.4987702000538894,0.0823225036827728,1.5707036207109741,0.05416495543639077,0.07080019379946789,2.155561352022767
5,B0_climatology,baseline,496,0.19435591590561818,2.5818920961090353,0.09163440921745865,1.9435591590561816,0.3165190369377288,0.33811964040690645,2.0101791709446597
6,B1_global_residual_pmf,residual_pmf,450,0.05715939020545036,1.4681750664834958,0.06604330913992655,0.5715939020545037,0.047173861200381716,0.5618580216380071,1.5649680976305154
6,B3_forecast_level_residual_pmf,residual_pmf,450,0.05722637250193369,1.4591196542428744,0.06625653935939457,0.5722637250193369,0.018116822690455375,0.02589375295395524,1.4501009847811408
6,B4_hierarchical_residual_pmf,residual_pmf,450,0.057263010238011045,1.4672578987941562,0.06601187902116713,0.5726301023801104,0.026415467426668327,0.1327508672307327,1.4833830070890357
6,K0_B4_identity,calibration,450,0.057263010238011045,1.4672578987941562,0.06601187902116713,0.5726301023801104,0.026415467426668327,0.1327508672307327,1.4833830070890357
6,K2_B4_monotone_cdf_projected,calibration,450,0.057263010238011045,1.4672578987941565,0.06601187902116715,0.5726301023801105,0.026415467426668327,0.1327508672307327,1.4833830070890355
6,S1_conservative_simplex_stack,stack,450,0.05726795036961003,1.460624365668151,0.0659981066451158,0.5726795036961003,0.018218164053752692,0.42965415657710454,1.5048505930740521
6,B2_month_residual_pmf,residual_pmf,450,0.05733018867101581,1.4690683813212713,0.06619762908474906,0.573301886710158,0.05039411762418203,0.5057380938391742,1.528112678273584
6,K1_B4_power_calibrated,calibration,450,0.05736150366219786,1.4685546964195777,0.06607692653831833,0.5736150366219785,0.020767014480244577,0.39973070051218795,1.5027271214971214
6,B5_kernel_analog_pmf,analog_pmf,450,0.057400954600724696,1.5476291717447002,0.06667500262397216,0.574009546007247,0.037312502783371476,0.14292827507391315,1.4426153049017836
6,P1_normal_mos,mos,450,0.05743188094632755,1.470822871115903,0.06650570746710321,0.5743188094632755,0.06376969108507301,0.2664419278563683,1.5918267357492177
6,P2_student_t_mos,mos,450,0.05773470335634449,1.488230408126985,0.06667869161459355,0.5773470335634449,0.07117572386433513,0.265828073924389,1.6533990184975478
6,C1_multinomial_ridge,direct_classifier,450,0.0592720378781003,1.507420005728765,0.06784107235118551,0.592720378781003,0.019559558852239894,0.2649795640099568,1.5560235673567706
6,C2_ordinal_cdf_logistic,direct_classifier,450,0.060327025431423334,1.5347488712712298,0.06831134140027523,0.6032702543142333,0.027209235867020926,0.5043193153215938,1.6003911877509518
6,B6_month_climatology_diagnostic,diagnostic,450,0.11392696031931274,2.112766915430525,0.0782751973881307,1.1392696031931275,0.05358772628120466,0.06754217077310354,2.076874402983718
6,B0_climatology,baseline,450,0.2716899872741012,2.7776504843971908,0.09652051152355007,2.716899872741012,0.395763346378708,0.4036612199025619,2.0074944308086904
7,S1_conservative_simplex_stack,stack,465,0.057677908082911324,1.4226161122889907,0.063541935444857,0.5767790808291133,0.03282616831655615,0.054675574440773866,1.361634326997444
7,K1_B4_power_calibrated,calibration,465,0.057688536507782856,1.4227357888188485,0.06353101339362537,0.5768853650778285,0.04114428226790143,0.11779038495749503,1.3561508942309646
7,B4_hierarchical_residual_pmf,residual_pmf,465,0.05774098999478317,1.4269184227137626,0.06360503253018857,0.5774098999478318,0.037341909433537074,0.07166730601087878,1.3301115117461475
7,K0_B4_identity,calibration,465,0.05774098999478317,1.4269184227137626,0.06360503253018857,0.5774098999478318,0.037341909433537074,0.07166730601087878,1.3301115117461475
7,K2_B4_monotone_cdf_projected,calibration,465,0.05774098999478317,1.4269184227137626,0.06360503253018857,0.5774098999478319,0.037341909433537074,0.07166730601087878,1.3301115117461475
7,B5_kernel_analog_pmf,analog_pmf,465,0.05789838088936204,1.51463907068774,0.0634856624100627,0.5789838088936204,0.04169312036602481,0.09093013541411821,1.3358064775869383
7,B1_global_residual_pmf,residual_pmf,465,0.058135509684558245,1.4521339891121658,0.06477263015565218,0.5813550968455826,0.026293991484223612,0.04225586160934969,1.4614060799280737
7,B2_month_residual_pmf,residual_pmf,465,0.058187305807652905,1.4509040749504871,0.0645528029909494,0.5818730580765291,0.010008934051180177,0.0654009640434764,1.3786682520956386
7,B3_forecast_level_residual_pmf,residual_pmf,465,0.05849288993853127,1.452437747259988,0.06410618043311757,0.5849288993853128,0.034130809237156216,0.03971614671668444,1.355145583329105
7,P1_normal_mos,mos,465,0.05877102309468102,1.4649794693499965,0.0650611406024973,0.5877102309468102,0.07114074241389726,0.1111676511088322,1.5022069957316158
7,P2_student_t_mos,mos,465,0.05892454472629966,1.4711672464805459,0.0651791115172619,0.5892454472629964,0.06459860449355886,0.07871182972513302,1.558615008813615
7,C1_multinomial_ridge,direct_classifier,465,0.059480150494059844,1.459484117195399,0.06508109210223344,0.5948015049405985,0.03280380794497031,0.2600199440655657,1.4602266523284035
7,C2_ordinal_cdf_logistic,direct_classifier,465,0.06011777483436514,1.4686183702621545,0.06532229800762816,0.6011777483436515,0.02223136771361339,0.30859849255661564,1.5108790661845555
7,B6_month_climatology_diagnostic,diagnostic,465,0.1043503623437336,1.9641996047988648,0.0763146124342093,1.0435036234373358,0.04292615490972344,0.10872663938598992,1.8890633375324117
7,B0_climatology,baseline,465,0.32187336512316045,2.9720170799329675,0.09827666197281903,3.2187336512316045,0.39798556860093026,0.40366121990256193,2.0074944308086904
8,B5_kernel_analog_pmf,analog_pmf,465,0.06183018050146245,1.583798467021102,0.06785277332101544,0.6183018050146246,0.055880299418290494,0.785406564658553,1.4111118363901205
8,B3_forecast_level_residual_pmf,residual_pmf,465,0.062382635296540395,1.5510518698832254,0.06815956058692035,0.6238263529654039,0.030550807488166427,0.18167506123524335,1.416120191498898
8,S1_conservative_simplex_stack,stack,465,0.06250340975464751,1.5378136060557008,0.06797278414380752,0.6250340975464751,0.029291779134392213,0.30907641260477114,1.4674974968966095
8,K1_B4_power_calibrated,calibration,465,0.06252430663636706,1.5402537833804704,0.0679680609559488,0.6252430663636707,0.0680501628340283,0.3063515594053896,1.47087243826411
8,B4_hierarchical_residual_pmf,residual_pmf,465,0.06257517821024777,1.5445130446453033,0.06804744753940259,0.6257517821024775,0.042588265378542746,0.16708050465307916,1.447516366653233
8,K0_B4_identity,calibration,465,0.06257517821024777,1.5445130446453033,0.06804744753940259,0.6257517821024775,0.042588265378542746,0.16708050465307916,1.447516366653233
8,K2_B4_monotone_cdf_projected,calibration,465,0.06257517821024777,1.5445130446453033,0.06804744753940259,0.6257517821024777,0.042588265378542746,0.16708050465307916,1.447516366653233
8,B1_global_residual_pmf,residual_pmf,465,0.06273046353183385,1.5403056346882025,0.06845240634340598,0.6273046353183386,0.06219449155573361,0.21053665492021623,1.5256715535592391
8,P1_normal_mos,mos,465,0.06297256801202585,1.5420320662634102,0.06844016845973175,0.6297256801202584,0.050939308289170086,0.16516337985604213,1.5599725315665172
8,P2_student_t_mos,mos,465,0.06308389709725969,1.5486258024248816,0.06852118736512852,0.6308389709725968,0.05798463106606126,0.16519433847902143,1.6188036808248154
8,B2_month_residual_pmf,residual_pmf,465,0.06310734589439289,1.5465288051538553,0.06836186337364167,0.6310734589439289,0.03734218450318269,0.1816958742806154,1.4692212298542169
8,C1_multinomial_ridge,direct_classifier,465,0.06380433751702046,1.5606278916475758,0.06895313450768707,0.6380433751702046,0.04427724106287004,0.5382344040972087,1.5266008483421325
8,C2_ordinal_cdf_logistic,direct_classifier,465,0.06480405811264701,1.5781630650490481,0.06924492353335587,0.6480405811264701,0.052999583663794717,0.3797380405984622,1.5761117000800309
8,B6_month_climatology_diagnostic,diagnostic,465,0.10751480474447697,2.008946494310131,0.07724523041345085,1.0751480474447697,0.015173249873699224,0.015173249873699224,1.9639938912141277
8,B0_climatology,baseline,465,0.2975593306333057,2.88669687919839,0.09751740028601018,2.9755933063330566,0.39798556860093026,0.40366121990256193,2.0074944308086904
9,B3_forecast_level_residual_pmf,residual_pmf,450,0.06478209824997493,1.5563228801240845,0.06814701011821178,0.6478209824997494,0.04419090185436008,0.289283337458498,1.4463655926090833
9,P1_normal_mos,mos,450,0.06492322456208381,1.5727520249638058,0.06887633757975607,0.6492322456208381,0.022241652791288945,0.2337362401414496,1.574738594045313
9,P2_student_t_mos,mos,450,0.06499216211939117,1.5815506202401457,0.06893538097765098,0.6499216211939117,0.039424815487643095,0.23422863106630504,1.6382103638799435
9,B1_global_residual_pmf,residual_pmf,450,0.06511141818007382,1.5749105678877573,0.06900104676752124,0.6511141818007382,0.03318548293522402,0.3186498997124032,1.5455730207875331
9,B5_kernel_analog_pmf,analog_pmf,450,0.0651851938297271,1.657475810965622,0.06836127621412048,0.651851938297271,0.02870895932758516,0.49816846299377104,1.4108896815743976
9,S1_conservative_simplex_stack,stack,450,0.06527411297409035,1.5902426657234232,0.06887481319837292,0.6527411297409035,0.0725588576698837,0.5042607709743969,1.466617376100191
9,K1_B4_power_calibrated,calibration,450,0.06529632938897904,1.5982605825706233,0.06887121220807305,0.6529632938897905,0.06951479433021018,0.5012003995539547,1.4672358788864681
9,B4_hierarchical_residual_pmf,residual_pmf,450,0.06542033414418594,1.605832202837499,0.06902090634916185,0.6542033414418594,0.07739768980421967,0.23096035323106467,1.4412623669641753
9,K0_B4_identity,calibration,450,0.06542033414418594,1.605832202837499,0.06902090634916185,0.6542033414418594,0.07739768980421967,0.23096035323106467,1.4412623669641753
9,K2_B4_monotone_cdf_projected,calibration,450,0.06542033414418594,1.605832202837499,0.06902090634916185,0.6542033414418593,0.07739768980421971,0.23096035323106467,1.4412623669641753
9,B2_month_residual_pmf,residual_pmf,450,0.0654746449334936,1.6027559500032744,0.0690858427320011,0.654746449334936,0.027025565616927608,0.29745329617075367,1.480624296418866
9,C1_multinomial_ridge,direct_classifier,450,0.06628173097594309,1.5861458662442498,0.06904744074319719,0.662817309759431,0.05314262933197027,0.2835758907935887,1.5885422152157707
9,C2_ordinal_cdf_logistic,direct_classifier,450,0.06710585155558974,1.6006535571869296,0.06923515495821915,0.6710585155558972,0.013651773864366746,0.4917846301351685,1.6325795642696408
9,B6_month_climatology_diagnostic,diagnostic,450,0.11617889571367805,2.109008010633693,0.07871316027144015,1.1617889571367803,0.05182047916594269,0.094365415307751,2.0389125655612923
9,B0_climatology,baseline,450,0.2714485806471019,2.7553733570621644,0.09661582925335327,2.714485806471019,0.39798556860093015,0.4036612199025619,2.0074944308086904
10,B2_month_residual_pmf,residual_pmf,465,0.05287330766189223,1.4018573837321289,0.06441308674990864,0.5287330766189222,0.03523820658202298,0.6106989054995517,1.395998371684939
10,S1_conservative_simplex_stack,stack,465,0.05299346950202352,1.4062821650538848,0.06468624872928633,0.529934695020235,0.024190356827510657,0.8162292961043821,1.4277735194514503
10,K1_B4_power_calibrated,calibration,465,0.053008586613152164,1.413454080467066,0.06474335517571467,0.5300858661315218,0.03434062234910315,0.8174568122042439,1.413698057313847
10,B4_hierarchical_residual_pmf,residual_pmf,465,0.05303186290948906,1.4140943612728851,0.0647743418385898,0.5303186290948907,0.04224702724175557,0.8328981786838147,1.3886062013562717
10,K0_B4_identity,calibration,465,0.05303186290948906,1.4140943612728851,0.0647743418385898,0.5303186290948907,0.04224702724175557,0.8328981786838147,1.3886062013562717
10,K2_B4_monotone_cdf_projected,calibration,465,0.05303186290948906,1.4140943612728851,0.0647743418385898,0.5303186290948907,0.04224702724175562,0.8328981786838147,1.3886062013562714
10,B5_kernel_analog_pmf,analog_pmf,465,0.053308645284384025,1.4418911545479163,0.06476867983687958,0.5330864528438403,0.028120006542424865,0.7478577612087198,1.416660968271463
10,B1_global_residual_pmf,residual_pmf,465,0.05331573860637662,1.4267929033951385,0.06473872397013888,0.5331573860637662,0.08103299975029875,0.5672201219907007,1.5802215438941607
10,B3_forecast_level_residual_pmf,residual_pmf,465,0.05347842969933148,1.4231099247919117,0.06494201097509204,0.5347842969933149,0.07304834915607925,0.7007882902270439,1.5576886835447659
10,P1_normal_mos,mos,465,0.05367345755512319,1.4314404976118,0.06520372054854515,0.5367345755512318,0.10738369691248698,0.6943509379851511,1.5876237142229002
10,P2_student_t_mos,mos,465,0.05407291074423689,1.4519278318287776,0.06542382279931581,0.5407291074423688,0.1279090847505792,0.6897444106384982,1.6557843485801664
10,C2_ordinal_cdf_logistic,direct_classifier,465,0.05590204176778959,1.4706296692205996,0.06589843852133632,0.5590204176778959,0.028655512446026207,0.5608405336252534,1.6494577422444217
10,C1_multinomial_ridge,direct_classifier,465,0.05611806503413071,1.4725117272210262,0.06639173266053469,0.561180650341307,0.04552641742529439,0.642240959550722,1.618945510882151
10,B6_month_climatology_diagnostic,diagnostic,465,0.12696190168883004,2.283029566084239,0.07998508954452811,1.2696190168883004,0.045150492925240246,0.1181997786062592,2.020012867112835
10,B0_climatology,baseline,465,0.16254022075481087,2.613879419325806,0.09410467997617708,1.6254022075481087,0.36142642881598397,0.3678189259957519,2.0074944308086904
11,B5_kernel_analog_pmf,analog_pmf,449,0.0349438696154749,0.9366418203526929,0.04494155211631757,0.34943869615474904,0.051809724904653236,0.09314685985063154,0.960120528745151
11,B4_hierarchical_residual_pmf,residual_pmf,449,0.03495781121666415,0.9413869283704083,0.04492266685131235,0.3495781121666416,0.021736171924789546,0.05125221543720104,0.9736213607430013
11,K0_B4_identity,calibration,449,0.03495781121666415,0.9413869283704083,0.04492266685131235,0.3495781121666416,0.021736171924789546,0.05125221543720104,0.9736213607430013
11,K2_B4_monotone_cdf_projected,calibration,449,0.03495781121666416,0.9413869283704083,0.04492266685131235,0.3495781121666416,0.021736171924789542,0.051252215437201154,0.9736213607430023
11,S1_conservative_simplex_stack,stack,449,0.03496508996615373,0.9427448997000549,0.044896639418333724,0.34965089966153734,0.021771806246562893,0.05807857961493912,1.003551849154454
11,K1_B4_power_calibrated,calibration,449,0.035039185468167276,0.9436447780001203,0.04494471854613051,0.3503918546816729,0.018402588379754142,0.0695983668302973,0.9992998120794874
11,P1_normal_mos,mos,449,0.03532379077356391,0.9617562472690934,0.04541822164319525,0.3532379077356391,0.03910172645547502,0.5258828629112561,1.0881758202742935
11,B1_global_residual_pmf,residual_pmf,449,0.03536222123254413,0.9626181552836663,0.04512655683893708,0.35362221232544133,0.017413662068829026,0.0660159785567288,1.0859624283843605
11,B2_month_residual_pmf,residual_pmf,449,0.03538226452922607,0.9518298140541842,0.04490546129653118,0.3538226452922606,0.020104877749946713,0.19959221162227858,1.0172975585676347
11,P2_student_t_mos,mos,449,0.035598697419545106,0.97669522237613,0.04556745670134187,0.3559869741954511,0.050010694161295506,0.5253483408692166,1.138486313625285
11,C2_ordinal_cdf_logistic,direct_classifier,449,0.03608614894318034,0.9971693492251426,0.046147009414218225,0.36086148943180335,0.07630199793895631,0.1661029729203144,1.186983421344193
11,B3_forecast_level_residual_pmf,residual_pmf,449,0.036185451748155344,0.9849739238287145,0.04592890404245403,0.3618545174815535,0.03232507286173318,0.1992117097729562,1.1181365165645891
11,C1_multinomial_ridge,direct_classifier,449,0.03640809542655528,0.997856446381522,0.046383426790797176,0.36408095426555287,0.05013866209807155,0.13262484505019478,1.1518004953994125
11,B6_month_climatology_diagnostic,diagnostic,449,0.08664685841793787,1.6182804248943752,0.06909610343971008,0.8664685841793786,0.15126460220813476,0.17944165676752594,1.28737256861322
11,B0_climatology,baseline,449,0.12724180970422388,2.024962476610595,0.07154676728877171,1.2724180970422383,0.05683848027787068,0.07961152843136449,2.0075423673754327
12,B5_kernel_analog_pmf,analog_pmf,465,0.004061244871362475,0.12224016586565833,0.006031068340414819,0.040612448713624766,0.018707121662477882,0.30309981668781916,0.14966908752224595
12,P1_normal_mos,mos,465,0.004079806283276899,0.12507101795666967,0.005981054369238539,0.04079806283276901,0.01712340573754255,0.6956851163528079,0.16846133842405392
12,B4_hierarchical_residual_pmf,residual_pmf,465,0.004091086284883555,0.12366428802511835,0.006067659858136164,0.04091086284883556,0.013597255322017322,0.11865477597908347,0.15259736530776014
12,K0_B4_identity,calibration,465,0.004091086284883555,0.12366428802511835,0.006067659858136164,0.04091086284883556,0.013597255322017322,0.11865477597908347,0.15259736530776014
12,K2_B4_monotone_cdf_projected,calibration,465,0.004091086284883555,0.12366428802511849,0.006067659858136164,0.04091086284883556,0.013597255322017693,0.11865477597908358,0.1525973653077626
12,S1_conservative_simplex_stack,stack,465,0.004093296240161336,0.1254089516561971,0.006051613194480282,0.04093296240161336,0.02255560614176929,0.44534846552604107,0.16739672937103448
12,K1_B4_power_calibrated,calibration,465,0.004106934589774625,0.12536333506826142,0.006071757036935535,0.04106934589774625,0.01852671425357458,0.3654202909278246,0.16270712196788645
12,B2_month_residual_pmf,residual_pmf,465,0.004111198612841657,0.1243184284196449,0.006031288270147933,0.04111198612841658,0.014455216030565429,0.10170364477508059,0.16302295864286917
12,B1_global_residual_pmf,residual_pmf,465,0.004111297687189632,0.12717060287476054,0.006003187135566783,0.04111297687189633,0.01984437746992612,0.24257663146731134,0.17644051944339387
12,P2_student_t_mos,mos,465,0.004137143829191282,0.13030265911887187,0.00602718826206618,0.041371438291912824,0.018039068006798137,0.49699750337825677,0.19242429988482337
12,B3_forecast_level_residual_pmf,residual_pmf,465,0.004245351853952394,0.13451371356277161,0.006160377325596998,0.04245351853952395,0.0266232390131252,0.710716662541502,0.20434291740465027
12,C1_multinomial_ridge,direct_classifier,465,0.004268500631997373,0.14055474946508703,0.006200024911411437,0.04268500631997374,0.036320090656703,0.3505113930680848,0.22469776570693414
12,C2_ordinal_cdf_logistic,direct_classifier,465,0.0043142283505954605,0.1412598447635974,0.006210046782612531,0.043142283505954615,0.030938793285277176,0.28056377993487497,0.22939507959095937
12,B6_month_climatology_diagnostic,diagnostic,465,0.008321397119764205,0.2905399415634264,0.009452327588609019,0.08321397119764204,0.021148777481195813,0.021148777481195813,0.170273722239757
12,B0_climatology,baseline,465,0.13913954012673568,1.0337918525692726,0.040078466326421924,1.3913954012673562,0.5482509905388547,0.5497437980185851,2.0074944308086904
