source_code,source_family,source_role,feature_prefix,strict_allowed,proxy_allowed,shadow_allowed,blocked,live_only,support_only,unit_semantics_verified,availability_grade,source_time_policy,min_target_date_hkt,max_target_date_hkt,required_source_scope,blocker_reason,promotion_gate,notes
hko_target_labels,target,strict_core,target,True,False,False,False,False,False,True,EXACT_VINTAGE,finalized daily labels may enter only as T-2-or-older target memory,2000-01-02,2026-06-21,,,always included as labels and lagged target memory only,Finalized target-day value is never a same-day feature.
hko_official_forecasts,official,strict_core,official,True,False,False,False,False,False,True,EXACT_VINTAGE,issue_at_utc must be <= operational freeze for the target date,2000-01-02,2026-06-21,,,always included when eligible row exists,Primary official HKO forecast anchor.
calendar,deterministic,strict_core,calendar,True,False,False,False,False,False,True,EXACT_VINTAGE,deterministic target-date metadata known before cutoff,2000-01-02,2026-06-21,,,always included,Only whitelisted cyclical/month/season/year-index fields may enter models.
gfs,gribstream,strict_core,gfs,True,False,False,False,False,False,True,CONSERVATIVE_SCHEDULE,run_time_utc + 6 hours <= formal H24N cutoff,2021-03-23,2026-06-23,full_tactical_backfill_ok_tmax,,core strict expert E4,Strict NWP source after full-run scope and H24N safe-row filters.
gefsatmosmean,gribstream,strict_core,gefsmean,True,False,False,False,False,False,True,CONSERVATIVE_SCHEDULE,run_time_utc + 6 hours <= formal H24N cutoff,2021-03-23,2026-06-23,full_tactical_backfill_ok_tmax,,core strict expert E5 context,GEFS mean context source after audited safe-row filter.
gefsatmos,gribstream,strict_core,gefsens,True,False,False,False,False,False,True,CONSERVATIVE_SCHEDULE,run_time_utc + 6 hours <= formal H24N cutoff,2021-03-23,2026-06-23,full_tactical_backfill_ok_tmax,,core strict expert E5 ensemble,HKO-center GEFS ensemble source after audited safe-row filter.
ifsoper,gribstream,shadow_challenger,ifsoper,False,False,True,False,False,False,True,CONSERVATIVE_SCHEDULE,run_time_utc + 6 hours <= formal H24N cutoff,2021-03-23,2026-06-23,full_tactical_backfill_ok_tmax,,may enter after sealed protocol,"Shadow challenger, excluded from strict v1 features."
ifsenfo,gribstream,shadow_challenger,ifsens,False,False,True,False,False,False,True,CONSERVATIVE_SCHEDULE,run_time_utc + 6 hours <= formal H24N cutoff,2021-03-23,2026-06-23,full_tactical_backfill_ok_tmax,,may enter after sealed protocol; member-0 tracked,IFS ensemble shadow challenger.
cwawrf15,gribstream,live_shadow,cwawrf15,False,False,True,False,True,False,True,LIVE_FIRST_SEEN_ONLY,live first-seen collection only,2026-06-23,,full_tactical_backfill_ok_tmax,,prospective only until two seasonal cycles,CWA WRF live shadow source; absence is warning-level for Jira 001.
aifsoper,gribstream,shadow_challenger,aifsoper,False,False,True,False,False,False,True,CONSERVATIVE_SCHEDULE,run_time_utc + 6 hours <= formal H24N cutoff,,,full_tactical_backfill_ok_tmax,,may enter after sealed protocol,AI deterministic shadow source.
aifsenfo,gribstream,shadow_challenger,aifsens,False,False,True,False,False,False,True,CONSERVATIVE_SCHEDULE,run_time_utc + 6 hours <= formal H24N cutoff,,,full_tactical_backfill_ok_tmax,,may enter after sealed protocol,AI ensemble shadow source.
aigfssfc,gribstream,shadow_challenger,aigfssfc,False,False,True,False,False,False,True,CONSERVATIVE_SCHEDULE,run_time_utc + 6 hours <= formal H24N cutoff,,,full_tactical_backfill_ok_tmax,,may enter after sealed protocol,AI/GFS surface shadow source over short range.
aigfspres,gribstream,support_only,aigfspres,False,False,False,False,False,True,False,CONSERVATIVE_SCHEDULE,"upper-air support only, not a daily Tmax source",,,full_tactical_backfill_ok_tmax,,support-only source,Excluded from daily Tmax strict/proxy/shadow feature matrices.
aigefssfc,gribstream,blocked,aigefssfc,False,False,False,True,False,False,False,BLOCKED,blocked because daily Tmax coverage is too sparse,,,full_tactical_backfill_ok_tmax,Poor usable daily Tmax candidate coverage.,blocked until provider/selector fix,Rows can be leakage-safe but not usable enough for daily Tmax.
graphcast,gribstream,shadow_challenger,graphcast,False,False,True,False,False,False,True,MODEL_RUN_TIME_PROXY_ONLY,model run time proxy only,,,full_tactical_backfill_ok_tmax,,may enter after sealed protocol,Shadow source; availability proof remains weaker than exact first-seen.
fourcastnetgfs,gribstream,shadow_challenger,fourcastnet,False,False,True,False,False,False,True,MODEL_RUN_TIME_PROXY_ONLY,model run time proxy only; archive ends before current period,,,full_tactical_backfill_ok_tmax,,may enter after sealed protocol,Shadow source available through observed archive end only.
nbmoc,gribstream,blocked,nbmoc,False,False,False,True,False,False,False,BLOCKED,blocked empty/probe-only source,,,full_tactical_backfill_ok_tmax,No usable HKO-domain daily Tmax coverage.,blocked until non-empty source proof,Probe-only source excluded from all feature matrices.
station_network_proxy,diagnostic_station_network,proxy_research,station,False,True,False,False,False,False,False,DIAGNOSTIC_ONLY,proxy research only pending operational-vintage repair,,,,,research proxy only,Station wind direction remains forbidden until repaired.
hko_daily_climate_proxy,diagnostic_physics,proxy_research,hko_climate,False,True,False,False,False,False,False,DIAGNOSTIC_ONLY,finalized daily climate is not live exact-vintage,,,,,research proxy only,Never use finalized target-day daily climate as a strict live feature.
igra_upper_air_proxy,diagnostic_physics,support_only,igra,False,True,False,False,False,True,False,DIAGNOSTIC_ONLY,support/proxy only pending sentinel and vintage repair,,,,,support-only proxy,IGRA contains known sentinel/scale issues in current inventory.
tc_best_track_proxy,diagnostic_regime_labels,support_only,tc,False,True,False,False,False,True,False,DIAGNOSTIC_ONLY,retrospective best-track only,,,,,support-only proxy,Retrospective TC best-track may not be used as live strict input.
arwf_live,live_nwp_anchor,live_shadow,arwf,False,False,True,False,True,False,True,LIVE_FIRST_SEEN_ONLY,live first-seen collection only,2026-06-19,,,,live shadow after enough history,ARWF absence is warning-level for Jira 001 and emits placeholders.
