split,feature,missing_pct,non_null_count
presealed_holdout_2022_2023,doy_cos,0.0,2920
rolling_valid_2011_2013,doy_cos,0.0,4384
rolling_valid_2014_2016,doy_cos,0.0,4384
rolling_valid_2017_2019,doy_cos,0.0,4380
rolling_valid_2020_2021,doy_cos,0.0,2924
sealed_confirmation_2024_plus,doy_cos,0.0,3528
train_base_2000_2010,doy_cos,0.0,16068
presealed_holdout_2022_2023,doy_sin,0.0,2920
rolling_valid_2011_2013,doy_sin,0.0,4384
rolling_valid_2014_2016,doy_sin,0.0,4384
rolling_valid_2017_2019,doy_sin,0.0,4380
rolling_valid_2020_2021,doy_sin,0.0,2924
sealed_confirmation_2024_plus,doy_sin,0.0,3528
train_base_2000_2010,doy_sin,0.0,16068
presealed_holdout_2022_2023,eligible_forecast_count,0.0,2920
rolling_valid_2011_2013,eligible_forecast_count,0.0,4384
rolling_valid_2014_2016,eligible_forecast_count,0.0,4384
rolling_valid_2017_2019,eligible_forecast_count,0.0,4380
rolling_valid_2020_2021,eligible_forecast_count,0.0,2924
sealed_confirmation_2024_plus,eligible_forecast_count,0.0,3528
train_base_2000_2010,eligible_forecast_count,0.0,16068
presealed_holdout_2022_2023,fcst_flag_heavy_showers,29.45205479452055,2060
rolling_valid_2011_2013,fcst_flag_heavy_showers,29.949817518248175,3071
rolling_valid_2014_2016,fcst_flag_heavy_showers,30.67974452554745,3039
rolling_valid_2017_2019,fcst_flag_heavy_showers,29.315068493150687,3096
rolling_valid_2020_2021,fcst_flag_heavy_showers,28.59097127222982,2088
sealed_confirmation_2024_plus,fcst_flag_heavy_showers,31.604308390022677,2413
train_base_2000_2010,fcst_flag_heavy_showers,33.78142892706,10640
presealed_holdout_2022_2023,fcst_flag_nt_higher,29.45205479452055,2060
rolling_valid_2011_2013,fcst_flag_nt_higher,29.949817518248175,3071
rolling_valid_2014_2016,fcst_flag_nt_higher,30.67974452554745,3039
rolling_valid_2017_2019,fcst_flag_nt_higher,29.315068493150687,3096
rolling_valid_2020_2021,fcst_flag_nt_higher,28.59097127222982,2088
sealed_confirmation_2024_plus,fcst_flag_nt_higher,31.604308390022677,2413
train_base_2000_2010,fcst_flag_nt_higher,33.78142892706,10640
presealed_holdout_2022_2023,fcst_flag_showers,29.45205479452055,2060
rolling_valid_2011_2013,fcst_flag_showers,29.949817518248175,3071
rolling_valid_2014_2016,fcst_flag_showers,30.67974452554745,3039
rolling_valid_2017_2019,fcst_flag_showers,29.315068493150687,3096
rolling_valid_2020_2021,fcst_flag_showers,28.59097127222982,2088
sealed_confirmation_2024_plus,fcst_flag_showers,31.604308390022677,2413
train_base_2000_2010,fcst_flag_showers,33.78142892706,10640
presealed_holdout_2022_2023,fcst_flag_thunderstorm,29.45205479452055,2060
rolling_valid_2011_2013,fcst_flag_thunderstorm,29.949817518248175,3071
rolling_valid_2014_2016,fcst_flag_thunderstorm,30.67974452554745,3039
rolling_valid_2017_2019,fcst_flag_thunderstorm,29.315068493150687,3096
rolling_valid_2020_2021,fcst_flag_thunderstorm,28.59097127222982,2088
sealed_confirmation_2024_plus,fcst_flag_thunderstorm,31.604308390022677,2413
train_base_2000_2010,fcst_flag_thunderstorm,33.78142892706,10640
presealed_holdout_2022_2023,fcst_flag_very_hot,29.45205479452055,2060
rolling_valid_2011_2013,fcst_flag_very_hot,29.949817518248175,3071
rolling_valid_2014_2016,fcst_flag_very_hot,30.67974452554745,3039
rolling_valid_2017_2019,fcst_flag_very_hot,29.315068493150687,3096
rolling_valid_2020_2021,fcst_flag_very_hot,28.59097127222982,2088
sealed_confirmation_2024_plus,fcst_flag_very_hot,31.604308390022677,2413
train_base_2000_2010,fcst_flag_very_hot,33.78142892706,10640
presealed_holdout_2022_2023,hko_latest_dewpoint_c,0.0,2920
rolling_valid_2011_2013,hko_latest_dewpoint_c,0.0,4384
rolling_valid_2014_2016,hko_latest_dewpoint_c,0.0,4384
rolling_valid_2017_2019,hko_latest_dewpoint_c,0.0,4380
rolling_valid_2020_2021,hko_latest_dewpoint_c,0.0,2924
sealed_confirmation_2024_plus,hko_latest_dewpoint_c,0.0,3528
train_base_2000_2010,hko_latest_dewpoint_c,0.0,16068
presealed_holdout_2022_2023,hko_latest_dewpoint_depression_c,0.0,2920
rolling_valid_2011_2013,hko_latest_dewpoint_depression_c,0.0,4384
rolling_valid_2014_2016,hko_latest_dewpoint_depression_c,0.0,4384
rolling_valid_2017_2019,hko_latest_dewpoint_depression_c,0.0,4380
rolling_valid_2020_2021,hko_latest_dewpoint_depression_c,0.0,2924
sealed_confirmation_2024_plus,hko_latest_dewpoint_depression_c,0.0,3528
train_base_2000_2010,hko_latest_dewpoint_depression_c,0.0,16068
presealed_holdout_2022_2023,hko_latest_rh_pct,0.0,2920
rolling_valid_2011_2013,hko_latest_rh_pct,0.0,4384
rolling_valid_2014_2016,hko_latest_rh_pct,0.0,4384
rolling_valid_2017_2019,hko_latest_rh_pct,0.0,4380
rolling_valid_2020_2021,hko_latest_rh_pct,0.0,2924
sealed_confirmation_2024_plus,hko_latest_rh_pct,0.0,3528
train_base_2000_2010,hko_latest_rh_pct,0.0,16068
presealed_holdout_2022_2023,hko_latest_temp_c,0.0,2920
rolling_valid_2011_2013,hko_latest_temp_c,0.0,4384
rolling_valid_2014_2016,hko_latest_temp_c,0.0,4384
rolling_valid_2017_2019,hko_latest_temp_c,0.0,4380
rolling_valid_2020_2021,hko_latest_temp_c,0.0,2924
sealed_confirmation_2024_plus,hko_latest_temp_c,0.0,3528
train_base_2000_2010,hko_latest_temp_c,0.0,16068
presealed_holdout_2022_2023,hko_latest_temp_minus_official_max_c,29.45205479452055,2060
rolling_valid_2011_2013,hko_latest_temp_minus_official_max_c,29.949817518248175,3071
rolling_valid_2014_2016,hko_latest_temp_minus_official_max_c,30.67974452554745,3039
rolling_valid_2017_2019,hko_latest_temp_minus_official_max_c,29.315068493150687,3096
rolling_valid_2020_2021,hko_latest_temp_minus_official_max_c,28.59097127222982,2088
sealed_confirmation_2024_plus,hko_latest_temp_minus_official_max_c,31.604308390022677,2413
train_base_2000_2010,hko_latest_temp_minus_official_max_c,33.78142892706,10640
presealed_holdout_2022_2023,hko_latest_temp_minus_official_min_c,29.45205479452055,2060
rolling_valid_2011_2013,hko_latest_temp_minus_official_min_c,29.949817518248175,3071
rolling_valid_2014_2016,hko_latest_temp_minus_official_min_c,30.67974452554745,3039
rolling_valid_2017_2019,hko_latest_temp_minus_official_min_c,29.315068493150687,3096
rolling_valid_2020_2021,hko_latest_temp_minus_official_min_c,28.59097127222982,2088
sealed_confirmation_2024_plus,hko_latest_temp_minus_official_min_c,31.604308390022677,2413
train_base_2000_2010,hko_latest_temp_minus_official_min_c,33.78142892706,10640
presealed_holdout_2022_2023,hko_rh_mean_12h_pct,0.0,2920
rolling_valid_2011_2013,hko_rh_mean_12h_pct,0.02281021897810219,4383
rolling_valid_2014_2016,hko_rh_mean_12h_pct,0.09124087591240876,4380
rolling_valid_2017_2019,hko_rh_mean_12h_pct,0.0,4380
rolling_valid_2020_2021,hko_rh_mean_12h_pct,0.27359781121751026,2916
sealed_confirmation_2024_plus,hko_rh_mean_12h_pct,0.0,3528
train_base_2000_2010,hko_rh_mean_12h_pct,0.012447099825740602,16066
presealed_holdout_2022_2023,hko_rh_mean_6h_pct,0.0,2920
rolling_valid_2011_2013,hko_rh_mean_6h_pct,0.02281021897810219,4383
rolling_valid_2014_2016,hko_rh_mean_6h_pct,0.09124087591240876,4380
rolling_valid_2017_2019,hko_rh_mean_6h_pct,0.0228310502283105,4379
rolling_valid_2020_2021,hko_rh_mean_6h_pct,0.27359781121751026,2916
sealed_confirmation_2024_plus,hko_rh_mean_6h_pct,0.0,3528
train_base_2000_2010,hko_rh_mean_6h_pct,0.031117749564351503,16063
presealed_holdout_2022_2023,hko_rh_trend_3h_pct,0.0,2920
rolling_valid_2011_2013,hko_rh_trend_3h_pct,0.06843065693430657,4381
rolling_valid_2014_2016,hko_rh_trend_3h_pct,0.09124087591240876,4380
rolling_valid_2017_2019,hko_rh_trend_3h_pct,0.045662100456621,4378
rolling_valid_2020_2021,hko_rh_trend_3h_pct,0.27359781121751026,2916
sealed_confirmation_2024_plus,hko_rh_trend_3h_pct,0.0,3528
train_base_2000_2010,hko_rh_trend_3h_pct,0.09335324869305452,16053
presealed_holdout_2022_2023,hko_temp_mean_12h_c,0.0,2920
rolling_valid_2011_2013,hko_temp_mean_12h_c,0.02281021897810219,4383
rolling_valid_2014_2016,hko_temp_mean_12h_c,0.09124087591240876,4380
rolling_valid_2017_2019,hko_temp_mean_12h_c,0.0,4380
rolling_valid_2020_2021,hko_temp_mean_12h_c,0.27359781121751026,2916
sealed_confirmation_2024_plus,hko_temp_mean_12h_c,0.0,3528
train_base_2000_2010,hko_temp_mean_12h_c,0.012447099825740602,16066
presealed_holdout_2022_2023,hko_temp_mean_24h_c,0.0,2920
rolling_valid_2011_2013,hko_temp_mean_24h_c,0.0,4384
rolling_valid_2014_2016,hko_temp_mean_24h_c,0.02281021897810219,4383
rolling_valid_2017_2019,hko_temp_mean_24h_c,0.0,4380
rolling_valid_2020_2021,hko_temp_mean_24h_c,0.06839945280437756,2922
sealed_confirmation_2024_plus,hko_temp_mean_24h_c,0.0,3528
train_base_2000_2010,hko_temp_mean_24h_c,0.0,16068
presealed_holdout_2022_2023,hko_temp_mean_6h_c,0.0,2920
rolling_valid_2011_2013,hko_temp_mean_6h_c,0.02281021897810219,4383
rolling_valid_2014_2016,hko_temp_mean_6h_c,0.09124087591240876,4380
rolling_valid_2017_2019,hko_temp_mean_6h_c,0.0228310502283105,4379
rolling_valid_2020_2021,hko_temp_mean_6h_c,0.27359781121751026,2916
sealed_confirmation_2024_plus,hko_temp_mean_6h_c,0.0,3528
train_base_2000_2010,hko_temp_mean_6h_c,0.031117749564351503,16063
presealed_holdout_2022_2023,hko_temp_trend_12h_c,0.0,2920
rolling_valid_2011_2013,hko_temp_trend_12h_c,0.0,4384
rolling_valid_2014_2016,hko_temp_trend_12h_c,0.02281021897810219,4383
rolling_valid_2017_2019,hko_temp_trend_12h_c,0.0,4380
rolling_valid_2020_2021,hko_temp_trend_12h_c,0.06839945280437756,2922
sealed_confirmation_2024_plus,hko_temp_trend_12h_c,0.0,3528
train_base_2000_2010,hko_temp_trend_12h_c,0.006223549912870301,16067
presealed_holdout_2022_2023,hko_temp_trend_3h_c,0.0,2920
rolling_valid_2011_2013,hko_temp_trend_3h_c,0.06843065693430657,4381
rolling_valid_2014_2016,hko_temp_trend_3h_c,0.09124087591240876,4380
rolling_valid_2017_2019,hko_temp_trend_3h_c,0.045662100456621,4378
rolling_valid_2020_2021,hko_temp_trend_3h_c,0.27359781121751026,2916
sealed_confirmation_2024_plus,hko_temp_trend_3h_c,0.0,3528
train_base_2000_2010,hko_temp_trend_3h_c,0.09335324869305452,16053
presealed_holdout_2022_2023,hko_temp_trend_6h_c,0.0,2920
rolling_valid_2011_2013,hko_temp_trend_6h_c,0.06843065693430657,4381
rolling_valid_2014_2016,hko_temp_trend_6h_c,0.09124087591240876,4380
rolling_valid_2017_2019,hko_temp_trend_6h_c,0.0228310502283105,4379
rolling_valid_2020_2021,hko_temp_trend_6h_c,0.27359781121751026,2916
sealed_confirmation_2024_plus,hko_temp_trend_6h_c,0.0,3528
train_base_2000_2010,hko_temp_trend_6h_c,0.062235499128703006,16058
presealed_holdout_2022_2023,hourly_any_rainstorm_warning_24h,0.0,2920
rolling_valid_2011_2013,hourly_any_rainstorm_warning_24h,0.0,4384
rolling_valid_2014_2016,hourly_any_rainstorm_warning_24h,0.0,4384
rolling_valid_2017_2019,hourly_any_rainstorm_warning_24h,0.0,4380
rolling_valid_2020_2021,hourly_any_rainstorm_warning_24h,0.0,2924
sealed_confirmation_2024_plus,hourly_any_rainstorm_warning_24h,0.0,3528
train_base_2000_2010,hourly_any_rainstorm_warning_24h,0.0,16068
presealed_holdout_2022_2023,hourly_any_thunderstorm_warning_24h,0.0,2920
rolling_valid_2011_2013,hourly_any_thunderstorm_warning_24h,0.0,4384
rolling_valid_2014_2016,hourly_any_thunderstorm_warning_24h,0.0,4384
rolling_valid_2017_2019,hourly_any_thunderstorm_warning_24h,0.0,4380
rolling_valid_2020_2021,hourly_any_thunderstorm_warning_24h,0.0,2924
sealed_confirmation_2024_plus,hourly_any_thunderstorm_warning_24h,0.0,3528
train_base_2000_2010,hourly_any_thunderstorm_warning_24h,0.0,16068
presealed_holdout_2022_2023,hourly_rainfall_text_count_24h,0.0,2920
rolling_valid_2011_2013,hourly_rainfall_text_count_24h,0.0,4384
rolling_valid_2014_2016,hourly_rainfall_text_count_24h,0.0,4384
rolling_valid_2017_2019,hourly_rainfall_text_count_24h,0.0,4380
rolling_valid_2020_2021,hourly_rainfall_text_count_24h,0.0,2924
sealed_confirmation_2024_plus,hourly_rainfall_text_count_24h,0.0,3528
train_base_2000_2010,hourly_rainfall_text_count_24h,0.0,16068
presealed_holdout_2022_2023,hourly_warning_text_count_24h,0.0,2920
rolling_valid_2011_2013,hourly_warning_text_count_24h,0.0,4384
rolling_valid_2014_2016,hourly_warning_text_count_24h,0.0,4384
rolling_valid_2017_2019,hourly_warning_text_count_24h,0.0,4380
rolling_valid_2020_2021,hourly_warning_text_count_24h,0.0,2924
sealed_confirmation_2024_plus,hourly_warning_text_count_24h,0.0,3528
train_base_2000_2010,hourly_warning_text_count_24h,0.0,16068
presealed_holdout_2022_2023,inland_coastal_spread_6h_max_c,0.0,2920
rolling_valid_2011_2013,inland_coastal_spread_6h_max_c,0.0,4384
rolling_valid_2014_2016,inland_coastal_spread_6h_max_c,0.0,4384
rolling_valid_2017_2019,inland_coastal_spread_6h_max_c,0.0,4380
rolling_valid_2020_2021,inland_coastal_spread_6h_max_c,0.0,2924
sealed_confirmation_2024_plus,inland_coastal_spread_6h_max_c,0.0,3528
train_base_2000_2010,inland_coastal_spread_6h_max_c,0.0,16068
presealed_holdout_2022_2023,inland_nt_mean_minus_coastal_marine_mean_c,0.0,2920
rolling_valid_2011_2013,inland_nt_mean_minus_coastal_marine_mean_c,0.0,4384
rolling_valid_2014_2016,inland_nt_mean_minus_coastal_marine_mean_c,0.0,4384
rolling_valid_2017_2019,inland_nt_mean_minus_coastal_marine_mean_c,0.0,4380
rolling_valid_2020_2021,inland_nt_mean_minus_coastal_marine_mean_c,0.0,2924
sealed_confirmation_2024_plus,inland_nt_mean_minus_coastal_marine_mean_c,0.0,3528
train_base_2000_2010,inland_nt_mean_minus_coastal_marine_mean_c,0.006223549912870301,16067
presealed_holdout_2022_2023,issue_age_minutes,29.45205479452055,2060
rolling_valid_2011_2013,issue_age_minutes,29.949817518248175,3071
rolling_valid_2014_2016,issue_age_minutes,30.67974452554745,3039
rolling_valid_2017_2019,issue_age_minutes,29.315068493150687,3096
rolling_valid_2020_2021,issue_age_minutes,28.59097127222982,2088
sealed_confirmation_2024_plus,issue_age_minutes,31.604308390022677,2413
train_base_2000_2010,issue_age_minutes,33.78142892706,10640
presealed_holdout_2022_2023,issue_hour_bucket,29.45205479452055,2060
rolling_valid_2011_2013,issue_hour_bucket,29.949817518248175,3071
rolling_valid_2014_2016,issue_hour_bucket,30.67974452554745,3039
rolling_valid_2017_2019,issue_hour_bucket,29.315068493150687,3096
rolling_valid_2020_2021,issue_hour_bucket,28.59097127222982,2088
sealed_confirmation_2024_plus,issue_hour_bucket,31.604308390022677,2413
train_base_2000_2010,issue_hour_bucket,33.78142892706,10640
presealed_holdout_2022_2023,month,0.0,2920
rolling_valid_2011_2013,month,0.0,4384
rolling_valid_2014_2016,month,0.0,4384
rolling_valid_2017_2019,month,0.0,4380
rolling_valid_2020_2021,month,0.0,2924
sealed_confirmation_2024_plus,month,0.0,3528
train_base_2000_2010,month,0.0,16068
presealed_holdout_2022_2023,network_latest_hko_minus_mean_c,0.0,2920
rolling_valid_2011_2013,network_latest_hko_minus_mean_c,0.0,4384
rolling_valid_2014_2016,network_latest_hko_minus_mean_c,0.0,4384
rolling_valid_2017_2019,network_latest_hko_minus_mean_c,0.0,4380
rolling_valid_2020_2021,network_latest_hko_minus_mean_c,0.0,2924
sealed_confirmation_2024_plus,network_latest_hko_minus_mean_c,0.0,3528
train_base_2000_2010,network_latest_hko_minus_mean_c,0.0,16068
presealed_holdout_2022_2023,network_latest_temp_spread_c,0.0,2920
rolling_valid_2011_2013,network_latest_temp_spread_c,0.0,4384
rolling_valid_2014_2016,network_latest_temp_spread_c,0.0,4384
rolling_valid_2017_2019,network_latest_temp_spread_c,0.0,4380
rolling_valid_2020_2021,network_latest_temp_spread_c,0.0,2924
sealed_confirmation_2024_plus,network_latest_temp_spread_c,0.0,3528
train_base_2000_2010,network_latest_temp_spread_c,0.0,16068
presealed_holdout_2022_2023,network_mean_trend_6h_c,0.0,2920
rolling_valid_2011_2013,network_mean_trend_6h_c,0.0,4384
rolling_valid_2014_2016,network_mean_trend_6h_c,0.0,4384
rolling_valid_2017_2019,network_mean_trend_6h_c,0.0,4380
rolling_valid_2020_2021,network_mean_trend_6h_c,0.0,2924
sealed_confirmation_2024_plus,network_mean_trend_6h_c,0.0,3528
train_base_2000_2010,network_mean_trend_6h_c,0.0,16068
presealed_holdout_2022_2023,network_spread_max_6h_c,0.0,2920
rolling_valid_2011_2013,network_spread_max_6h_c,0.0,4384
rolling_valid_2014_2016,network_spread_max_6h_c,0.0,4384
rolling_valid_2017_2019,network_spread_max_6h_c,0.0,4380
rolling_valid_2020_2021,network_spread_max_6h_c,0.0,2924
sealed_confirmation_2024_plus,network_spread_max_6h_c,0.0,3528
train_base_2000_2010,network_spread_max_6h_c,0.0,16068
presealed_holdout_2022_2023,network_spread_mean_6h_c,0.0,2920
rolling_valid_2011_2013,network_spread_mean_6h_c,0.0,4384
rolling_valid_2014_2016,network_spread_mean_6h_c,0.0,4384
rolling_valid_2017_2019,network_spread_mean_6h_c,0.0,4380
rolling_valid_2020_2021,network_spread_mean_6h_c,0.0,2924
sealed_confirmation_2024_plus,network_spread_mean_6h_c,0.0,3528
train_base_2000_2010,network_spread_mean_6h_c,0.0,16068
presealed_holdout_2022_2023,nt_heat_ceiling_index_c,29.45205479452055,2060
rolling_valid_2011_2013,nt_heat_ceiling_index_c,29.949817518248175,3071
rolling_valid_2014_2016,nt_heat_ceiling_index_c,30.67974452554745,3039
rolling_valid_2017_2019,nt_heat_ceiling_index_c,29.315068493150687,3096
rolling_valid_2020_2021,nt_heat_ceiling_index_c,28.59097127222982,2088
sealed_confirmation_2024_plus,nt_heat_ceiling_index_c,31.604308390022677,2413
train_base_2000_2010,nt_heat_ceiling_index_c,33.787652476972866,10639
presealed_holdout_2022_2023,official_max_bin,29.45205479452055,2060
rolling_valid_2011_2013,official_max_bin,29.949817518248175,3071
rolling_valid_2014_2016,official_max_bin,30.67974452554745,3039
rolling_valid_2017_2019,official_max_bin,29.315068493150687,3096
rolling_valid_2020_2021,official_max_bin,28.59097127222982,2088
sealed_confirmation_2024_plus,official_max_bin,31.604308390022677,2413
train_base_2000_2010,official_max_bin,33.78142892706,10640
presealed_holdout_2022_2023,official_max_c,29.45205479452055,2060
rolling_valid_2011_2013,official_max_c,29.949817518248175,3071
rolling_valid_2014_2016,official_max_c,30.67974452554745,3039
rolling_valid_2017_2019,official_max_c,29.315068493150687,3096
rolling_valid_2020_2021,official_max_c,28.59097127222982,2088
sealed_confirmation_2024_plus,official_max_c,31.604308390022677,2413
train_base_2000_2010,official_max_c,33.78142892706,10640
presealed_holdout_2022_2023,official_midpoint_c,29.45205479452055,2060
rolling_valid_2011_2013,official_midpoint_c,29.949817518248175,3071
rolling_valid_2014_2016,official_midpoint_c,30.67974452554745,3039
rolling_valid_2017_2019,official_midpoint_c,29.315068493150687,3096
rolling_valid_2020_2021,official_midpoint_c,28.59097127222982,2088
sealed_confirmation_2024_plus,official_midpoint_c,31.604308390022677,2413
train_base_2000_2010,official_midpoint_c,33.78142892706,10640
presealed_holdout_2022_2023,official_min_c,29.45205479452055,2060
rolling_valid_2011_2013,official_min_c,29.949817518248175,3071
rolling_valid_2014_2016,official_min_c,30.67974452554745,3039
rolling_valid_2017_2019,official_min_c,29.315068493150687,3096
rolling_valid_2020_2021,official_min_c,28.59097127222982,2088
sealed_confirmation_2024_plus,official_min_c,31.604308390022677,2413
train_base_2000_2010,official_min_c,33.78142892706,10640
presealed_holdout_2022_2023,official_range_bin,29.45205479452055,2060
rolling_valid_2011_2013,official_range_bin,29.949817518248175,3071
rolling_valid_2014_2016,official_range_bin,30.67974452554745,3039
rolling_valid_2017_2019,official_range_bin,29.315068493150687,3096
rolling_valid_2020_2021,official_range_bin,28.59097127222982,2088
sealed_confirmation_2024_plus,official_range_bin,31.604308390022677,2413
train_base_2000_2010,official_range_bin,33.78142892706,10640
presealed_holdout_2022_2023,official_range_c,29.45205479452055,2060
rolling_valid_2011_2013,official_range_c,29.949817518248175,3071
rolling_valid_2014_2016,official_range_c,30.67974452554745,3039
rolling_valid_2017_2019,official_range_c,29.315068493150687,3096
rolling_valid_2020_2021,official_range_c,28.59097127222982,2088
sealed_confirmation_2024_plus,official_range_c,31.604308390022677,2413
train_base_2000_2010,official_range_c,33.78142892706,10640
presealed_holdout_2022_2023,rev_count,29.45205479452055,2060
rolling_valid_2011_2013,rev_count,29.949817518248175,3071
rolling_valid_2014_2016,rev_count,30.67974452554745,3039
rolling_valid_2017_2019,rev_count,29.315068493150687,3096
rolling_valid_2020_2021,rev_count,28.59097127222982,2088
sealed_confirmation_2024_plus,rev_count,31.604308390022677,2413
train_base_2000_2010,rev_count,33.78142892706,10640
presealed_holdout_2022_2023,rev_last3_slope_c_per_hour,29.45205479452055,2060
rolling_valid_2011_2013,rev_last3_slope_c_per_hour,29.949817518248175,3071
rolling_valid_2014_2016,rev_last3_slope_c_per_hour,30.67974452554745,3039
rolling_valid_2017_2019,rev_last3_slope_c_per_hour,29.315068493150687,3096
rolling_valid_2020_2021,rev_last3_slope_c_per_hour,28.59097127222982,2088
sealed_confirmation_2024_plus,rev_last3_slope_c_per_hour,31.604308390022677,2413
train_base_2000_2010,rev_last3_slope_c_per_hour,33.78142892706,10640
presealed_holdout_2022_2023,rev_last_change_age_hours,29.45205479452055,2060
rolling_valid_2011_2013,rev_last_change_age_hours,29.99543795620438,3069
rolling_valid_2014_2016,rev_last_change_age_hours,30.770985401459853,3035
rolling_valid_2017_2019,rev_last_change_age_hours,29.337899543379,3095
rolling_valid_2020_2021,rev_last_change_age_hours,28.72777017783858,2084
sealed_confirmation_2024_plus,rev_last_change_age_hours,31.660997732426306,2411
train_base_2000_2010,rev_last_change_age_hours,34.73985561364202,10486
presealed_holdout_2022_2023,rev_latest_minus_first_max_c,29.45205479452055,2060
rolling_valid_2011_2013,rev_latest_minus_first_max_c,29.949817518248175,3071
rolling_valid_2014_2016,rev_latest_minus_first_max_c,30.67974452554745,3039
rolling_valid_2017_2019,rev_latest_minus_first_max_c,29.315068493150687,3096
rolling_valid_2020_2021,rev_latest_minus_first_max_c,28.59097127222982,2088
sealed_confirmation_2024_plus,rev_latest_minus_first_max_c,31.604308390022677,2413
train_base_2000_2010,rev_latest_minus_first_max_c,33.78142892706,10640
presealed_holdout_2022_2023,rev_latest_minus_prev_max_c,29.45205479452055,2060
rolling_valid_2011_2013,rev_latest_minus_prev_max_c,29.99543795620438,3069
rolling_valid_2014_2016,rev_latest_minus_prev_max_c,30.770985401459853,3035
rolling_valid_2017_2019,rev_latest_minus_prev_max_c,29.337899543379,3095
rolling_valid_2020_2021,rev_latest_minus_prev_max_c,28.72777017783858,2084
sealed_confirmation_2024_plus,rev_latest_minus_prev_max_c,31.660997732426306,2411
train_base_2000_2010,rev_latest_minus_prev_max_c,34.73985561364202,10486
presealed_holdout_2022_2023,rev_path_max_c,29.45205479452055,2060
rolling_valid_2011_2013,rev_path_max_c,29.949817518248175,3071
rolling_valid_2014_2016,rev_path_max_c,30.67974452554745,3039
rolling_valid_2017_2019,rev_path_max_c,29.315068493150687,3096
rolling_valid_2020_2021,rev_path_max_c,28.59097127222982,2088
sealed_confirmation_2024_plus,rev_path_max_c,31.604308390022677,2413
train_base_2000_2010,rev_path_max_c,33.78142892706,10640
presealed_holdout_2022_2023,rev_path_min_c,29.45205479452055,2060
rolling_valid_2011_2013,rev_path_min_c,29.949817518248175,3071
rolling_valid_2014_2016,rev_path_min_c,30.67974452554745,3039
rolling_valid_2017_2019,rev_path_min_c,29.315068493150687,3096
rolling_valid_2020_2021,rev_path_min_c,28.59097127222982,2088
sealed_confirmation_2024_plus,rev_path_min_c,31.604308390022677,2413
train_base_2000_2010,rev_path_min_c,33.78142892706,10640
presealed_holdout_2022_2023,rev_path_range_c,29.45205479452055,2060
rolling_valid_2011_2013,rev_path_range_c,29.949817518248175,3071
rolling_valid_2014_2016,rev_path_range_c,30.67974452554745,3039
rolling_valid_2017_2019,rev_path_range_c,29.315068493150687,3096
rolling_valid_2020_2021,rev_path_range_c,28.59097127222982,2088
sealed_confirmation_2024_plus,rev_path_range_c,31.604308390022677,2413
train_base_2000_2010,rev_path_range_c,33.78142892706,10640
presealed_holdout_2022_2023,rev_path_std_c,29.45205479452055,2060
rolling_valid_2011_2013,rev_path_std_c,29.949817518248175,3071
rolling_valid_2014_2016,rev_path_std_c,30.67974452554745,3039
rolling_valid_2017_2019,rev_path_std_c,29.315068493150687,3096
rolling_valid_2020_2021,rev_path_std_c,28.59097127222982,2088
sealed_confirmation_2024_plus,rev_path_std_c,31.604308390022677,2413
train_base_2000_2010,rev_path_std_c,33.78142892706,10640
presealed_holdout_2022_2023,season_bucket,0.0,2920
rolling_valid_2011_2013,season_bucket,0.0,4384
rolling_valid_2014_2016,season_bucket,0.0,4384
rolling_valid_2017_2019,season_bucket,0.0,4380
rolling_valid_2020_2021,season_bucket,0.0,2924
sealed_confirmation_2024_plus,season_bucket,0.0,3528
train_base_2000_2010,season_bucket,0.0,16068
presealed_holdout_2022_2023,target_clim_doy_10yr_median_c,0.0,2920
rolling_valid_2011_2013,target_clim_doy_10yr_median_c,0.0,4384
rolling_valid_2014_2016,target_clim_doy_10yr_median_c,0.0,4384
rolling_valid_2017_2019,target_clim_doy_10yr_median_c,0.0,4380
rolling_valid_2020_2021,target_clim_doy_10yr_median_c,0.0,2924
sealed_confirmation_2024_plus,target_clim_doy_10yr_median_c,0.0,3528
train_base_2000_2010,target_clim_doy_10yr_median_c,0.0,16068
presealed_holdout_2022_2023,target_clim_doy_30yr_median_c,0.0,2920
rolling_valid_2011_2013,target_clim_doy_30yr_median_c,0.0,4384
rolling_valid_2014_2016,target_clim_doy_30yr_median_c,0.0,4384
rolling_valid_2017_2019,target_clim_doy_30yr_median_c,0.0,4380
rolling_valid_2020_2021,target_clim_doy_30yr_median_c,0.0,2924
sealed_confirmation_2024_plus,target_clim_doy_30yr_median_c,0.0,3528
train_base_2000_2010,target_clim_doy_30yr_median_c,0.0,16068
presealed_holdout_2022_2023,target_lag2_minus_doy30_clim_c,0.0,2920
rolling_valid_2011_2013,target_lag2_minus_doy30_clim_c,0.0,4384
rolling_valid_2014_2016,target_lag2_minus_doy30_clim_c,0.0,4384
rolling_valid_2017_2019,target_lag2_minus_doy30_clim_c,0.0,4380
rolling_valid_2020_2021,target_lag2_minus_doy30_clim_c,0.0,2924
sealed_confirmation_2024_plus,target_lag2_minus_doy30_clim_c,99.77324263038548,8
train_base_2000_2010,target_lag2_minus_doy30_clim_c,0.0,16068
presealed_holdout_2022_2023,target_lag_2_missing_flag,0.0,2920
rolling_valid_2011_2013,target_lag_2_missing_flag,0.0,4384
rolling_valid_2014_2016,target_lag_2_missing_flag,0.0,4384
rolling_valid_2017_2019,target_lag_2_missing_flag,0.0,4380
rolling_valid_2020_2021,target_lag_2_missing_flag,0.0,2924
sealed_confirmation_2024_plus,target_lag_2_missing_flag,0.0,3528
train_base_2000_2010,target_lag_2_missing_flag,0.0,16068
presealed_holdout_2022_2023,target_modern_warming_signal_c,0.0,2920
rolling_valid_2011_2013,target_modern_warming_signal_c,0.0,4384
rolling_valid_2014_2016,target_modern_warming_signal_c,0.0,4384
rolling_valid_2017_2019,target_modern_warming_signal_c,0.0,4380
rolling_valid_2020_2021,target_modern_warming_signal_c,0.0,2924
sealed_confirmation_2024_plus,target_modern_warming_signal_c,0.0,3528
train_base_2000_2010,target_modern_warming_signal_c,0.0,16068
presealed_holdout_2022_2023,target_roll30_anomaly_lag2_c,0.0,2920
rolling_valid_2011_2013,target_roll30_anomaly_lag2_c,0.0,4384
rolling_valid_2014_2016,target_roll30_anomaly_lag2_c,0.0,4384
rolling_valid_2017_2019,target_roll30_anomaly_lag2_c,0.0,4380
rolling_valid_2020_2021,target_roll30_anomaly_lag2_c,0.0,2924
sealed_confirmation_2024_plus,target_roll30_anomaly_lag2_c,99.77324263038548,8
train_base_2000_2010,target_roll30_anomaly_lag2_c,0.0,16068
presealed_holdout_2022_2023,target_roll30_minus_doy30_clim_c,0.0,2920
rolling_valid_2011_2013,target_roll30_minus_doy30_clim_c,0.0,4384
rolling_valid_2014_2016,target_roll30_minus_doy30_clim_c,0.0,4384
rolling_valid_2017_2019,target_roll30_minus_doy30_clim_c,0.0,4380
rolling_valid_2020_2021,target_roll30_minus_doy30_clim_c,0.0,2924
sealed_confirmation_2024_plus,target_roll30_minus_doy30_clim_c,98.63945578231292,48
train_base_2000_2010,target_roll30_minus_doy30_clim_c,0.0,16068
presealed_holdout_2022_2023,trend_years_since_2000,0.0,2920
rolling_valid_2011_2013,trend_years_since_2000,0.0,4384
rolling_valid_2014_2016,trend_years_since_2000,0.0,4384
rolling_valid_2017_2019,trend_years_since_2000,0.0,4380
rolling_valid_2020_2021,trend_years_since_2000,0.0,2924
sealed_confirmation_2024_plus,trend_years_since_2000,0.0,3528
train_base_2000_2010,trend_years_since_2000,0.0,16068
presealed_holdout_2022_2023,urban_core_mean_minus_coastal_marine_mean_c,0.0,2920
rolling_valid_2011_2013,urban_core_mean_minus_coastal_marine_mean_c,0.0,4384
rolling_valid_2014_2016,urban_core_mean_minus_coastal_marine_mean_c,0.0,4384
rolling_valid_2017_2019,urban_core_mean_minus_coastal_marine_mean_c,0.0,4380
rolling_valid_2020_2021,urban_core_mean_minus_coastal_marine_mean_c,0.0,2924
sealed_confirmation_2024_plus,urban_core_mean_minus_coastal_marine_mean_c,0.0,3528
train_base_2000_2010,urban_core_mean_minus_coastal_marine_mean_c,0.04356484939009211,16061
presealed_holdout_2022_2023,west_nw_nt_mean_minus_coastal_marine_mean_c,0.0,2920
rolling_valid_2011_2013,west_nw_nt_mean_minus_coastal_marine_mean_c,0.0,4384
rolling_valid_2014_2016,west_nw_nt_mean_minus_coastal_marine_mean_c,0.0,4384
rolling_valid_2017_2019,west_nw_nt_mean_minus_coastal_marine_mean_c,0.0,4380
rolling_valid_2020_2021,west_nw_nt_mean_minus_coastal_marine_mean_c,0.0,2924
sealed_confirmation_2024_plus,west_nw_nt_mean_minus_coastal_marine_mean_c,0.0,3528
train_base_2000_2010,west_nw_nt_mean_minus_coastal_marine_mean_c,0.006223549912870301,16067
