cutoff_profile,model_id,stage,n_scored,mae,rmse,median_absolute_error,bias,p80_absolute_error,p90_absolute_error,p95_absolute_error,max_absolute_error,mean_prediction,mean_actual,mean_anchor_forecast,scope
tminus1_1800,A3_hko_hourly_state_residual_lgbm,presealed_holdout,663,0.9494857855302454,1.1849431974109759,0.8287801171369757,0.021770905076138776,1.4933859072808509,1.9097054038922041,2.243721541215835,4.0137039969526604,27.342434555151556,27.320663650075417,27.205128205128204,by_split
tminus1_1800,A4_network_gradients_residual_lgbm,presealed_holdout,663,0.9503841495532468,1.1864526586656228,0.8185357879983641,0.0019269452000748777,1.5006585033084743,1.9348774694394095,2.3606226469149565,4.012680784163859,27.322590595275486,27.320663650075417,27.205128205128204,by_split
tminus1_1800,A6_target_memory_residual_lgbm,presealed_holdout,663,0.95195573351067,1.1850750018638705,0.8045891614584733,0.02239723303986037,1.5061589988261035,1.877315442000268,2.2315631501887525,4.344809495428233,27.34306088311527,27.320663650075417,27.205128205128204,by_split
tminus1_1800,A7_final_residual_ensemble,presealed_holdout,663,0.9521860783231924,1.1852212568525682,0.8127099114209475,0.02044097794023358,1.522930613494419,1.9083958177888956,2.2553948887709865,4.179874951744431,27.341104628015646,27.320663650075417,27.205128205128204,by_split
tminus1_1800,A5_text_warning_residual_lgbm,presealed_holdout,663,0.9527717086667936,1.1905280633564175,0.8372285268124138,0.007800264668455165,1.4858127404668198,1.904252732141028,2.2601459034789246,4.071893226652772,27.328463914743867,27.320663650075417,27.205128205128204,by_split
tminus1_1800,A2_revision_residual_lgbm,presealed_holdout,663,0.9561657299824268,1.1946078079270355,0.8093512409561541,0.04683417291216961,1.5251633662133213,1.9709511992573645,2.3278006262017796,4.192441312881108,27.36749782298758,27.320663650075417,27.205128205128204,by_split
tminus1_1800,A1_grouped_residual,presealed_holdout,663,0.9670659715898446,1.2082733374332237,0.8358122350721011,0.00902820217018125,1.5587882892973108,2.007928452925187,2.403190315870631,3.950406822321625,27.329691852245592,27.320663650075417,27.205128205128204,by_split
tminus1_1800,A0_raw_official,presealed_holdout,663,0.9707390648567121,1.2130760670686407,0.8999999999999986,-0.11553544494720973,1.6000000000000014,2.0,2.3999999999999986,4.0,27.205128205128204,27.320663650075417,27.205128205128204,by_split
tminus1_1800,A8_direct_lgbm_absolute,presealed_holdout,663,1.0195903126604524,1.2686535739300147,0.8905624987100857,-0.061455448620701375,1.6479162162651093,1.9878989941437735,2.4262103093965304,5.357963771587377,27.259208201454715,27.320663650075417,27.205128205128204,by_split
tminus1_1800,B0_climatology_persistence,presealed_holdout,663,1.8986274509803922,2.382096843021381,1.6700000000000017,-0.4960331825037706,2.9200000000000004,3.8000000000000034,4.720999999999998,8.38,26.824630467571644,27.320663650075417,27.205128205128204,by_split
tminus1_1800,A7_final_residual_ensemble,rolling_validation,3623,0.9330018821532432,1.1960727328480325,0.7519122261371187,0.026018251411038355,1.4874093118611018,1.9866969296807293,2.395069138296432,4.359571289434346,26.84867902977151,26.822660778360476,26.689456251725087,by_split
tminus1_1800,A6_target_memory_residual_lgbm,rolling_validation,3623,0.9341808188059793,1.196429714353393,0.7589138961747963,0.028831866016329845,1.4797837426383635,1.970538054834794,2.392768490264509,4.441100360402146,26.851492644376805,26.822660778360476,26.689456251725087,by_split
tminus1_1800,A3_hko_hourly_state_residual_lgbm,rolling_validation,3623,0.9350292038908803,1.2002647522765886,0.7521743241808352,0.03280344897883935,1.4903913828231377,2.0068234543424968,2.4424193991577554,4.250690279584255,26.855464227339315,26.822660778360476,26.689456251725087,by_split
tminus1_1800,A4_network_gradients_residual_lgbm,rolling_validation,3623,0.9353365703565215,1.1994832362586043,0.7646226322956196,0.029663498239802667,1.4829031966778161,1.9813526314750403,2.4397871261042163,4.4007183601871205,26.85232427660028,26.822660778360476,26.689456251725087,by_split
tminus1_1800,A5_text_warning_residual_lgbm,rolling_validation,3623,0.9370310044752417,1.2010615576163297,0.7644778095885272,0.021066990917124006,1.4917911218663853,1.984953864170433,2.4141196344523013,4.4466440832843475,26.8437277692776,26.822660778360476,26.689456251725087,by_split
tminus1_1800,A2_revision_residual_lgbm,rolling_validation,3623,0.9481721252761125,1.2160119988615925,0.7465600160438051,0.029271184666219897,1.5295828412663093,2.002186071399567,2.4492836655594448,4.610189062400551,26.851931963026693,26.822660778360476,26.689456251725087,by_split
tminus1_1800,A1_grouped_residual,rolling_validation,3623,0.9556377018959198,1.2230688334748967,0.7575226371992727,-0.013248859813158681,1.5373166341953808,2.0310285296227084,2.465540778654728,4.449828392952849,26.80941191854732,26.822660778360476,26.689456251725087,by_split
tminus1_1800,A0_raw_official,rolling_validation,3623,0.963621308308032,1.234341616879141,0.7999999999999972,-0.133204526635385,1.5,2.080000000000018,2.5,4.5,26.689456251725087,26.822660778360476,26.689456251725087,by_split
tminus1_1800,A8_direct_lgbm_absolute,rolling_validation,3623,0.9779769792627465,1.2549388578431087,0.790984233495486,0.0006124439036480075,1.56817209057252,2.0491740803856295,2.4674216873400607,5.974847492804566,26.823273222264124,26.822660778360476,26.689456251725087,by_split
tminus1_1800,B0_climatology_persistence,rolling_validation,3623,1.8033287330941212,2.2768852658706202,1.5,-0.35534639801269663,2.8060000000000045,3.7400000000000015,4.539999999999999,8.600000000000001,26.46731438034778,26.822660778360476,26.689456251725087,by_split
tminus1_1800,A3_hko_hourly_state_residual_lgbm,sealed_confirmation,764,0.9222081520338983,1.1645232609279776,0.7700148576613657,0.03611951565585822,1.5045488738225883,1.896859914309253,2.226001237574912,4.646536335096918,27.381931033980464,27.34581151832461,27.234293193717278,by_split
tminus1_1800,A4_network_gradients_residual_lgbm,sealed_confirmation,764,0.9323171177414552,1.1704987723836953,0.7967369037533878,0.016068972949121282,1.510667005968439,1.8586627480990872,2.234458966088705,4.734129812117974,27.361880491273727,27.34581151832461,27.234293193717278,by_split
tminus1_1800,A5_text_warning_residual_lgbm,sealed_confirmation,764,0.9327396704810913,1.1717914876310358,0.7693757918788133,0.04673618759509945,1.5017138729849049,1.8588682600044886,2.2512627032371926,4.713543885540865,27.392547705919707,27.34581151832461,27.234293193717278,by_split
tminus1_1800,A7_final_residual_ensemble,sealed_confirmation,764,0.9338069787418156,1.1693334599471863,0.7755734593420573,0.02368454277678993,1.525023982755185,1.8824215486200213,2.1926378764133507,4.476817218662621,27.369496061101398,27.34581151832461,27.234293193717278,by_split
tminus1_1800,A6_target_memory_residual_lgbm,sealed_confirmation,764,0.9341477743345745,1.1682735352320424,0.7911490875802425,0.007708570847041587,1.5068235143013018,1.8945023626793807,2.239687697940302,4.484353522135258,27.353520089171653,27.34581151832461,27.234293193717278,by_split
tminus1_1800,A2_revision_residual_lgbm,sealed_confirmation,764,0.9392828050896621,1.1804060004055665,0.7836583014490337,0.029758718931758132,1.5344554029065605,1.9315635260909267,2.2769748632288422,4.351039687066503,27.375570237256365,27.34581151832461,27.234293193717278,by_split
tminus1_1800,A1_grouped_residual,sealed_confirmation,764,0.9534766898852065,1.191171737232658,0.8018647081870398,0.010112050041123205,1.5582724658382943,1.8968003518749692,2.3070003280761995,4.388347055915265,27.35592356836574,27.34581151832461,27.234293193717278,by_split
tminus1_1800,A8_direct_lgbm_absolute,sealed_confirmation,764,0.9615514920872548,1.1873556505561236,0.8325593485673792,-0.016656718347047128,1.5672840601515765,1.909472860190962,2.22313108665592,4.0946172536168355,27.329154799977562,27.34581151832461,27.234293193717278,by_split
tminus1_1800,A0_raw_official,sealed_confirmation,764,0.9649214659685864,1.2041485880029625,0.8000000000000007,-0.11151832460732983,1.6000000000000014,1.8999999999999986,2.3000000000000007,4.600000000000001,27.234293193717278,27.34581151832461,27.234293193717278,by_split
tminus1_1800,B0_climatology_persistence,sealed_confirmation,764,2.1740575916230367,2.664196145083248,1.950000000000001,-1.014738219895288,3.300000000000002,4.299999999999997,5.192500000000001,9.099999999999998,26.331073298429324,27.34581151832461,27.234293193717278,by_split
tminus1_2100,A3_hko_hourly_state_residual_lgbm,presealed_holdout,667,0.9293773848539457,1.1677322301533364,0.7943349095168344,0.029034169663197072,1.4547158442578738,1.8874510763651604,2.2518394954918475,3.8802533839376068,27.37311213068269,27.34407796101949,27.233883058470763,by_split
tminus1_2100,A7_final_residual_ensemble,presealed_holdout,667,0.9367364395818961,1.174046685530111,0.8101403487866516,0.051674709623903164,1.5343385769558564,1.8991353082222608,2.1926187473908905,4.099891404052219,27.395752670643397,27.34407796101949,27.233883058470763,by_split
tminus1_2100,A5_text_warning_residual_lgbm,presealed_holdout,667,0.9371552197294479,1.179641189842652,0.787586187396272,0.03213020223966639,1.527295765187692,1.9040560546240355,2.2566289946103595,3.839343524419988,27.376208163259157,27.34407796101949,27.233883058470763,by_split
tminus1_2100,A6_target_memory_residual_lgbm,presealed_holdout,667,0.941294517969887,1.1778985717783648,0.8250403890695708,0.04524769305780112,1.5230122231797467,1.885014665515419,2.1975662309125754,4.110291274778323,27.38932565407729,27.34407796101949,27.233883058470763,by_split
tminus1_2100,A4_network_gradients_residual_lgbm,presealed_holdout,667,0.9422863251271514,1.181014019219092,0.7783708755549199,0.03655187365509368,1.5160595664526675,1.8923561832091544,2.250445231191771,3.9031696494960926,27.380629834674583,27.34407796101949,27.233883058470763,by_split
tminus1_2100,A2_revision_residual_lgbm,presealed_holdout,667,0.9517659262002819,1.190099337330275,0.7948917791598689,0.049291513384925253,1.4866441845576193,1.9723312750841522,2.278246795000369,4.167199818790717,27.393369474404413,27.34407796101949,27.233883058470763,by_split
tminus1_2100,A1_grouped_residual,presealed_holdout,667,0.9633921803726062,1.2043733608303004,0.8333356502570197,0.02264871512139019,1.5483987762680915,1.9947675428367138,2.3897244494721317,3.957818744264646,27.36672667614088,27.34407796101949,27.233883058470763,by_split
tminus1_2100,A0_raw_official,presealed_holdout,667,0.9665667166416793,1.2086209569965078,0.8000000000000007,-0.11019490254872573,1.6000000000000014,2.0,2.3999999999999986,4.0,27.233883058470763,27.34407796101949,27.233883058470763,by_split
tminus1_2100,A8_direct_lgbm_absolute,presealed_holdout,667,1.0158605461303225,1.266794817116305,0.8404087386947268,-0.026026451511224496,1.6316925216296863,2.024562990820701,2.4300540145772933,5.321672497953466,27.318051509508265,27.34407796101949,27.233883058470763,by_split
tminus1_2100,B0_climatology_persistence,presealed_holdout,667,1.8935682158920544,2.3774337329193402,1.6599999999999966,-0.4983058470764616,2.919999999999998,3.800000000000002,4.702999999999994,8.38,26.84577211394303,27.34407796101949,27.233883058470763,by_split
tminus1_2100,A7_final_residual_ensemble,rolling_validation,3654,0.9148905750438379,1.1774778144544737,0.7370829692846605,0.044957591344982076,1.4744572022562372,1.9509454830623947,2.3880029954367936,4.719557454626482,26.870409151279304,26.825451559934322,26.692939244663382,by_split
tminus1_2100,A6_target_memory_residual_lgbm,rolling_validation,3654,0.9161380010690117,1.1799806053931958,0.7370307782769565,0.04227919031751383,1.4778856548989645,1.9555238929989034,2.388290523006875,4.741655470277742,26.867730750251834,26.825451559934322,26.692939244663382,by_split
tminus1_2100,A3_hko_hourly_state_residual_lgbm,rolling_validation,3654,0.9211573249188616,1.1851251973574197,0.7310669325388588,0.03508060869197435,1.4808923947157446,1.9396622091107563,2.4541881604058693,4.617392060371607,26.860532168626293,26.825451559934322,26.692939244663382,by_split
tminus1_2100,A4_network_gradients_residual_lgbm,rolling_validation,3654,0.9216933832131096,1.185285480263683,0.7421039731724459,0.03923045504236601,1.4705759601019601,1.9600120920448139,2.419980906452255,4.463566118089879,26.864682014976683,26.825451559934322,26.692939244663382,by_split
tminus1_2100,A5_text_warning_residual_lgbm,rolling_validation,3654,0.9234167630285627,1.1868367562086977,0.7440772289438531,0.03605046331448346,1.4819348075985956,1.976159891448084,2.4230589421473,4.54803803019837,26.861502023248804,26.825451559934322,26.692939244663382,by_split
tminus1_2100,A2_revision_residual_lgbm,rolling_validation,3654,0.9385779983712901,1.206219743053568,0.7459155456885789,0.03650321214864648,1.5122301179357442,2.0130749123964944,2.456733533794169,4.599205387695722,26.861954772082964,26.825451559934322,26.692939244663382,by_split
tminus1_2100,A1_grouped_residual,rolling_validation,3654,0.94773134927748,1.2144957154791678,0.75,0.0015398335879893096,1.5275878202874318,2.023078595014661,2.4516161948931585,4.437715255792188,26.82699139352231,26.825451559934322,26.692939244663382,by_split
tminus1_2100,A0_raw_official,rolling_validation,3654,0.9564313081554462,1.2255445713813329,0.7999999999999972,-0.13251231527093593,1.5,2.0,2.5,4.5,26.692939244663382,26.825451559934322,26.692939244663382,by_split
tminus1_2100,A8_direct_lgbm_absolute,rolling_validation,3654,0.9610266054988955,1.2370150547910554,0.777562022707194,0.017790736062258936,1.5336941815900402,2.0574290526870604,2.466310945650419,5.798516718201604,26.843242295996575,26.825451559934322,26.692939244663382,by_split
tminus1_2100,B0_climatology_persistence,rolling_validation,3654,1.802408319649699,2.27555460678774,1.5000000000000018,-0.35538040503557744,2.8000000000000007,3.737000000000003,4.539999999999999,8.600000000000001,26.47007115489874,26.825451559934322,26.692939244663382,by_split
tminus1_2100,A3_hko_hourly_state_residual_lgbm,sealed_confirmation,767,0.929471925383872,1.172954216402617,0.7405933178737563,0.01958880519887371,1.547981998819874,1.9225169566142724,2.211513219858235,4.731047091260816,27.351792195029386,27.332203389830504,27.211212516297262,by_split
tminus1_2100,A4_network_gradients_residual_lgbm,sealed_confirmation,767,0.935538542827798,1.1775623562402997,0.7580910164919601,0.036820736452352266,1.5725644597871358,1.9037744430698158,2.2245478666060543,4.759491170235755,27.36902412628286,27.332203389830504,27.211212516297262,by_split
tminus1_2100,A5_text_warning_residual_lgbm,sealed_confirmation,767,0.9367523100156642,1.1805953098443511,0.7607080914684126,0.037442022684973396,1.5537142590368072,1.8959899627573435,2.215709620166057,4.752913346609905,27.369645412515485,27.332203389830504,27.211212516297262,by_split
tminus1_2100,A6_target_memory_residual_lgbm,sealed_confirmation,767,0.9368008704765748,1.1819960372305771,0.773354305214724,0.049693805287371356,1.535975623329374,1.9485054312749206,2.2268828467416886,4.551030046476466,27.38189719511788,27.332203389830504,27.211212516297262,by_split
tminus1_2100,A7_final_residual_ensemble,sealed_confirmation,767,0.9382825327419391,1.1813629528130545,0.7728585974054312,0.03491194823849403,1.5229960232622954,1.9398051826743694,2.2438995098105003,4.575937219220215,27.367115338069002,27.332203389830504,27.211212516297262,by_split
tminus1_2100,A2_revision_residual_lgbm,sealed_confirmation,767,0.9393275050367251,1.182550552819846,0.775224324504471,0.009854484089560118,1.4918485185457637,1.930193430986074,2.3312174427558796,4.3980682309431565,27.34205787392007,27.332203389830504,27.211212516297262,by_split
tminus1_2100,A1_grouped_residual,sealed_confirmation,767,0.955245103973931,1.1946408415798766,0.802680538548362,0.008795659824519797,1.5580722857763343,1.9043839795792215,2.3256807263167976,4.381691694902987,27.340999049655025,27.332203389830504,27.211212516297262,by_split
tminus1_2100,A8_direct_lgbm_absolute,sealed_confirmation,767,0.956236344575489,1.1930862294652131,0.7881486802019779,-0.022309896813752284,1.5450774904793128,1.8983767150933302,2.2532085281879497,4.370068758598549,27.309893493016755,27.332203389830504,27.211212516297262,by_split
tminus1_2100,A0_raw_official,sealed_confirmation,767,0.968187744458931,1.2086606204542145,0.8000000000000007,-0.12099087353324639,1.6000000000000014,1.8999999999999986,2.3000000000000007,4.600000000000001,27.211212516297262,27.332203389830504,27.211212516297262,by_split
tminus1_2100,B0_climatology_persistence,sealed_confirmation,767,2.1733116036505864,2.6624188108523996,1.9499999999999993,-1.0151368970013037,3.3000000000000007,4.299999999999997,5.184999999999997,9.099999999999998,26.31706649282921,27.332203389830504,27.211212516297262,by_split
tminus1_2359,A7_final_residual_ensemble,presealed_holdout,730,0.9097169030948915,1.1537963777880313,0.770332633653803,0.03769984455994072,1.4672123328289217,1.8742619777383829,2.2782538553902616,3.997335796498021,27.019343680176377,26.981643835616435,26.886301369863013,by_split
tminus1_2359,A6_target_memory_residual_lgbm,presealed_holdout,730,0.9137474406238166,1.1555932340769204,0.7694377599246369,0.03903686942452672,1.4727664427668343,1.8865660206079777,2.2833382146396493,4.0144068842967755,27.020680705040963,26.981643835616435,26.886301369863013,by_split
tminus1_2359,A5_text_warning_residual_lgbm,presealed_holdout,730,0.9191115670045923,1.1640454348649194,0.7701756714623542,0.027580250030396332,1.460162559340539,1.9046985886923904,2.3256286018204335,4.119317482445009,27.009224085646835,26.981643835616435,26.886301369863013,by_split
tminus1_2359,A3_hko_hourly_state_residual_lgbm,presealed_holdout,730,0.9195504438206372,1.1645562248543935,0.7823301525047182,0.04362917904596286,1.4861257263652663,1.883670627184107,2.3273462359454467,4.14631159491196,27.0252730146624,26.981643835616435,26.886301369863013,by_split
tminus1_2359,A4_network_gradients_residual_lgbm,presealed_holdout,730,0.9202917807710541,1.1621667378007097,0.7628246381576922,0.0258915398371363,1.4665507316522721,1.9148987743515347,2.286030162821977,4.154629260330697,27.00753537545357,26.981643835616435,26.886301369863013,by_split
tminus1_2359,A2_revision_residual_lgbm,presealed_holdout,730,0.9298285165061578,1.1763650459136759,0.7771808228376855,0.05606915428119693,1.50658547172129,1.9249746682361988,2.34255005362718,4.168039700741435,27.037712989897635,26.981643835616435,26.886301369863013,by_split
tminus1_2359,A0_raw_official,presealed_holdout,730,0.9397260273972604,1.1869726658980153,0.8000000000000007,-0.09534246575342473,1.5,2.0,2.3999999999999986,4.0,26.886301369863013,26.981643835616435,26.886301369863013,by_split
tminus1_2359,A1_grouped_residual,presealed_holdout,730,0.9402172108139825,1.1849960984269192,0.8190919319887708,0.039465287642695836,1.510306908079816,1.9332210834620025,2.377212097287411,3.7376846534030435,27.021109123259134,26.981643835616435,26.886301369863013,by_split
tminus1_2359,A8_direct_lgbm_absolute,presealed_holdout,730,1.004170387869003,1.260547794630374,0.8323044740574534,-0.025057917667145102,1.624534986789631,2.034665342054849,2.505008277594129,4.986188417827764,26.95658591794929,26.981643835616435,26.886301369863013,by_split
tminus1_2359,B0_climatology_persistence,presealed_holdout,730,1.9297397260273974,2.44962739688338,1.6549999999999976,-0.4173561643835615,2.952000000000003,3.871000000000001,4.841000000000001,9.959999999999997,26.564287671232876,26.981643835616435,26.886301369863013,by_split
tminus1_2359,A7_final_residual_ensemble,rolling_validation,4017,0.8925769392007505,1.1493259080176734,0.7184578523434304,0.0014735034535517178,1.4461233876319484,1.9038106067062976,2.3382425593497613,4.432900809485698,26.486063993869287,26.484590490415734,26.356733881005727,by_split
tminus1_2359,A3_hko_hourly_state_residual_lgbm,rolling_validation,4017,0.8940368894514172,1.1537568038753157,0.7117945030382948,0.008169484488951663,1.4372720725557793,1.9337951556192965,2.345500388282606,4.6012294136818745,26.492759974904686,26.484590490415734,26.356733881005727,by_split
tminus1_2359,A4_network_gradients_residual_lgbm,rolling_validation,4017,0.8949644382676135,1.15185363770903,0.7179975444903555,0.022145626780406158,1.4371334651489969,1.9170534891185333,2.3621967122488976,4.422518014723931,26.506736117196137,26.484590490415734,26.356733881005727,by_split
tminus1_2359,A6_target_memory_residual_lgbm,rolling_validation,4017,0.8956847962949231,1.1550527029626412,0.7200228783700311,0.0253637601467008,1.4447646247608419,1.9124632475599492,2.376172626851345,4.494228746793425,26.509954250562433,26.484590490415734,26.356733881005727,by_split
tminus1_2359,A5_text_warning_residual_lgbm,rolling_validation,4017,0.8961521443047586,1.152980595265381,0.7245462583660185,0.02268458222143219,1.4362182300433084,1.9146988201951836,2.365037883988815,4.385345523536646,26.507275072637167,26.484590490415734,26.356733881005727,by_split
tminus1_2359,A2_revision_residual_lgbm,rolling_validation,4017,0.9085189616146493,1.1723462866308874,0.721310560481399,0.023068404835224633,1.4703609373321933,1.957660042323252,2.3934246597328253,4.442932728355654,26.507658895250962,26.484590490415734,26.356733881005727,by_split
tminus1_2359,A1_grouped_residual,rolling_validation,4017,0.9183321685587252,1.1826457492867952,0.7267169576613703,0.01165204569777021,1.4758880256608622,1.9560579997251524,2.408550334324451,4.438538435245153,26.496242536113503,26.484590490415734,26.356733881005727,by_split
tminus1_2359,A0_raw_official,rolling_validation,4017,0.9252676126462535,1.19234342699427,0.7000000000000028,-0.12785660941000745,1.5,2.0,2.3999999999999986,4.5,26.356733881005727,26.484590490415734,26.356733881005727,by_split
tminus1_2359,A8_direct_lgbm_absolute,rolling_validation,4017,0.940265775049366,1.2135741632617347,0.7510201391712954,0.012373141423891395,1.524579327023338,2.012470927614503,2.3789267046915255,7.689968822761708,26.496963631839623,26.484590490415734,26.356733881005727,by_split
tminus1_2359,B0_climatology_persistence,rolling_validation,4017,1.8297535474234505,2.3177675364453076,1.5200000000000031,-0.3064724919093851,2.839999999999999,3.8200000000000003,4.619999999999998,10.479999999999999,26.178117998506348,26.484590490415734,26.356733881005727,by_split
tminus1_2359,A6_target_memory_residual_lgbm,sealed_confirmation,882,0.9122975275202059,1.1752958975095746,0.7427772792530778,-0.008752207705490928,1.4593061656794313,1.8910291373269703,2.205209044422061,8.246808048127383,26.81981922086594,26.82857142857143,26.705215419501133,by_split
tminus1_2359,A5_text_warning_residual_lgbm,sealed_confirmation,882,0.913899594615418,1.17631043852363,0.7429230471381754,0.007862835195831273,1.4774124356958118,1.889263582338799,2.218364541977675,8.189127588577412,26.83643426376726,26.82857142857143,26.705215419501133,by_split
tminus1_2359,A4_network_gradients_residual_lgbm,sealed_confirmation,882,0.9140247691291284,1.178946409376598,0.7265876593709066,0.017232100458289667,1.482045995590454,1.9195532672653726,2.2304865192977528,8.233601160161092,26.845803529029716,26.82857142857143,26.705215419501133,by_split
tminus1_2359,A3_hko_hourly_state_residual_lgbm,sealed_confirmation,882,0.9157899875497983,1.1803402881023006,0.7666241795135349,0.0031763905576970087,1.4699211272765256,1.9126708084495743,2.2001224105950374,8.115805377994901,26.831747819129127,26.82857142857143,26.705215419501133,by_split
tminus1_2359,A7_final_residual_ensemble,sealed_confirmation,882,0.9172480706318402,1.1757678225557913,0.774743579159427,-0.041018192108465176,1.467022355932884,1.9104747026011264,2.245230062394971,7.769879133313763,26.78755323646297,26.82857142857143,26.705215419501133,by_split
tminus1_2359,A2_revision_residual_lgbm,sealed_confirmation,882,0.9282028124708217,1.1983612436305777,0.7584452930155656,-0.016790283458407364,1.5022796533225813,1.9155111197350345,2.2780020139658586,8.730591372422412,26.81178114511302,26.82857142857143,26.705215419501133,by_split
tminus1_2359,A1_grouped_residual,sealed_confirmation,882,0.9414565763949259,1.2072433908365834,0.7580268177143612,0.009925844303667906,1.529319861563586,1.8979876172395,2.3130169733157273,8.83378546930714,26.8384972728751,26.82857142857143,26.705215419501133,by_split
tminus1_2359,A8_direct_lgbm_absolute,sealed_confirmation,882,0.9435517828397493,1.1971073541403277,0.7989940139257108,-0.06488411065168771,1.5228111005253966,1.8672667585120235,2.2423532466869727,8.43206860097291,26.763687317919743,26.82857142857143,26.705215419501133,by_split
tminus1_2359,A0_raw_official,sealed_confirmation,882,0.9489795918367347,1.2183126504660922,0.8000000000000007,-0.12335600907029474,1.5,1.8999999999999986,2.3000000000000007,8.6,26.705215419501133,26.82857142857143,26.705215419501133,by_split
tminus1_2359,B0_climatology_persistence,sealed_confirmation,882,2.2278684807256237,2.743882496839576,1.9499999999999993,-0.9797732426303853,3.400000000000002,4.4899999999999975,5.300000000000001,9.099999999999998,25.848798185941043,26.82857142857143,26.705215419501133,by_split
