source,item_id,kind,status,bytes,fetch_elapsed_seconds,normalization_status,normalization_elapsed_seconds,row_count,error
himawari9_b13_s0510,himawari9_B13_S0510_20260621_0020,himawari_hsd,ok,3211628,3.251292500004638,ok,2.5280421000206843,1,
himawari9_b13_s0510,himawari9_B13_S0510_20260621_0030,himawari_hsd,ok,3211907,3.2783462000079453,ok,2.4679443000350147,1,
himawari9_b13_s0510,himawari9_B13_S0510_20260621_0000,himawari_hsd,ok,3213894,4.299614800023846,ok,2.551643199985847,1,
himawari9_b13_s0510,himawari9_B13_S0510_20260621_0100,himawari_hsd,ok,3207854,4.211911300022621,ok,2.876498099998571,1,
himawari9_b13_s0510,himawari9_B13_S0510_20260621_0050,himawari_hsd,ok,3209097,4.414956599997822,ok,3.6189990999992006,1,
himawari9_b13_s0510,himawari9_B13_S0510_20260621_0040,himawari_hsd,ok,3210505,5.031970699958038,ok,3.9248447999707423,1,
himawari9_b13_s0510,himawari9_B13_S0510_20260621_0110,himawari_hsd,ok,3209230,5.335395700007211,ok,3.8217608999693766,1,
himawari9_b13_s0510,himawari9_B13_S0510_20260621_0010,himawari_hsd,ok,3214029,5.26415459997952,ok,5.484383300004993,1,
himawari9_b13_s0510,himawari9_B13_S0510_20260621_0120,himawari_hsd,ok,3208575,2.5818474999978207,ok,3.776241799991112,1,
himawari9_b13_s0510,himawari9_B13_S0510_20260621_0240,himawari_hsd,error,,0.6295948999468237,skip,0.0,0,HTTPError: HTTP Error 404: Not Found
himawari9_b13_s0510,himawari9_B13_S0510_20260621_0130,himawari_hsd,ok,3209620,3.2784241000190377,ok,3.791004900005646,1,
himawari9_b13_s0510,himawari9_B13_S0510_20260621_0150,himawari_hsd,ok,3211037,2.966464299999643,ok,2.570758300018497,1,
himawari9_b13_s0510,himawari9_B13_S0510_20260621_0140,himawari_hsd,ok,3210701,2.5846854000119492,ok,4.802261599979829,1,
himawari9_b13_s0510,himawari9_B13_S0510_20260621_0200,himawari_hsd,ok,3213870,2.549061800003983,ok,2.938969500013627,1,
himawari9_b13_s0510,himawari9_B13_S0510_20260621_0210,himawari_hsd,ok,3214744,2.5741604999639094,ok,3.017432499967981,1,
himawari9_b13_s0510,himawari9_B13_S0510_20260621_0230,himawari_hsd,ok,3218672,2.0395990000106394,ok,4.943125000048894,1,
himawari9_b13_s0510,himawari9_B13_S0510_20260621_0250,himawari_hsd,ok,3224490,2.6377385000232607,ok,3.26454449997982,1,
himawari9_b13_s0510,himawari9_B13_S0510_20260621_0300,himawari_hsd,ok,3226007,2.3530831999960355,ok,3.338502000027802,1,
himawari9_b13_s0510,himawari9_B13_S0510_20260621_0310,himawari_hsd,ok,3228319,3.626701899978798,ok,2.8686784000019543,1,
himawari9_b13_s0510,himawari9_B13_S0510_20260621_0330,himawari_hsd,ok,3233256,2.754782600037288,ok,3.1017286999849603,1,
himawari9_b13_s0510,himawari9_B13_S0510_20260621_0340,himawari_hsd,ok,3235308,2.288685000035912,ok,3.100871599977836,1,
himawari9_b13_s0510,himawari9_B13_S0510_20260621_0220,himawari_hsd,ok,3217103,8.349587700038683,ok,2.7333894000039436,1,
himawari9_b13_s0510,himawari9_B13_S0510_20260621_0350,himawari_hsd,ok,3237244,2.496522399946116,ok,3.204859299992677,1,
himawari9_b13_s0510,himawari9_B13_S0510_20260621_0410,himawari_hsd,ok,3239671,2.9800743000232615,ok,2.388799599953927,1,
himawari9_b13_s0510,himawari9_B13_S0510_20260621_0400,himawari_hsd,ok,3238388,3.4735802999930456,ok,2.4264470999478363,1,
himawari9_b13_s0510,himawari9_B13_S0510_20260621_0420,himawari_hsd,ok,3239892,3.2113324000383727,ok,2.2929653000319377,1,
himawari9_b13_s0510,himawari9_B13_S0510_20260621_0320,himawari_hsd,ok,3230491,7.8280694000422955,ok,3.8183463999885134,1,
himawari9_b13_s0510,himawari9_B13_S0510_20260621_0450,himawari_hsd,ok,3238830,2.531756400014274,ok,2.6370274999644607,1,
himawari9_b13_s0510,himawari9_B13_S0510_20260621_0430,himawari_hsd,ok,3240229,3.7642431000131182,ok,3.043774800025858,1,
himawari9_b13_s0510,himawari9_B13_S0510_20260621_0440,himawari_hsd,ok,3239398,3.849360699998215,ok,3.3865183999878354,1,
himawari9_b13_s0510,himawari9_B13_S0510_20260621_0510,himawari_hsd,ok,3238366,1.6932074999785982,ok,3.576199400005862,1,
himawari9_b13_s0510,himawari9_B13_S0510_20260621_0500,himawari_hsd,ok,3238650,2.375742900010664,ok,4.415254999999888,1,
himawari9_b13_s0510,himawari9_B13_S0510_20260621_0530,himawari_hsd,ok,3235703,2.5217020999989472,ok,3.0282057999866083,1,
himawari9_b13_s0510,himawari9_B13_S0510_20260621_0520,himawari_hsd,ok,3237650,2.9807473000255413,ok,3.6636762999696657,1,
himawari9_b13_s0510,himawari9_B13_S0510_20260621_0550,himawari_hsd,ok,3235384,2.75758879998466,ok,3.6322412999579683,1,
himawari9_b13_s0510,himawari9_B13_S0510_20260621_0610,himawari_hsd,ok,3233961,2.165707499952987,ok,3.43910080002388,1,
himawari9_b13_s0510,himawari9_B13_S0510_20260621_0540,himawari_hsd,ok,3235088,4.065187600033823,ok,4.069340599991847,1,
himawari9_b13_s0510,himawari9_B13_S0510_20260621_0620,himawari_hsd,ok,3233164,2.322022999986075,ok,2.959252600034233,1,
himawari9_b13_s0510,himawari9_B13_S0510_20260621_0600,himawari_hsd,ok,3234142,5.170871899987105,ok,3.2470650000032037,1,
himawari9_b13_s0510,himawari9_B13_S0510_20260621_0640,himawari_hsd,ok,3231240,2.0248683000099845,ok,3.1365538999671116,1,
himawari9_b13_s0510,himawari9_B13_S0510_20260621_0650,himawari_hsd,ok,3232442,2.354137200047262,ok,3.4097299000131898,1,
himawari9_b13_s0510,himawari9_B13_S0510_20260621_0630,himawari_hsd,ok,3232065,2.0659406000049785,ok,5.213629299949389,1,
himawari9_b13_s0510,himawari9_B13_S0510_20260621_0700,himawari_hsd,ok,3231583,2.198181800020393,ok,3.333913499955088,1,
himawari9_b13_s0510,himawari9_B13_S0510_20260621_0710,himawari_hsd,ok,3231198,3.1256787000456825,ok,3.0723829999915324,1,
himawari9_b13_s0510,himawari9_B13_S0510_20260621_0730,himawari_hsd,ok,3233091,2.5753566999919713,ok,2.8567217999952845,1,
himawari9_b13_s0510,himawari9_B13_S0510_20260621_0740,himawari_hsd,ok,3234016,2.420977700036019,ok,2.691805000009481,1,
himawari9_b13_s0510,himawari9_B13_S0510_20260621_0750,himawari_hsd,ok,3233284,3.3090273000416346,ok,2.4900503999670036,1,
himawari9_b13_s0510,himawari9_B13_S0510_20260621_0800,himawari_hsd,ok,3234521,2.7594872000045143,ok,2.7037017000257038,1,
himawari9_b13_s0510,himawari9_B13_S0510_20260621_0720,himawari_hsd,ok,3231645,2.9892664999933913,ok,6.339557000028435,1,
himawari9_b13_s0510,himawari9_B13_S0510_20260621_0840,himawari_hsd,ok,3228955,2.257076500041876,ok,3.3426046000095084,1,
himawari9_b13_s0510,himawari9_B13_S0510_20260621_0830,himawari_hsd,ok,3230248,2.816166600037832,ok,3.6522050999919884,1,
himawari9_b13_s0510,himawari9_B13_S0510_20260621_0850,himawari_hsd,ok,3226793,2.270592699991539,ok,3.4074285000097007,1,
himawari9_b13_s0510,himawari9_B13_S0510_20260621_0820,himawari_hsd,ok,3231512,4.777094499964733,ok,3.539854099974036,1,
himawari9_b13_s0510,himawari9_B13_S0510_20260621_0810,himawari_hsd,ok,3233008,3.0436037000035867,ok,6.671183600032236,1,
himawari9_b13_s0510,himawari9_B13_S0510_20260621_0900,himawari_hsd,ok,3225336,3.2979078000062145,ok,3.1198388000484556,1,
himawari9_b13_s0510,himawari9_B13_S0510_20260621_0920,himawari_hsd,ok,3223382,2.725120099959895,ok,3.529783900012262,1,
himawari9_b13_s0510,himawari9_B13_S0510_20260621_0910,himawari_hsd,ok,3224271,5.304166299989447,ok,2.4341719999792986,1,
himawari9_b13_s0510,himawari9_B13_S0510_20260621_0950,himawari_hsd,ok,3223870,2.337292800017167,ok,2.9628611999796703,1,
himawari9_b13_s0510,himawari9_B13_S0510_20260621_0930,himawari_hsd,ok,3222796,3.127297799976077,ok,2.88625390001107,1,
himawari9_b13_s0510,himawari9_B13_S0510_20260621_0940,himawari_hsd,ok,3222989,2.462176700006239,ok,3.4757014000206254,1,
himawari9_b13_s0510,himawari9_B13_S0510_20260621_1000,himawari_hsd,ok,3225989,3.3218175999936648,ok,2.824424100050237,1,
himawari9_b13_s0510,himawari9_B13_S0510_20260621_1010,himawari_hsd,ok,3226085,4.049583600019105,ok,4.793292900023516,1,
himawari9_b13_s0510,himawari9_B13_S0510_20260621_1040,himawari_hsd,ok,3228108,3.1675237999879755,ok,3.3801215999992564,1,
himawari9_b13_s0510,himawari9_B13_S0510_20260621_1030,himawari_hsd,ok,3227877,2.647053799999412,ok,4.801342099963222,1,
himawari9_b13_s0510,himawari9_B13_S0510_20260621_1020,himawari_hsd,ok,3227341,5.527730800036807,ok,3.277576299966313,1,
himawari9_b13_s0510,himawari9_B13_S0510_20260621_1100,himawari_hsd,ok,3228281,2.16941339999903,ok,3.6253981000045314,1,
himawari9_b13_s0510,himawari9_B13_S0510_20260621_1120,himawari_hsd,ok,3229945,1.737713199981954,ok,3.2085440999944694,1,
himawari9_b13_s0510,himawari9_B13_S0510_20260621_1110,himawari_hsd,ok,3228627,4.408067200041842,ok,3.1193068000138737,1,
himawari9_b13_s0510,himawari9_B13_S0510_20260621_1050,himawari_hsd,ok,3227834,4.82669590000296,ok,3.3023267000098713,1,
himawari9_b13_s0510,himawari9_B13_S0510_20260621_1130,himawari_hsd,ok,3230874,2.9160755000193603,ok,2.6077186000184156,1,
himawari9_b13_s0510,himawari9_B13_S0510_20260621_1150,himawari_hsd,ok,3230114,2.8694357000058517,ok,2.27655120001873,1,
himawari9_b13_s0510,himawari9_B13_S0510_20260621_1220,himawari_hsd,ok,3229403,2.414445500005968,ok,2.467618800001219,1,
himawari9_b13_s0510,himawari9_B13_S0510_20260621_1210,himawari_hsd,ok,3229363,2.3979725999524817,ok,3.0317515999777243,1,
himawari9_b13_s0510,himawari9_B13_S0510_20260621_1200,himawari_hsd,ok,3230052,4.560556099982932,ok,2.236600600008387,1,
himawari9_b13_s0510,himawari9_B13_S0510_20260621_1230,himawari_hsd,ok,3229581,2.2979625000152737,ok,2.7355258999741636,1,
himawari9_b13_s0510,himawari9_B13_S0510_20260621_1140,himawari_hsd,ok,3231684,5.392844400019385,ok,2.947463099961169,1,
himawari9_b13_s0510,himawari9_B13_S0510_20260621_1240,himawari_hsd,ok,3230932,2.9035536000155844,ok,2.9386598999844864,1,
himawari9_b13_s0510,himawari9_B13_S0510_20260621_1250,himawari_hsd,ok,3231584,2.0876905000186525,ok,3.6606744000455365,1,
himawari9_b13_s0510,himawari9_B13_S0510_20260621_1310,himawari_hsd,ok,3233642,2.2337293999735266,ok,2.644676800002344,1,
himawari9_b13_s0510,himawari9_B13_S0510_20260621_1320,himawari_hsd,ok,3232279,2.3696909999707714,ok,2.628131800040137,1,
himawari9_b13_s0510,himawari9_B13_S0510_20260621_1300,himawari_hsd,ok,3232698,2.171485200000461,ok,3.8069606000208296,1,
himawari9_b13_s0510,himawari9_B13_S0510_20260621_1440,himawari_hsd,error,,0.5997351999976672,skip,0.0,0,HTTPError: HTTP Error 404: Not Found
himawari9_b13_s0510,himawari9_B13_S0510_20260621_1330,himawari_hsd,ok,3230836,2.5554865999729373,ok,2.9177700000000186,1,
himawari9_b13_s0510,himawari9_B13_S0510_20260621_1340,himawari_hsd,ok,3230511,2.5151555000338703,ok,3.5045068999752402,1,
himawari9_b13_s0510,himawari9_B13_S0510_20260621_1350,himawari_hsd,ok,3231510,3.0661899999831803,ok,3.2560435999766923,1,
himawari9_b13_s0510,himawari9_B13_S0510_20260621_1400,himawari_hsd,ok,3233047,3.541056100046262,ok,2.986107900040224,1,
himawari9_b13_s0510,himawari9_B13_S0510_20260621_1420,himawari_hsd,ok,3233576,2.5629967999993823,ok,2.6991842999705113,1,
himawari9_b13_s0510,himawari9_B13_S0510_20260621_1430,himawari_hsd,ok,3233272,3.402124400017783,ok,2.5689625999657437,1,
himawari9_b13_s0510,himawari9_B13_S0510_20260621_1500,himawari_hsd,ok,3230668,2.782527300005313,ok,2.0341829999815673,1,
himawari9_b13_s0510,himawari9_B13_S0510_20260621_1510,himawari_hsd,ok,3228656,2.457773100002669,ok,2.366907200019341,1,
himawari9_b13_s0510,himawari9_B13_S0510_20260621_1410,himawari_hsd,ok,3233002,3.554735699959565,ok,4.9306928999722,1,
himawari9_b13_s0510,himawari9_B13_S0510_20260621_1520,himawari_hsd,ok,3226145,2.2848945999867283,ok,3.046123099979013,1,
himawari9_b13_s0510,himawari9_B13_S0510_20260621_1450,himawari_hsd,ok,3231522,2.9491873999941163,ok,5.975504499976523,1,
himawari9_b13_s0510,himawari9_B13_S0510_20260621_1530,himawari_hsd,ok,3223609,3.123267200018745,ok,3.4200262000085786,1,
himawari9_b13_s0510,himawari9_B13_S0510_20260621_1550,himawari_hsd,ok,3218070,2.534463899966795,ok,3.12273359997198,1,
himawari9_b13_s0510,himawari9_B13_S0510_20260621_1600,himawari_hsd,ok,3214437,2.725350599968806,ok,2.816974300018046,1,
himawari9_b13_s0510,himawari9_B13_S0510_20260621_1540,himawari_hsd,ok,3221209,4.604239900014363,ok,2.7886612999718636,1,
himawari9_b13_s0510,himawari9_B13_S0510_20260621_1630,himawari_hsd,ok,3203896,3.677100800035987,ok,2.227724800002761,1,
himawari9_b13_s0510,himawari9_B13_S0510_20260621_1620,himawari_hsd,ok,3206857,2.749441799998749,ok,4.622745100001339,1,
himawari9_b13_s0510,himawari9_B13_S0510_20260621_1610,himawari_hsd,ok,3210016,5.347370499977842,ok,2.579762000008486,1,
himawari9_b13_s0510,himawari9_B13_S0510_20260621_1650,himawari_hsd,ok,3198587,2.4330344000482,ok,2.5583935999893583,1,
himawari9_b13_s0510,himawari9_B13_S0510_20260621_1720,himawari_hsd,ok,3194406,1.8043657000525855,ok,2.311629300005734,1,
himawari9_b13_s0510,himawari9_B13_S0510_20260621_1640,himawari_hsd,ok,3200352,2.882001999998465,ok,3.9423717000172473,1,
himawari9_b13_s0510,himawari9_B13_S0510_20260621_1710,himawari_hsd,ok,3194589,2.973312399990391,ok,2.4666571999550797,1,
himawari9_b13_s0510,himawari9_B13_S0510_20260621_1700,himawari_hsd,ok,3195621,3.2684946000226773,ok,2.622747100016568,1,
himawari9_b13_s0510,himawari9_B13_S0510_20260621_1730,himawari_hsd,ok,3194434,1.6083650000509806,ok,2.691257200029213,1,
himawari9_b13_s0510,himawari9_B13_S0510_20260621_1750,himawari_hsd,ok,3197066,2.4130950000253506,ok,2.3029353999882005,1,
himawari9_b13_s0510,himawari9_B13_S0510_20260621_1800,himawari_hsd,ok,3197304,2.1683749999501742,ok,2.472046999959275,1,
himawari9_b13_s0510,himawari9_B13_S0510_20260621_1740,himawari_hsd,ok,3195777,2.5684558000066318,ok,3.52548209996894,1,
himawari9_b13_s0510,himawari9_B13_S0510_20260621_1810,himawari_hsd,ok,3198124,2.711184499959927,ok,3.0757345000165515,1,
himawari9_b13_s0510,himawari9_B13_S0510_20260621_1820,himawari_hsd,ok,3198302,2.778184599999804,ok,3.5400939999963157,1,
himawari9_b13_s0510,himawari9_B13_S0510_20260621_1830,himawari_hsd,ok,3199593,3.2490286000538617,ok,2.6373639999656007,1,
himawari9_b13_s0510,himawari9_B13_S0510_20260621_1840,himawari_hsd,ok,3199281,3.9745366999995895,ok,2.5013486999669112,1,
himawari9_b13_s0510,himawari9_B13_S0510_20260621_1900,himawari_hsd,ok,3199427,3.128347499994561,ok,2.705333099991549,1,
himawari9_b13_s0510,himawari9_B13_S0510_20260621_1850,himawari_hsd,ok,3199207,4.816920800018124,ok,2.437876900017727,1,
himawari9_b13_s0510,himawari9_B13_S0510_20260621_1910,himawari_hsd,ok,3199956,2.917675499978941,ok,3.3911739999894053,1,
himawari9_b13_s0510,himawari9_B13_S0510_20260621_1930,himawari_hsd,ok,3201649,2.275329799973406,ok,3.041466600028798,1,
himawari9_b13_s0510,himawari9_B13_S0510_20260621_1920,himawari_hsd,ok,3200493,3.1046958999941126,ok,3.8603991999989375,1,
himawari9_b13_s0510,himawari9_B13_S0510_20260621_1950,himawari_hsd,ok,3202014,3.6661806000047363,ok,2.3405510000302456,1,
himawari9_b13_s0510,himawari9_B13_S0510_20260621_2000,himawari_hsd,ok,3202157,2.559986999956891,ok,2.974931499978993,1,
himawari9_b13_s0510,himawari9_B13_S0510_20260621_1940,himawari_hsd,ok,3201838,2.9937533999909647,ok,4.354151599982288,1,
himawari9_b13_s0510,himawari9_B13_S0510_20260621_2010,himawari_hsd,ok,3201164,2.2200609000283293,ok,3.0599967999733053,1,
himawari9_b13_s0510,himawari9_B13_S0510_20260621_2020,himawari_hsd,ok,3201557,2.3290296000195667,ok,3.132598500000313,1,
himawari9_b13_s0510,himawari9_B13_S0510_20260621_2030,himawari_hsd,ok,3200272,2.942763700033538,ok,3.2612687000073493,1,
himawari9_b13_s0510,himawari9_B13_S0510_20260621_2040,himawari_hsd,ok,3200131,3.4207208000007086,ok,2.6242950999876484,1,
himawari9_b13_s0510,himawari9_B13_S0510_20260621_2050,himawari_hsd,ok,3200756,2.6202008000109345,ok,3.8339082999737,1,
himawari9_b13_s0510,himawari9_B13_S0510_20260621_2110,himawari_hsd,ok,3202569,3.447536699997727,ok,2.5604987000115216,1,
himawari9_b13_s0510,himawari9_B13_S0510_20260621_2100,himawari_hsd,ok,3202221,4.295918699994218,ok,2.9530168999917805,1,
himawari9_b13_s0510,himawari9_B13_S0510_20260621_2120,himawari_hsd,ok,3202817,2.5058663999661803,ok,4.185989000019617,1,
himawari9_b13_s0510,himawari9_B13_S0510_20260621_2140,himawari_hsd,ok,3200091,2.3661557000014,ok,3.6109167000395246,1,
himawari9_b13_s0510,himawari9_B13_S0510_20260621_2150,himawari_hsd,ok,3199003,2.239864199946169,ok,3.584941500041168,1,
himawari9_b13_s0510,himawari9_B13_S0510_20260621_2200,himawari_hsd,ok,3196678,2.030067899962887,ok,3.8075122999725863,1,
himawari9_b13_s0510,himawari9_B13_S0510_20260621_2130,himawari_hsd,ok,3201691,4.633148199995048,ok,3.694420200015884,1,
himawari9_b13_s0510,himawari9_B13_S0510_20260621_2210,himawari_hsd,ok,3197120,2.850889900000766,ok,2.7961932999896817,1,
himawari9_b13_s0510,himawari9_B13_S0510_20260621_2220,himawari_hsd,ok,3195219,3.3267156000365503,ok,2.399371700012125,1,
himawari9_b13_s0510,himawari9_B13_S0510_20260621_2230,himawari_hsd,ok,3193157,3.1834894999628887,ok,2.317717099969741,1,
himawari9_b13_s0510,himawari9_B13_S0510_20260621_2240,himawari_hsd,ok,3190778,3.2000060999998823,ok,3.155123900040053,1,
himawari9_b13_s0510,himawari9_B13_S0510_20260621_2300,himawari_hsd,ok,3186395,1.9378973999992013,ok,2.7556521999649704,1,
himawari9_b13_s0510,himawari9_B13_S0510_20260621_2250,himawari_hsd,ok,3188071,2.865536900004372,ok,2.77203809999628,1,
himawari9_b13_s0510,himawari9_B13_S0510_20260621_2310,himawari_hsd,ok,3185709,3.1770805999985896,ok,2.1601628999924287,1,
himawari9_b13_s0510,himawari9_B13_S0510_20260621_2320,himawari_hsd,ok,3184609,2.8362219000118785,ok,2.4996597000281326,1,
himawari9_b13_s0510,himawari9_B13_S0510_20260621_2330,himawari_hsd,ok,3186515,2.0108127999701537,ok,2.6463640000438318,1,
himawari9_b13_s0510,himawari9_B13_S0510_20260621_2340,himawari_hsd,ok,3186089,1.8876038999878801,ok,1.969301999954041,1,
himawari9_b13_s0510,himawari9_B13_S0510_20260621_2350,himawari_hsd,ok,3187516,2.1333504000212997,ok,2.068874299991876,1,
