official_max_bin,method,family,row_count,rps,nll,brier,crps,ece,mce,entropy
24_or_below,B2_month_residual_pmf,residual_pmf,2000,0.005892482413558666,0.17091284567340392,0.007840754375186046,0.058924824135586674,0.009937151051511812,0.1331792085366229,0.1759631539909048
24_or_below,H1_b4_challenger_linear_pool,hybrid_pool,2000,0.005898874994936457,0.17182128383520986,0.007869913319378894,0.05898874994936459,0.00782589979901797,0.06125499780694943,0.17039256373181497
24_or_below,S1_conservative_simplex_stack,stack,2000,0.005899848813891261,0.17212004544376033,0.007860096867493388,0.0589984881389126,0.007825935163042749,0.028983860118369176,0.18659988625187077
24_or_below,B4_hierarchical_residual_pmf,residual_pmf,2000,0.005903080297986508,0.17127071930823087,0.007867189408620134,0.0590308029798651,0.005607866382211304,0.02436339049176306,0.1777791173818987
24_or_below,K0_B4_identity,calibration,2000,0.005903080297986508,0.17127071930823087,0.007867189408620134,0.0590308029798651,0.005607866382211304,0.02436339049176306,0.1777791173818987
24_or_below,K2_B4_monotone_cdf_projected,calibration,2000,0.0059030802979865085,0.17127071930823098,0.007867189408620133,0.0590308029798651,0.005607866382211385,0.02436339049176306,0.17777911738190114
24_or_below,K1_B4_power_calibrated,calibration,2000,0.00590995309452981,0.1719334590600408,0.007870375779492175,0.059099530945298136,0.007007630031896007,0.07315349695477436,0.19123032274529414
24_or_below,B5_kernel_analog_pmf,analog_pmf,2000,0.005934830550402324,0.17982744640412596,0.007898584175520822,0.05934830550402326,0.005141022849917345,0.022622216427239272,0.181965427852495
24_or_below,B3_forecast_level_residual_pmf,residual_pmf,2000,0.0059773962331891185,0.1743843771725564,0.007925995014628187,0.059773962331891195,0.007013504912846714,0.1055501949889488,0.18774641335929976
24_or_below,T1_time_decay_b4,time_decay_residual_pmf,2000,0.005980463092035736,0.1732746530446491,0.007961336723936093,0.059804630920357385,0.007466388389080133,0.05932871578983101,0.15804649318350375
24_or_below,P2_student_t_mos,mos,2000,0.0060125485229209075,0.1746396281698922,0.007958827929821763,0.06012548522920906,0.00820263756391114,0.05501998147559162,0.16916206815975512
24_or_below,C2_ordinal_cdf_logistic,direct_classifier,2000,0.006038873610374578,0.1802802121903235,0.008004459177165111,0.06038873610374578,0.011612506000015,0.46293314449793926,0.21882681097581894
24_or_below,P1_normal_mos,mos,2000,0.00604040392340809,0.1748671592128553,0.007973354904056621,0.06040403923408091,0.009863127561988086,0.12292427914572968,0.14420835125882858
24_or_below,C1_multinomial_ridge,direct_classifier,2000,0.0060510952120667524,0.1795066975877557,0.008003166708785633,0.060510952120667524,0.010401781560270431,0.04152293835648013,0.20051986755065598
24_or_below,B1_global_residual_pmf,residual_pmf,2000,0.006062267183498862,0.17561354390806339,0.008007856054234454,0.06062267183498862,0.011792478441879025,0.07671631872037366,0.148569269529098
24_or_below,E2_student_t_emos,emos,2000,0.006101055184323501,0.18272495057354918,0.00807704883897004,0.061010551843235006,0.014941291751849306,0.09823288779457517,0.17852234652762627
24_or_below,E1_normal_emos,emos,2000,0.006336336606819696,0.19921007591800066,0.008258312953241018,0.06336336606819695,0.027190110361825993,0.14440761726705897,0.08503432743256346
24_or_below,G1_gamlss_tree_location_scale,gamlss_tree,2000,0.006376045928475874,0.20917667115178484,0.008281021743851544,0.06376045928475874,0.028924422577862582,0.14148825374450247,0.07741248481517561
24_or_below,E3_two_piece_normal_emos,emos,2000,0.006668399194102829,0.25350372232083934,0.008626881567469841,0.06668399194102828,0.03705623722367645,0.195099068540168,0.05455350703897385
24_or_below,Q2_threshold_cdf_gb,threshold_cdf,2000,0.01022188663036523,0.2950654920951289,0.009002510623101092,0.1022188663036523,0.09443514181804724,0.13287132425817805,0.6851922339074943
24_or_below,Q1_quantile_cdf_gb,quantile_cdf,2000,0.014316874672989904,0.36476089682677854,0.011410688529538238,0.1431687467298991,0.17492011187858908,0.520175269808671,0.9606990159245647
24_or_below,B6_month_climatology_diagnostic,diagnostic,2000,0.01663680646082809,0.3374986349065616,0.012486107459386397,0.16636806460828088,0.08337265905676193,0.43873286918437615,0.4979351007703661
24_or_below,B0_climatology,baseline,2000,0.13914555657596575,1.0348491046757244,0.04009708741682924,1.391455565759657,0.5485050638903507,0.5520775129197021,2.007404167227956
25,B5_kernel_analog_pmf,analog_pmf,249,0.05046390038423421,1.2579074552112772,0.06241506303237286,0.5046390038423421,0.0517375536375615,0.06729964133043859,1.2495288119789494
25,B1_global_residual_pmf,residual_pmf,249,0.05068788889542719,1.267022429168084,0.06230870758810886,0.5068788889542719,0.03407285750732647,0.03407285750732647,1.2554342819001265
25,T1_time_decay_b4,time_decay_residual_pmf,249,0.05074498013335298,1.2728681440732863,0.0625660005527359,0.5074498013335301,0.03432145069941808,0.11793858613689956,1.2428696663834962
25,B3_forecast_level_residual_pmf,residual_pmf,249,0.050806790406301976,1.280067149201318,0.0623379253045359,0.5080679040630199,0.03058833302635372,0.03058833302635372,1.2151305950675422
25,H1_b4_challenger_linear_pool,hybrid_pool,249,0.05082879148307681,1.2758728085818571,0.06281449825999934,0.5082879148307682,0.03133666934252586,0.5084824873211501,1.2391308612100858
25,K1_B4_power_calibrated,calibration,249,0.0508773713840771,1.2825123693148905,0.06301704912723316,0.508773713840771,0.05077458724330417,0.142018201913939,1.2664956673487
25,S1_conservative_simplex_stack,stack,249,0.050889699926492296,1.279850243829212,0.06300449081281935,0.5088969992649229,0.04763413045434235,0.1492110178845807,1.2524130562210052
25,B4_hierarchical_residual_pmf,residual_pmf,249,0.0509610686281146,1.2839691035677243,0.06314676558023408,0.509610686281146,0.046560464618501066,0.12064944535019978,1.2429419244503812
25,K0_B4_identity,calibration,249,0.0509610686281146,1.2839691035677243,0.06314676558023408,0.509610686281146,0.046560464618501066,0.12064944535019978,1.2429419244503812
25,K2_B4_monotone_cdf_projected,calibration,249,0.0509610686281146,1.2839691035677243,0.06314676558023408,0.509610686281146,0.046560464618501024,0.12064944535019978,1.242941924450382
25,P1_normal_mos,mos,249,0.05098221484845418,1.2680184478565224,0.06258666755893676,0.5098221484845418,0.046220351106735426,0.06551817219831624,1.2427643044151717
25,P2_student_t_mos,mos,249,0.05100574919481698,1.272424622082786,0.06266560417743632,0.5100574919481697,0.04156618909412173,0.043027419658894284,1.2831251170761968
25,B2_month_residual_pmf,residual_pmf,249,0.05102222216886337,1.2813990913812725,0.0629423365754851,0.5102222216886338,0.04392349495146947,0.10170364477508059,1.2959479769273297
25,E2_student_t_emos,emos,249,0.051234678814779354,1.2835476209605858,0.06300012389446617,0.5123467881477936,0.07015360701870321,0.07282987506338201,1.2328747993721254
25,C2_ordinal_cdf_logistic,direct_classifier,249,0.051691767688754005,1.3072384163558928,0.06398587558805532,0.51691767688754,0.14142480752486156,0.28721683247730145,1.3337300012818045
25,E1_normal_emos,emos,249,0.05204598130864118,1.3148246446423988,0.06354733206373589,0.5204598130864119,0.07019506000686379,0.07633293140490499,1.078128828143874
25,C1_multinomial_ridge,direct_classifier,249,0.05220546171837759,1.3189703636564618,0.06481729842498471,0.522054617183776,0.09093781243306126,0.7198220589319217,1.298454365339316
25,G1_gamlss_tree_location_scale,gamlss_tree,249,0.05224597106263374,1.3525040419085352,0.06419275968420059,0.5224597106263376,0.10330593693041192,0.10727753916216487,1.0502617335823743
25,Q2_threshold_cdf_gb,threshold_cdf,249,0.052918498468855796,1.37432957423887,0.06348245141162072,0.5291849846885579,0.05325506471448365,0.35120511244618535,1.4302718409218835
25,E3_two_piece_normal_emos,emos,249,0.053810529270628384,1.4716993165483256,0.06628769887264818,0.5381052927062838,0.1469919136008238,0.6030030681520486,0.9626281321562269
25,Q1_quantile_cdf_gb,quantile_cdf,249,0.05383364945138253,1.368499175139605,0.06399599409502625,0.5383364945138255,0.0495231126942851,0.7360914913420307,1.5238045570838057
25,B6_month_climatology_diagnostic,diagnostic,249,0.08123306269426926,1.808745248004673,0.07891720751103655,0.8123306269426925,0.25482785074929093,0.4911480923634481,1.152238711322351
25,B0_climatology,baseline,249,0.12630884397422176,2.16339413536581,0.07431820987079073,1.2630884397422175,0.008809162438034047,0.008846749636154616,2.0116085038650273
26,B5_kernel_analog_pmf,analog_pmf,256,0.0668099731356712,1.5326079711953495,0.06931380566220632,0.6680997313567121,0.03289213886296934,0.10808810481293968,1.5192892372899163
26,B4_hierarchical_residual_pmf,residual_pmf,256,0.06694524501621141,1.5361638718182622,0.06919901199408021,0.669452450162114,0.045639842458883285,0.41564907692936187,1.5447248100900413
26,K0_B4_identity,calibration,256,0.06694524501621141,1.5361638718182622,0.06919901199408021,0.669452450162114,0.045639842458883285,0.41564907692936187,1.5447248100900413
26,K2_B4_monotone_cdf_projected,calibration,256,0.06694524501621141,1.5361638718182622,0.06919901199408021,0.669452450162114,0.045639842458883265,0.4156490769293618,1.5447248100900421
26,H1_b4_challenger_linear_pool,hybrid_pool,256,0.06696396120591283,1.5345474226127096,0.06925424107044523,0.6696396120591284,0.055239337382856274,0.08339359513970046,1.5362150992333068
26,S1_conservative_simplex_stack,stack,256,0.06698236353803377,1.536194494258392,0.06921780617603833,0.6698236353803377,0.03651396156748103,0.4006685069375032,1.5591059902482685
26,K1_B4_power_calibrated,calibration,256,0.06701577566510741,1.5370485241317393,0.0691741756961193,0.6701577566510744,0.04651696464938647,0.4035548029161705,1.5627687565656536
26,T1_time_decay_b4,time_decay_residual_pmf,256,0.0673249104978155,1.549999277065333,0.06984451348657729,0.673249104978155,0.0471819984358841,0.20904327959882235,1.5447134827819422
26,B2_month_residual_pmf,residual_pmf,256,0.06754620243329085,1.5491329279646568,0.06978317075800788,0.6754620243329086,0.06917588542303235,0.1670073061503185,1.5701394829752877
26,B1_global_residual_pmf,residual_pmf,256,0.06801616385349023,1.5771694814394357,0.07061647573137442,0.6801616385349022,0.04244715916497638,0.04244715916497638,1.541772797870929
26,P2_student_t_mos,mos,256,0.06848076033318701,1.576587091913785,0.0706607704198105,0.6848076033318701,0.05337262717835325,0.11789990583248727,1.581101858061074
26,E2_student_t_emos,emos,256,0.06853457362896506,1.5857400708280163,0.07101890978114588,0.6853457362896507,0.10150693835136125,0.11356598323301459,1.5084961639989645
26,P1_normal_mos,mos,256,0.06855180871777285,1.5764414442873207,0.07074629963479526,0.6855180871777284,0.06591659474751499,0.06838902293214172,1.5362119893253892
26,B3_forecast_level_residual_pmf,residual_pmf,256,0.06868882921852193,1.5871779181610681,0.07109305545948515,0.6868882921852193,0.05555485265812671,0.05555485265812671,1.5797433331370683
26,C1_multinomial_ridge,direct_classifier,256,0.06932597063359451,1.5850764206181231,0.07086070545897763,0.6932597063359451,0.04255266309167423,0.41143072571842665,1.6209576773347627
26,C2_ordinal_cdf_logistic,direct_classifier,256,0.06944326612052679,1.5932545666283322,0.07126654941209046,0.6944326612052678,0.06897505291351598,0.45488207929199326,1.6227057535596643
26,E1_normal_emos,emos,256,0.07009842940229251,1.6630821502114022,0.07280398899384227,0.7009842940229251,0.14043670411442957,0.5070330204693915,1.307473084796899
26,Q2_threshold_cdf_gb,threshold_cdf,256,0.07043812072647604,1.64026447364357,0.07116270892611613,0.7043812072647604,0.05236579560814078,0.26722057562364954,1.7578190640739044
26,G1_gamlss_tree_location_scale,gamlss_tree,256,0.07102919335440037,1.731067888828055,0.07424858827771312,0.7102919335440039,0.17381417130906732,0.21304560822408827,1.2486365217753357
26,Q1_quantile_cdf_gb,quantile_cdf,256,0.07111836536399795,1.6611487284304243,0.07259873870904138,0.7111836536399794,0.06890629803812771,0.19331097049923956,1.7752777582088302
26,E3_two_piece_normal_emos,emos,256,0.0733364944971216,1.931700683878101,0.07764814456503656,0.7333649449712158,0.218131932672985,0.6078601135834956,1.112894155817652
26,B6_month_climatology_diagnostic,diagnostic,256,0.11621641699538668,2.2038425368072323,0.09308221984323782,1.1621641699538667,0.3441263763291895,0.8117030505415743,1.4624569656759403
26,B0_climatology,baseline,256,0.11954171868114066,2.5213445539062773,0.08644208412630722,1.1954171868114063,0.19414047661768982,0.221173244642245,2.009855139922017
27,B5_kernel_analog_pmf,analog_pmf,280,0.06650107397601625,1.6517832468329678,0.06930237088214576,0.6650107397601626,0.03648496516296414,0.0683752067909007,1.6022752571370376
27,H1_b4_challenger_linear_pool,hybrid_pool,280,0.06656332270348796,1.5873189701678836,0.0691411423155489,0.6656332270348796,0.04375268659717263,0.06500584347613836,1.6061766561027615
27,T1_time_decay_b4,time_decay_residual_pmf,280,0.0666690068457524,1.5895108189794,0.06931418349590301,0.6666900684575239,0.06832382306192011,0.4239500593601755,1.6170341514361763
27,S1_conservative_simplex_stack,stack,280,0.0667477995937112,1.5954688476970342,0.06941062533476627,0.6674779959371119,0.040822950529697644,0.05593857862496354,1.630719724522664
27,B4_hierarchical_residual_pmf,residual_pmf,280,0.06683615466757344,1.601927553914996,0.0695445557520424,0.6683615466757346,0.04502412659653186,0.07157275410870162,1.6130012493731662
27,K0_B4_identity,calibration,280,0.06683615466757344,1.601927553914996,0.0695445557520424,0.6683615466757346,0.04502412659653186,0.07157275410870162,1.6130012493731662
27,K2_B4_monotone_cdf_projected,calibration,280,0.06683615466757346,1.6019275539149957,0.0695445557520424,0.6683615466757346,0.045024126596531856,0.07157275410870162,1.613001249373167
27,K1_B4_power_calibrated,calibration,280,0.06687511872220318,1.6030246625263778,0.06952775656667674,0.6687511872220321,0.04185376325465428,0.05995581019538038,1.6344706829620015
27,B2_month_residual_pmf,residual_pmf,280,0.06691003506303181,1.6182288680485313,0.06927290431131744,0.669100350630318,0.03333795111137738,0.5899803551681916,1.6312561420122904
27,E2_student_t_emos,emos,280,0.06727656114307812,1.615633905573467,0.06981409897668304,0.6727656114307811,0.07147648744875204,0.07744175997604646,1.5778051054597206
27,B1_global_residual_pmf,residual_pmf,280,0.06732782515865994,1.6200348304301084,0.0698174028437861,0.6732782515865994,0.038102927825404864,0.038102927825404864,1.6307995982611547
27,B3_forecast_level_residual_pmf,residual_pmf,280,0.06764158740190183,1.631076390811513,0.07020198752523209,0.6764158740190185,0.07076522188480014,0.12738332920816858,1.664897151956935
27,P1_normal_mos,mos,280,0.06777825915203008,1.6240942577304318,0.07009457718562866,0.6777825915203008,0.07748272484133287,0.11274374601599085,1.629144297970629
27,P2_student_t_mos,mos,280,0.06785093687806215,1.6288464470916393,0.07013719666974348,0.6785093687806215,0.03496655244504122,0.07923723413111308,1.6897275837147752
27,C1_multinomial_ridge,direct_classifier,280,0.06816397325535735,1.6317980267085954,0.07053701596160801,0.6816397325535734,0.03274833410895164,0.3951721828815923,1.6987388381634214
27,C2_ordinal_cdf_logistic,direct_classifier,280,0.06825751456165757,1.6313189313487724,0.0704797202348966,0.6825751456165757,0.04587361591262808,0.49078263293300395,1.719369071723608
27,Q2_threshold_cdf_gb,threshold_cdf,280,0.06839483117441855,1.677240386601698,0.07026902296303664,0.6839483117441855,0.009036350052112115,0.015737474099267346,1.832363725739636
27,E1_normal_emos,emos,280,0.0684429563397158,1.6868230963842787,0.07064560038922671,0.684429563397158,0.1115538989138082,0.16002150480267338,1.3171403805062243
27,G1_gamlss_tree_location_scale,gamlss_tree,280,0.06878796389189272,1.747479002714148,0.07134360174638457,0.6878796389189273,0.14076731762639996,0.30797062361614386,1.257202984606773
27,E3_two_piece_normal_emos,emos,280,0.07103877176773032,1.9559606271487544,0.07407359137236509,0.7103877176773032,0.18218006160057615,0.39903634420906686,1.1010995771125875
27,Q1_quantile_cdf_gb,quantile_cdf,280,0.07104330145022682,1.7526585654868951,0.07300840564355293,0.7104330145022683,0.03466407524144508,0.33026722396221914,1.8750239706419758
27,B0_climatology,baseline,280,0.11626648575068584,2.734488316089651,0.09535828511632131,1.1626648575068583,0.35473753946400455,0.35481364175855495,2.0088433497428957
27,B6_month_climatology_diagnostic,diagnostic,280,0.13234841440447892,2.38321617532941,0.09646234642829352,1.323484144044789,0.3256813374337425,0.9347269538285446,1.6306498194560113
28,B1_global_residual_pmf,residual_pmf,331,0.06626645923169687,1.6171051524981939,0.06975448315245676,0.6626645923169685,0.008039743239218466,0.008039743239218466,1.6453668863410216
28,B5_kernel_analog_pmf,analog_pmf,331,0.06627060497159706,1.6097048494412847,0.0696010496842779,0.6627060497159708,0.02187202305628986,0.02742010078101137,1.6135198256637038
28,B3_forecast_level_residual_pmf,residual_pmf,331,0.06631513141676543,1.6086027442471302,0.06972711949819571,0.6631513141676543,0.022116166590160635,0.022116166590160635,1.654164609284417
28,T1_time_decay_b4,time_decay_residual_pmf,331,0.06640044153785506,1.6129933844018933,0.06983266291023736,0.6640044153785506,0.0072162844091362525,0.01297309609431302,1.629565262532042
28,P1_normal_mos,mos,331,0.06643192896651705,1.609106710002326,0.06988707810081718,0.6643192896651704,0.02813583604093378,0.051299502284366416,1.6452044455234083
28,S1_conservative_simplex_stack,stack,331,0.06644153080407027,1.6127895837529336,0.06986785678913361,0.6644153080407027,0.004242274101014201,0.005254375735449013,1.6362950398097704
28,H1_b4_challenger_linear_pool,hybrid_pool,331,0.06650401733467573,1.6178656318426083,0.06987175444515907,0.6650401733467571,0.032735789501548034,0.07918307808847888,1.6127023226233839
28,B4_hierarchical_residual_pmf,residual_pmf,331,0.06654543510887168,1.61913809201754,0.06995915391746102,0.6654543510887169,0.01422121414579407,0.5931111741800809,1.621237148174113
28,K0_B4_identity,calibration,331,0.06654543510887168,1.61913809201754,0.06995915391746102,0.6654543510887169,0.01422121414579407,0.5931111741800809,1.621237148174113
28,K2_B4_monotone_cdf_projected,calibration,331,0.06654543510887168,1.61913809201754,0.06995915391746102,0.6654543510887169,0.014221214145794095,0.5931111741800807,1.621237148174113
28,P2_student_t_mos,mos,331,0.06655309630063092,1.6211502690415538,0.06994050020575768,0.6655309630063091,0.01900187738126309,0.02263794905571037,1.7190487712902267
28,K1_B4_power_calibrated,calibration,331,0.06658110244398102,1.6198588335017345,0.06995649269352912,0.6658110244398102,0.0015996179267546312,0.002259608546417602,1.6456053336197116
28,E2_student_t_emos,emos,331,0.06670954696624638,1.6454599240055647,0.07044341274943854,0.667095469662464,0.05030547900246806,0.2988875409325,1.6051726533031978
28,B2_month_residual_pmf,residual_pmf,331,0.06684656950895913,1.6295500312368811,0.0700299654695131,0.6684656950895912,0.035371120577165724,0.5920260437524492,1.6394131391239015
28,C2_ordinal_cdf_logistic,direct_classifier,331,0.06688366461242222,1.6262847684652122,0.07011997172985437,0.6688366461242221,0.0086224130790372,0.4258004046546673,1.7260380070076013
28,C1_multinomial_ridge,direct_classifier,331,0.06692151479456847,1.623313600756724,0.07046549269621262,0.6692151479456847,0.04319063605732199,0.6557520245928526,1.6941846600299963
28,E1_normal_emos,emos,331,0.06776965374064613,1.7011525506672591,0.0714608528083053,0.6776965374064613,0.09020450001753083,0.11522284448008202,1.3190359579932207
28,Q2_threshold_cdf_gb,threshold_cdf,331,0.06788540877606089,1.7060280363974578,0.0705532436543285,0.6788540877606087,0.029597430553627763,0.042463623141399676,1.83197856519484
28,G1_gamlss_tree_location_scale,gamlss_tree,331,0.0683647191984881,1.7720106988421507,0.07241219927144205,0.683647191984881,0.11284082265319598,0.1175560378448699,1.2384264488812593
28,E3_two_piece_normal_emos,emos,331,0.07016994734644703,1.9727186015574978,0.07472120145364694,0.7016994734644704,0.15923208819517687,0.39711676696932974,1.1017633296453833
28,Q1_quantile_cdf_gb,quantile_cdf,331,0.0719753274246258,1.7849184418349902,0.07217134176422546,0.7197532742462581,0.07761025148936745,0.15046746626051277,1.940526444731086
28,B0_climatology,baseline,331,0.12415506118562179,2.6811563707541097,0.09618558743280657,1.241550611856218,0.3912834143625412,0.3985031948605818,2.0095660169995244
28,B6_month_climatology_diagnostic,diagnostic,331,0.13802965466948386,2.369549964527309,0.08979553800925798,1.3802965466948387,0.278548839788814,0.964105193758699,1.802494968212185
29,E2_student_t_emos,emos,405,0.06915003034423017,1.6706504956871633,0.06988296276992244,0.6915003034423017,0.039549700979917314,0.09018027796488665,1.6095296493784943
29,P1_normal_mos,mos,405,0.06926301542807102,1.6652282890306556,0.06998724208279031,0.6926301542807102,0.03859842810053836,0.05133907703518431,1.6470148567322334
29,P2_student_t_mos,mos,405,0.0693326712757313,1.6634587436107857,0.07001738455613056,0.693326712757313,0.04632348878489017,0.05585350497375674,1.7258169765802842
29,B5_kernel_analog_pmf,analog_pmf,405,0.06949136880206312,1.8140180061117182,0.07037172149006803,0.6949136880206312,0.0446571761193323,0.11935581996057448,1.5940496475511097
29,H1_b4_challenger_linear_pool,hybrid_pool,405,0.06949140339973242,1.6704023035602449,0.06989129468476485,0.6949140339973242,0.028010041296133558,0.06835415013959228,1.600224447992725
29,T1_time_decay_b4,time_decay_residual_pmf,405,0.06952486129531552,1.6558597727415647,0.06990721251491634,0.6952486129531552,0.005274759413564598,0.07928653465731095,1.6267394497074543
29,B1_global_residual_pmf,residual_pmf,405,0.0695323489624192,1.6642950893076678,0.06987455366383986,0.695323489624192,0.006047128541964541,0.0060471285419645415,1.6473012450182627
29,C2_ordinal_cdf_logistic,direct_classifier,405,0.06964292600189577,1.7200921968395724,0.07074929671129367,0.6964292600189577,0.04422362419293374,0.4027085648486887,1.7235560131062806
29,S1_conservative_simplex_stack,stack,405,0.06968635167098487,1.6721022808310104,0.07007773004061954,0.6968635167098487,0.0433906758187164,0.04969186831511119,1.6107291612797225
29,B3_forecast_level_residual_pmf,residual_pmf,405,0.06969444179666283,1.6808028475049226,0.07011255163401682,0.6969444179666283,0.02180804817684801,0.021808048176848005,1.6316777600924288
29,B4_hierarchical_residual_pmf,residual_pmf,405,0.0698169998491987,1.6922088438081961,0.07016831803667728,0.6981699984919869,0.0453975157673103,0.05249919571918038,1.5916676602950834
29,K0_B4_identity,calibration,405,0.0698169998491987,1.6922088438081961,0.07016831803667728,0.6981699984919869,0.0453975157673103,0.05249919571918038,1.5916676602950834
29,K2_B4_monotone_cdf_projected,calibration,405,0.0698169998491987,1.692208843808201,0.07016831803667728,0.6981699984919869,0.0453975157673103,0.05249919571918038,1.5916676602950828
29,K1_B4_power_calibrated,calibration,405,0.06982481301681559,1.6878063586576395,0.07014955842302766,0.6982481301681558,0.037421757189398094,0.04892365336099325,1.616378511771638
29,C1_multinomial_ridge,direct_classifier,405,0.06999713926002994,1.7083822638420518,0.07117836182824445,0.6999713926002993,0.0443179801178001,0.0666756031377389,1.681877789038841
29,B2_month_residual_pmf,residual_pmf,405,0.07001456650001715,1.6968990695415622,0.06992673255068826,0.7001456650001717,0.015406532396362247,0.01753091171411658,1.5977258889708867
29,E1_normal_emos,emos,405,0.07034963189771799,1.800790716018496,0.070805030397882,0.70349631897718,0.06161712438557623,0.10522942456501161,1.3096609934631782
29,Q2_threshold_cdf_gb,threshold_cdf,405,0.07144855514677569,1.7614625068817493,0.07118683733901696,0.7144855514677569,0.012663758404615836,0.41124617332083585,1.8153660678608206
29,G1_gamlss_tree_location_scale,gamlss_tree,405,0.07148377754471337,1.9203239721258145,0.07177661601830805,0.7148377754471339,0.09881226579126973,0.1012240435886721,1.2243472142698948
29,E3_two_piece_normal_emos,emos,405,0.07268785932598487,2.129794308066767,0.07370734561796155,0.7268785932598488,0.13234307841108575,0.14049683633066262,1.0929936966395593
29,Q1_quantile_cdf_gb,quantile_cdf,405,0.07844255984115805,1.83194271608344,0.07242712670423396,0.7844255984115805,0.06725412772721039,0.5932472401322472,1.979998522756131
29,B6_month_climatology_diagnostic,diagnostic,405,0.1318931579566324,2.2884888993333248,0.08411396195677251,1.3189315795663237,0.1426987447992903,0.7690705496224248,1.9324304217526678
29,B0_climatology,baseline,405,0.1473671347957104,2.606044128143535,0.09549354876341751,1.4736713479571037,0.3974859515912206,0.40382711090832785,2.009001259634553
30,P2_student_t_mos,mos,433,0.07683276319438484,1.753704405252415,0.07252969261741138,0.7683276319438485,0.018616088468410133,0.04492410056626406,1.7257986768485662
30,P1_normal_mos,mos,433,0.07698756580460624,1.7577929656900197,0.07262338699970787,0.7698756580460623,0.040906009259490485,0.06057925170059636,1.6473746826583293
30,T1_time_decay_b4,time_decay_residual_pmf,433,0.07723577387444557,1.763007347595611,0.07255714163699264,0.7723577387444557,0.047327154203802305,0.06402740054226991,1.622446072409762
30,C2_ordinal_cdf_logistic,direct_classifier,433,0.07723941677038997,1.7537233358756694,0.0724144282755279,0.7723941677038995,0.03425317135275971,0.08473678213135688,1.7278271444260438
30,C1_multinomial_ridge,direct_classifier,433,0.07733780752929395,1.744383439041301,0.0724713498224599,0.7733780752929394,0.016126551732570837,0.062250917078735646,1.678328758806081
30,S1_conservative_simplex_stack,stack,433,0.07736526331219132,1.7831638523180509,0.0727967648940034,0.7736526331219131,0.04549430711753817,0.08001291191756127,1.6150160265238813
30,K1_B4_power_calibrated,calibration,433,0.07741548302036977,1.7912215506921338,0.07278589742494622,0.7741548302036975,0.040773967639452936,0.041511466591575286,1.6220679932124529
30,B5_kernel_analog_pmf,analog_pmf,433,0.07745178728851936,1.8658990675241953,0.07281665392366203,0.7745178728851938,0.058147063812345794,0.06608513255094473,1.6128650272810363
30,B4_hierarchical_residual_pmf,residual_pmf,433,0.07752436683944586,1.80079210655278,0.07291510579808828,0.7752436683944586,0.04914573797075981,0.054165696694756404,1.5963651780400065
30,K0_B4_identity,calibration,433,0.07752436683944586,1.80079210655278,0.07291510579808828,0.7752436683944586,0.04914573797075981,0.054165696694756404,1.5963651780400065
30,K2_B4_monotone_cdf_projected,calibration,433,0.07752436683944586,1.8007921065527803,0.07291510579808828,0.7752436683944586,0.04914573797075981,0.054165696694756404,1.5963651780400065
30,H1_b4_challenger_linear_pool,hybrid_pool,433,0.07755494381355031,1.793059253187502,0.07294955735088493,0.7755494381355029,0.0402108515864321,0.04219269817934829,1.600158007708551
30,E2_student_t_emos,emos,433,0.07778263995547634,1.8140746466842568,0.07358679611638809,0.7778263995547635,0.05068975663371033,0.05134733563755689,1.608157898822783
30,B3_forecast_level_residual_pmf,residual_pmf,433,0.07783663427240593,1.7708003597720643,0.07311823759229992,0.7783663427240592,0.04216513359532248,0.04216513359532248,1.60971192931331
30,B1_global_residual_pmf,residual_pmf,433,0.07790639912568072,1.7763059128353123,0.07287204870290623,0.7790639912568074,0.02697046141485382,0.02697046141485382,1.6473260321573664
30,B2_month_residual_pmf,residual_pmf,433,0.07824413861693816,1.7971884797522852,0.07326347886088463,0.7824413861693817,0.026085102672370745,0.02626183343830782,1.5982407791282305
30,E1_normal_emos,emos,433,0.07984970856353775,2.0033429932424016,0.07521905862750237,0.7984970856353777,0.08766365261667733,0.11403221308775713,1.3119459262328395
30,Q2_threshold_cdf_gb,threshold_cdf,433,0.08061700669320392,1.8540828344456914,0.07346430923355654,0.8061700669320393,0.013151274232229062,0.03192117785363752,1.8191400623118592
30,G1_gamlss_tree_location_scale,gamlss_tree,433,0.08172935366735945,2.166256354653578,0.07717499066806813,0.8172935366735945,0.14188668766782184,0.18330651915295243,1.2125471974453328
30,E3_two_piece_normal_emos,emos,433,0.08294742725083504,2.455883221404387,0.07892557652316837,0.8294742725083505,0.15462489487934766,0.16580338478691048,1.0944485870643483
30,Q1_quantile_cdf_gb,quantile_cdf,433,0.09309744112999016,1.9918541883639396,0.07516815300664915,0.9309744112999017,0.030215678146825933,0.11682711193429512,2.071306628951351
30,B6_month_climatology_diagnostic,diagnostic,433,0.12401703888019448,2.1991042197469435,0.08170855659574072,1.2401703888019449,0.10806815004712372,0.7616560138977695,1.9882140760721152
30,B0_climatology,baseline,433,0.18091214816742437,2.5718238698929867,0.09510172943357022,1.8091214816742438,0.39815240590797707,0.4035983311815985,2.006964630416119
31,P1_normal_mos,mos,404,0.06657016790283721,1.610981871440157,0.06990928375470751,0.6657016790283723,0.04534437811273971,0.0586200017967021,1.6454364645520363
31,P2_student_t_mos,mos,404,0.06669015826428976,1.6227039039398874,0.06996578923328878,0.6669015826428976,0.015664657277741204,0.10092318052928584,1.7178793974252746
31,B5_kernel_analog_pmf,analog_pmf,404,0.0668901494814862,1.736768631334656,0.07012944191349968,0.6689014948148619,0.007959312568535517,0.2681807406104987,1.5709455708017288
31,E2_student_t_emos,emos,404,0.06706352747174305,1.6523283633567478,0.07070249325880004,0.6706352747174303,0.06484892500028722,0.06633972651604153,1.5794443116305963
31,B3_forecast_level_residual_pmf,residual_pmf,404,0.0670804754321522,1.6397402720037446,0.0701287937915736,0.6708047543215221,0.008134104571765555,0.008134104571765555,1.582367626899611
31,S1_conservative_simplex_stack,stack,404,0.0670846332570668,1.6297248803939024,0.07011636141479863,0.6708463325706681,0.06702104073845006,0.13772710189303988,1.5813884636215862
31,K1_B4_power_calibrated,calibration,404,0.06716980424119005,1.632685814274602,0.07015362708605076,0.6716980424119006,0.064103322866166,0.07187679361649213,1.5851812774554677
31,K2_B4_monotone_cdf_projected,calibration,404,0.06721748064669292,1.6358316197915261,0.07022102539327821,0.6721748064669293,0.07175940768498115,0.07626798296950171,1.5603644823653315
31,B4_hierarchical_residual_pmf,residual_pmf,404,0.06721748064669293,1.6358316197915261,0.07022102539327821,0.6721748064669292,0.07175940768498115,0.07626798296950171,1.5603644823653315
31,K0_B4_identity,calibration,404,0.06721748064669293,1.6358316197915261,0.07022102539327821,0.6721748064669292,0.07175940768498115,0.07626798296950171,1.5603644823653315
31,H1_b4_challenger_linear_pool,hybrid_pool,404,0.06727681539260374,1.6294128455825132,0.07021391636429561,0.6727681539260373,0.08221327170644269,0.23131728455385075,1.570010148210695
31,B2_month_residual_pmf,residual_pmf,404,0.06736391078026412,1.6300432951745565,0.07038616847516517,0.6736391078026412,0.04787971299170058,0.07195023383433208,1.57466631537312
31,C2_ordinal_cdf_logistic,direct_classifier,404,0.06736844731487959,1.634359384453119,0.07033090006117451,0.6736844731487958,0.02650276038345965,0.07830494126987525,1.7120005779090093
31,C1_multinomial_ridge,direct_classifier,404,0.06737382380419792,1.6313700856887727,0.07042058038536227,0.6737382380419792,0.03207276151443333,0.09620911123252351,1.6590709375111592
31,T1_time_decay_b4,time_decay_residual_pmf,404,0.06751284897186931,1.623878537133855,0.07021858277347036,0.6751284897186929,0.05144918991819743,0.4227441165802076,1.6049634963242463
31,B1_global_residual_pmf,residual_pmf,404,0.06771179197815749,1.6307535101927,0.07019561674558727,0.677117919781575,0.025068648094752954,0.025068648094752954,1.639407479352866
31,E1_normal_emos,emos,404,0.0682972562060636,1.7445344321752878,0.0718526859877254,0.6829725620606362,0.10190887396248924,0.5130489050730371,1.2913686948467766
31,G1_gamlss_tree_location_scale,gamlss_tree,404,0.0694729603374533,1.8640667108968678,0.07349678299675227,0.694729603374533,0.1564345307360308,0.4900590375956855,1.178686287290192
31,E3_two_piece_normal_emos,emos,404,0.07077082207542548,2.0563189091830014,0.07528982165419733,0.7077082207542548,0.16462283567091995,0.612317695440945,1.0756465637293577
31,Q2_threshold_cdf_gb,threshold_cdf,404,0.0707914297617377,1.725259527016099,0.07066226261398591,0.7079142976173773,0.020249764388665204,0.02897396643041633,1.7997499155929753
31,Q1_quantile_cdf_gb,quantile_cdf,404,0.09398013948729601,1.9442908345730923,0.07393325245204768,0.9398013948729602,0.07707998738344937,0.07712565025399257,2.136171101380066
31,B6_month_climatology_diagnostic,diagnostic,404,0.10343120990995568,2.0639169209844224,0.07769205176349528,1.0343120990995567,0.05104363371095826,0.7468269424484589,2.0167674486988916
31,B0_climatology,baseline,404,0.2268918143696572,2.586657165285368,0.0951584779666764,2.2689181436965717,0.39832740172714964,0.4036921998529251,2.006383654867217
32,B5_kernel_analog_pmf,analog_pmf,614,0.05583012668118124,1.555397079732659,0.06520340572767168,0.5583012668118125,0.015880602172849895,0.03424040855105087,1.3487093904422254
32,T1_time_decay_b4,time_decay_residual_pmf,614,0.05623325042550932,1.465474962967046,0.06561112548992129,0.5623325042550932,0.06498234327319768,0.29844557666271004,1.5392850811228327
32,S1_conservative_simplex_stack,stack,614,0.05642036573091977,1.460997813843797,0.0655930091254336,0.5642036573091977,0.05644808822519105,0.07124489479931945,1.4601569070697573
32,H1_b4_challenger_linear_pool,hybrid_pool,614,0.056436042373573185,1.4669446160730735,0.06562913600881158,0.5643604237357317,0.046621008558915246,0.049915902972323734,1.4666661687146405
32,B3_forecast_level_residual_pmf,residual_pmf,614,0.05648337577270339,1.4710282529963168,0.0654454093285808,0.5648337577270339,0.0005653611320604601,0.0005653611320604601,1.385737386732406
32,B4_hierarchical_residual_pmf,residual_pmf,614,0.05649270420849108,1.4653023655843935,0.06566031738877959,0.5649270420849107,0.03299490509712173,0.043849597867783974,1.42918852088101
32,K0_B4_identity,calibration,614,0.05649270420849108,1.4653023655843935,0.06566031738877959,0.5649270420849107,0.03299490509712173,0.043849597867783974,1.42918852088101
32,K2_B4_monotone_cdf_projected,calibration,614,0.05649270420849108,1.4653023655843935,0.06566031738877959,0.5649270420849108,0.03299490509712173,0.043849597867783974,1.42918852088101
32,K1_B4_power_calibrated,calibration,614,0.05651759806008545,1.4641700228525716,0.06565684928945648,0.5651759806008547,0.06929243170780697,0.15742694836256022,1.4557882701485003
32,B1_global_residual_pmf,residual_pmf,614,0.05674475039016736,1.4853236268907513,0.06615133875910792,0.5674475039016736,0.09126883365265726,0.09126883365265726,1.5989072122142607
32,E2_student_t_emos,emos,614,0.05675729893834795,1.4847359384980485,0.06616263952237063,0.5675729893834796,0.025170997198612967,0.23085128084834422,1.534550337222927
32,C1_multinomial_ridge,direct_classifier,614,0.05677723917050292,1.470179053916563,0.06565067881377935,0.5677723917050291,0.04191775959613343,0.2273894081465,1.5516393304931608
32,B2_month_residual_pmf,residual_pmf,614,0.056781684190395046,1.470209052515678,0.06600203408952839,0.5678168419039504,0.08031887385764329,0.08053419838938841,1.546703954426732
32,E1_normal_emos,emos,614,0.05705289125964492,1.511695297096452,0.06653971199841076,0.5705289125964493,0.041497533078984315,0.4766451814073037,1.2769045931953265
32,P1_normal_mos,mos,614,0.05730657601632851,1.4933502758901551,0.06682673440961096,0.573065760163285,0.08698501666204037,0.13787957659753375,1.6237512439600548
32,G1_gamlss_tree_location_scale,gamlss_tree,614,0.057627177371067866,1.6583076402155859,0.06764570657523342,0.5762717737106787,0.052642178579181804,0.6048761280129967,1.0729749911812339
32,P2_student_t_mos,mos,614,0.05765841398153202,1.5098374236448528,0.06704153868427239,0.5765841398153203,0.09485106968537099,0.19685341321080457,1.6819842709955954
32,C2_ordinal_cdf_logistic,direct_classifier,614,0.05774789466391835,1.4884973371850605,0.06591995839295588,0.5774789466391835,0.03362911320673842,0.03998636631177516,1.5952637683698356
32,E3_two_piece_normal_emos,emos,614,0.05846847814790458,1.6990484428155148,0.06855061385597089,0.5846847814790458,0.0713861503927206,0.36085868421961576,1.0627130174097197
32,Q2_threshold_cdf_gb,threshold_cdf,614,0.06385989013663898,1.5812611785726114,0.06567654332832681,0.6385989013663897,0.038304701728953415,0.045743925127113116,1.68383066406533
32,Q1_quantile_cdf_gb,quantile_cdf,614,0.1099532877513973,1.8743930599353347,0.0713933790265421,1.0995328775139732,0.1806302257304655,0.1806302257304655,2.1778060650068003
32,B6_month_climatology_diagnostic,diagnostic,614,0.11032594838025422,2.0242588919349176,0.07557372269416764,1.1032594838025422,0.04180957969994163,0.10909602149028055,2.0139808083396753
32,B0_climatology,baseline,614,0.30198267426177605,2.6980376155065118,0.09610806635094203,3.019826742617761,0.3980313110098352,0.403499633172165,2.0074999386628565
33,B3_forecast_level_residual_pmf,residual_pmf,461,0.048179987115906306,1.2969460313469117,0.06269688821059138,0.4817998711590629,0.03188750233430432,0.038134445157208874,1.2913934712818083
33,B5_kernel_analog_pmf,analog_pmf,461,0.048208081577430145,1.3069693051862752,0.06283082092074663,0.48208081577430145,0.07464681479709064,0.0975195199490852,1.263563629484576
33,E1_normal_emos,emos,461,0.048417612597863625,1.3119161164602853,0.06276723217106696,0.4841761259786362,0.019961712373480447,0.5149464603704312,1.2382041321623751
33,E2_student_t_emos,emos,461,0.04859014149722407,1.3153106803444237,0.06263033575715574,0.4859014149722407,0.025026240229880817,0.051561003801796956,1.4401657828548369
33,H1_b4_challenger_linear_pool,hybrid_pool,461,0.04860005686857913,1.306524759391926,0.06295132308416346,0.4860005686857912,0.02609763266275033,0.2878349228284728,1.3761494305784896
33,B4_hierarchical_residual_pmf,residual_pmf,461,0.0486563389584106,1.30226564069382,0.06299163228230698,0.486563389584106,0.0452139087191585,0.2920611664877242,1.3473133087005298
33,K0_B4_identity,calibration,461,0.0486563389584106,1.30226564069382,0.06299163228230698,0.486563389584106,0.0452139087191585,0.2920611664877242,1.3473133087005298
33,K2_B4_monotone_cdf_projected,calibration,461,0.0486563389584106,1.3022656406938202,0.06299163228230698,0.48656338958410605,0.0452139087191585,0.2920611664877242,1.3473133087005298
33,S1_conservative_simplex_stack,stack,461,0.04866570845297931,1.3043609968923375,0.06294219858701314,0.48665708452979317,0.014018005499848397,0.06418288868622796,1.37319201493292
33,K1_B4_power_calibrated,calibration,461,0.04871369822015096,1.3050078776126839,0.06303044786481123,0.48713698220150964,0.041177221926603724,0.06707421613608805,1.3666777352228474
33,T1_time_decay_b4,time_decay_residual_pmf,461,0.048733769439738124,1.3162409900266387,0.06332270582024231,0.4873376943973812,0.04357513211309685,0.044799806473952986,1.4139347304939887
33,B2_month_residual_pmf,residual_pmf,461,0.04876949484934401,1.320666651487331,0.0633656589340832,0.48769494849344014,0.058798650840411984,0.20526617752495546,1.4399407849250863
33,B1_global_residual_pmf,residual_pmf,461,0.04882232676418032,1.3350773217769485,0.06392868394925663,0.48822326764180335,0.0739082923640999,0.0739082923640999,1.4571410200376782
33,G1_gamlss_tree_location_scale,gamlss_tree,461,0.04894219447124594,1.3838413611931544,0.06383916415635343,0.4894219447124594,0.07452668602842288,0.07465851373865656,1.0602064311033716
33,E3_two_piece_normal_emos,emos,461,0.04923461633437688,1.405318215300691,0.06414208652169527,0.49234616334376885,0.07689798943223344,0.07765956886367947,1.0448966671918811
33,P1_normal_mos,mos,461,0.0498523822375186,1.3615013769456705,0.06454320999357453,0.498523822375186,0.09079303696392738,0.11568929656788712,1.5148134109541078
33,P2_student_t_mos,mos,461,0.05026085125652275,1.3770182085880562,0.06482994077756493,0.5026085125652274,0.0986594821993031,0.19876166231841508,1.5583568454194572
33,C1_multinomial_ridge,direct_classifier,461,0.05244807677975715,1.3791016479572427,0.06486186742907939,0.5244807677975714,0.04844100740617992,0.7139909218016885,1.3953504313891352
33,C2_ordinal_cdf_logistic,direct_classifier,461,0.054592529363579514,1.416959880049808,0.0656241017994192,0.5459252936357951,0.07775425049538096,0.7073937288238465,1.4152711225274248
33,Q2_threshold_cdf_gb,threshold_cdf,461,0.06130044218612746,1.491997680087427,0.06477743188923728,0.6130044218612745,0.03471556284968744,0.33135183153775705,1.719331656864319
33,B6_month_climatology_diagnostic,diagnostic,461,0.13876180508626718,2.307317691137395,0.07910466383036881,1.387618050862672,0.08547050291053387,0.17770573826014183,1.989063889133221
33,Q1_quantile_cdf_gb,quantile_cdf,461,0.14023762828310052,1.9427640863362297,0.07422913562250466,1.4023762828310056,0.23463182872502236,0.2687640155697474,2.2717287514495315
33,B0_climatology,baseline,461,0.3768824055053366,3.115157483161976,0.09932272673058744,3.7688240550533663,0.3975999377574322,0.40367306314025075,2.008727267324121
34_or_higher,B5_kernel_analog_pmf,analog_pmf,196,0.033393833111395724,0.9306006312765969,0.048947805184818956,0.33393833111395727,0.02013920481335457,0.11246307843123382,0.9525371948854838
34_or_higher,B4_hierarchical_residual_pmf,residual_pmf,196,0.03418862402553301,0.9576933730438895,0.049855551438237014,0.34188624025532993,0.0415767566538203,0.20497767213176965,0.9839459099937731
34_or_higher,K0_B4_identity,calibration,196,0.03418862402553301,0.9576933730438895,0.049855551438237014,0.34188624025532993,0.0415767566538203,0.20497767213176965,0.9839459099937731
34_or_higher,K2_B4_monotone_cdf_projected,calibration,196,0.03418862402553301,0.9576933730438895,0.049855551438237014,0.34188624025532993,0.0415767566538203,0.20497767213176965,0.9839459099937731
34_or_higher,S1_conservative_simplex_stack,stack,196,0.0342085416084803,0.9583289242569393,0.049869188081808465,0.342085416084803,0.0754122916438539,0.21167469744570444,1.0068146104085345
34_or_higher,K1_B4_power_calibrated,calibration,196,0.03421582570924017,0.9596582439890189,0.04982957451333982,0.34215825709240183,0.06452295657301763,0.21765151550524597,1.0098153900481022
34_or_higher,E1_normal_emos,emos,196,0.03429908988286664,0.9546540585352536,0.04959594885472326,0.34299089882866646,0.03078085032683139,0.058556438283965395,0.8764564359238661
34_or_higher,E2_student_t_emos,emos,196,0.03429959204696657,0.9596626232848501,0.04951083575008287,0.34299592046966576,0.018650670465750405,0.2089122200652047,1.0336953542316347
34_or_higher,H1_b4_challenger_linear_pool,hybrid_pool,196,0.03441402434038219,0.9607395779694301,0.05002445963348797,0.34414024340382193,0.05111095851540014,0.27706198497240425,0.9769051343648594
34_or_higher,G1_gamlss_tree_location_scale,gamlss_tree,196,0.03461728068717698,0.9984218929113681,0.0501830014253407,0.3461728068717699,0.0658771020507028,0.20941509594439134,0.7634474721925902
34_or_higher,B2_month_residual_pmf,residual_pmf,196,0.034793004746773805,0.9680741166106547,0.05087881275757343,0.347930047467738,0.10647085814185166,0.5009628135502534,0.9730682795376375
34_or_higher,E3_two_piece_normal_emos,emos,196,0.03479765165940965,1.0247900854754228,0.05045421573178967,0.34797651659409656,0.03791947382498137,0.10925409011953546,0.7622818899969313
34_or_higher,P1_normal_mos,mos,196,0.03491988696811696,0.9832022310820727,0.050760129704911706,0.3491988696811696,0.03774884135917788,0.09758064015297718,1.0985068775290328
34_or_higher,B3_forecast_level_residual_pmf,residual_pmf,196,0.0351013884890109,0.9764281954354086,0.05073984374967893,0.35101388489010904,0.03168521204153569,0.09705224272310697,1.0322504031967878
34_or_higher,B1_global_residual_pmf,residual_pmf,196,0.03511607645390125,0.9800156508797314,0.05150569235292407,0.35116076453901246,0.08590943701496111,0.1011242573817529,0.9701939579255763
34_or_higher,P2_student_t_mos,mos,196,0.035180635220983886,0.9955507131229914,0.050899532190563535,0.3518063522098389,0.039506866637129316,0.09763046683044807,1.1405112399587656
34_or_higher,T1_time_decay_b4,time_decay_residual_pmf,196,0.035237335034580534,0.9914797789658389,0.05133695825206974,0.3523733503458053,0.08447306955705938,0.38360288919612123,0.9673139018467471
34_or_higher,C1_multinomial_ridge,direct_classifier,196,0.043298029829507395,1.1335506298508515,0.05800602063722329,0.43298029829507384,0.07375028429434333,0.272428504313039,1.1776753239364317
34_or_higher,C2_ordinal_cdf_logistic,direct_classifier,196,0.04717524052516921,1.2122999428880958,0.06128280612207891,0.4717524052516921,0.08481173418477805,0.36205399404166605,1.21102283909909
34_or_higher,Q2_threshold_cdf_gb,threshold_cdf,196,0.06033823215295543,1.4970965113332169,0.05770900438133996,0.6033823215295543,0.13343421441123296,0.392778890915193,1.6423491132320767
34_or_higher,Q1_quantile_cdf_gb,quantile_cdf,196,0.17647406539951627,1.98571797746686,0.07554085121626997,1.7647406539951627,0.18974468184627183,0.18974468184627183,2.280817955563957
34_or_higher,B6_month_climatology_diagnostic,diagnostic,196,0.18478806753898938,2.9392092578493028,0.08855571745273534,1.8478806753898938,0.19043955213746855,0.28530825873925714,1.982441153013708
34_or_higher,B0_climatology,baseline,196,0.4402820156264045,3.6363729472199906,0.10267649017365775,4.402820156264047,0.3925473724210266,0.4027448089305615,2.0253439398848814
