source,band,segment,observed_at_utc,file_name,compressed_bytes,hko_global_line,hko_global_col,hko_local_row,hko_local_col,hko_count,hko_radiance_w_m2_sr_um,hko_bt_c,w21_mean_bt_c,w21_median_bt_c,w21_min_bt_c,w21_max_bt_c,w21_std_bt_c,w21_range_bt_c,w21_cloud_fraction_lt_0c,w21_cloud_fraction_lt_10c,w21_cloud_fraction_lt_15c,w21_cool_cloud_fraction_lt_20c,w21_warm_fraction_gt_20c,w21_warm_fraction_gt_23c,normalization_elapsed_seconds
himawari9,B13,S0510,2026-07-07T00:00:00Z,HS_H09_20260707_0000_B13_FLDK_R20_S0510.DAT,3140463,2730.2131653283996,2772.7878518055027,529,2772,1600,9.193645477294922,22.661251068115234,23.480642318725586,23.679946899414062,20.489795684814453,24.488037109375,0.7828950881958008,3.998241424560547,0.0,0.0,0.0,0.0,1.0,0.7551020408163265,1.282759299967438
himawari9,B13,S0510,2026-07-07T00:10:00Z,HS_H09_20260707_0010_B13_FLDK_R20_S0510.DAT,3138166,2730.2131653283996,2772.7878518055027,529,2772,1586,9.246180534362793,23.01889419555664,23.433515548706055,23.55313491821289,20.515911102294922,24.437707901000977,0.6740933060646057,3.9217967987060547,0.0,0.0,0.0,0.0,1.0,0.7687074829931972,1.3572283999528736
himawari9,B13,S0510,2026-07-07T00:20:00Z,HS_H09_20260707_0020_B13_FLDK_R20_S0510.DAT,3134986,2730.2131653283996,2772.7878518055027,529,2772,1573,9.294963836669922,23.34992790222168,23.640899658203125,23.806608200073242,21.140727996826172,24.53834342956543,0.642469048500061,3.397615432739258,0.0,0.0,0.0,0.0,1.0,0.8480725623582767,1.406618500011973
himawari9,B13,S0510,2026-07-07T00:30:00Z,HS_H09_20260707_0030_B13_FLDK_R20_S0510.DAT,3131081,2730.2131653283996,2772.7878518055027,529,2772,1537,9.4300537109375,24.261369705200195,23.73163414001465,23.95840835571289,19.228561401367188,24.462875366210938,0.6551104784011841,5.23431396484375,0.0,0.0,0.0,0.0022675736961451248,0.9977324263038548,0.891156462585034,1.3355619999929331
himawari9,B13,S0510,2026-07-07T00:40:00Z,HS_H09_20260707_0040_B13_FLDK_R20_S0510.DAT,3128547,2730.2131653283996,2772.7878518055027,529,2772,1542,9.411291122436523,24.135238647460938,24.006147384643555,24.160476684570312,21.3222713470459,24.53834342956543,0.46077191829681396,3.2160720825195312,0.0,0.0,0.0,0.0,1.0,0.9546485260770975,1.4878006000071764
himawari9,B13,S0510,2026-07-07T00:50:00Z,HS_H09_20260707_0050_B13_FLDK_R20_S0510.DAT,3127801,2730.2131653283996,2772.7878518055027,529,2772,1535,9.437559127807617,24.31178092956543,24.098005294799805,24.18570899963379,22.379405975341797,24.638887405395508,0.34136801958084106,2.259481430053711,0.0,0.0,0.0,0.0,1.0,0.981859410430839,2.201546599972062
himawari9,B13,S0510,2026-07-07T01:00:00Z,HS_H09_20260707_0100_B13_FLDK_R20_S0510.DAT,3127473,2730.2131653283996,2772.7878518055027,529,2772,1536,9.433806419372559,24.286579132080078,24.06107521057129,24.160476684570312,22.533231735229492,24.638887405395508,0.3575995862483978,2.1056556701660156,0.0,0.0,0.0,0.0,1.0,0.9773242630385488,1.3249303000047803
himawari9,B13,S0510,2026-07-07T01:10:00Z,HS_H09_20260707_0110_B13_FLDK_R20_S0510.DAT,3127812,2730.2131653283996,2772.7878518055027,529,2772,1537,9.4300537109375,24.261369705200195,24.0319766998291,24.160476684570312,22.096813201904297,24.789527893066406,0.44936659932136536,2.6927146911621094,0.0,0.0,0.0,0.0,1.0,0.9614512471655329,0.9653990999795496
himawari9,B13,S0510,2026-07-07T01:20:00Z,HS_H09_20260707_0120_B13_FLDK_R20_S0510.DAT,3126896,2730.2131653283996,2772.7878518055027,529,2772,1550,9.381271362304688,23.933122634887695,24.018590927124023,24.160476684570312,21.399980545043945,24.764434814453125,0.48513224720954895,3.3644542694091797,0.0,0.0,0.0,0.0,1.0,0.9591836734693877,1.520272100053262
himawari9,B13,S0510,2026-07-07T01:30:00Z,HS_H09_20260707_0130_B13_FLDK_R20_S0510.DAT,3130161,2730.2131653283996,2772.7878518055027,529,2772,1554,9.36626148223877,23.831924438476562,23.993980407714844,24.084745407104492,22.199661254882812,24.864768981933594,0.4507867097854614,2.6651077270507812,0.0,0.0,0.0,0.0,1.0,0.9659863945578231,1.2070566000184044
himawari9,B13,S0510,2026-07-07T01:40:00Z,HS_H09_20260707_0140_B13_FLDK_R20_S0510.DAT,3132777,2730.2131653283996,2772.7878518055027,529,2772,1589,9.234923362731934,22.94235610961914,23.98941421508789,24.008960723876953,22.71241569519043,24.914901733398438,0.37113407254219055,2.202486038208008,0.0,0.0,0.0,0.0,1.0,0.9931972789115646,1.6264793999725953
himawari9,B13,S0510,2026-07-07T01:50:00Z,HS_H09_20260707_0150_B13_FLDK_R20_S0510.DAT,3134114,2730.2131653283996,2772.7878518055027,529,2772,1540,9.41879653930664,24.18570899963379,23.954238891601562,24.008960723876953,22.122535705566406,24.83969497680664,0.39725810289382935,2.7171592712402344,0.0,0.0,0.0,0.0,1.0,0.9705215419501134,1.6152279999805614
himawari9,B13,S0510,2026-07-07T02:00:00Z,HS_H09_20260707_0200_B13_FLDK_R20_S0510.DAT,3136461,2730.2131653283996,2772.7878518055027,529,2772,1549,9.385024070739746,23.95840835571289,24.002696990966797,24.059490203857422,22.328081130981445,24.764434814453125,0.3910188376903534,2.4363536834716797,0.0,0.0,0.0,0.0,1.0,0.9705215419501134,1.6005721000256017
himawari9,B13,S0510,2026-07-07T02:10:00Z,HS_H09_20260707_0210_B13_FLDK_R20_S0510.DAT,3138411,2730.2131653283996,2772.7878518055027,529,2772,1551,9.377518653869629,23.9078311920166,24.046836853027344,24.135238647460938,22.35374641418457,24.764434814453125,0.41524940729141235,2.4106884002685547,0.0,0.0,0.0,0.0,1.0,0.9705215419501134,2.1247933999984525
himawari9,B13,S0510,2026-07-07T02:20:00Z,HS_H09_20260707_0220_B13_FLDK_R20_S0510.DAT,3140020,2730.2131653283996,2772.7878518055027,529,2772,1544,9.403786659240723,24.084745407104492,24.02684783935547,24.160476684570312,22.225357055664062,24.864768981933594,0.48368969559669495,2.6394119262695312,0.0,0.0,0.0,0.0,1.0,0.9478458049886621,1.7677157999714836
himawari9,B13,S0510,2026-07-07T02:30:00Z,HS_H09_20260707_0230_B13_FLDK_R20_S0510.DAT,3142204,2730.2131653283996,2772.7878518055027,529,2772,1610,9.156120300292969,22.405057907104492,23.930288314819336,24.084745407104492,21.968114852905273,24.914901733398438,0.5622859001159668,2.946786880493164,0.0,0.0,0.0,0.0,1.0,0.9251700680272109,1.207629199954681
himawari9,B13,S0510,2026-07-07T02:50:00Z,HS_H09_20260707_0250_B13_FLDK_R20_S0510.DAT,3146327,2730.2131653283996,2772.7878518055027,529,2772,1549,9.385024070739746,23.95840835571289,23.76597023010254,23.9078311920166,20.88083839416504,25.015098571777344,0.6755661964416504,4.134260177612305,0.0,0.0,0.0,0.0,1.0,0.8888888888888888,2.1567390999989584
himawari9,B13,S0510,2026-07-07T03:00:00Z,HS_H09_20260707_0300_B13_FLDK_R20_S0510.DAT,3147465,2730.2131653283996,2772.7878518055027,529,2772,1558,9.351251602172852,23.730628967285156,23.75928497314453,23.933122634887695,20.620304107666016,25.065162658691406,0.6790359616279602,4.444858551025391,0.0,0.0,0.0,0.0,1.0,0.8798185941043084,1.4234387999749742
himawari9,B13,S0510,2026-07-07T03:10:00Z,HS_H09_20260707_0310_B13_FLDK_R20_S0510.DAT,3147739,2730.2131653283996,2772.7878518055027,529,2772,1550,9.381271362304688,23.933122634887695,23.841167449951172,24.008960723876953,20.958871841430664,25.115203857421875,0.6863395571708679,4.156332015991211,0.0,0.0,0.0,0.0,1.0,0.8843537414965986,1.5350044000078924
himawari9,B13,S0510,2026-07-07T03:20:00Z,HS_H09_20260707_0320_B13_FLDK_R20_S0510.DAT,3147367,2730.2131653283996,2772.7878518055027,529,2772,1549,9.385024070739746,23.95840835571289,24.032705307006836,24.18570899963379,21.658601760864258,25.115203857421875,0.5955308675765991,3.456602096557617,0.0,0.0,0.0,0.0,1.0,0.927437641723356,1.5458059000084177
himawari9,B13,S0510,2026-07-07T03:30:00Z,HS_H09_20260707_0330_B13_FLDK_R20_S0510.DAT,3147821,2730.2131653283996,2772.7878518055027,529,2772,1535,9.437559127807617,24.31178092956543,24.280576705932617,24.387353897094727,22.122535705566406,25.04013442993164,0.45960748195648193,2.9175987243652344,0.0,0.0,0.0,0.0,1.0,0.9841269841269841,2.2690806000027806
himawari9,B13,S0510,2026-07-07T03:40:00Z,HS_H09_20260707_0340_B13_FLDK_R20_S0510.DAT,3146186,2730.2131653283996,2772.7878518055027,529,2772,1534,9.44131088256836,24.336977005004883,24.39280891418457,24.488037109375,22.405057907104492,25.115203857421875,0.42362552881240845,2.710145950317383,0.0,0.0,0.0,0.0,1.0,0.9863945578231292,1.8127069000038318
himawari9,B13,S0510,2026-07-07T03:50:00Z,HS_H09_20260707_0350_B13_FLDK_R20_S0510.DAT,3146510,2730.2131653283996,2772.7878518055027,529,2772,1540,9.41879653930664,24.18570899963379,24.38755226135254,24.513193130493164,22.35374641418457,25.04013442993164,0.42457127571105957,2.6863880157470703,0.0,0.0,0.0,0.0,1.0,0.9841269841269841,2.5228978999657556
himawari9,B13,S0510,2026-07-07T04:00:00Z,HS_H09_20260707_0400_B13_FLDK_R20_S0510.DAT,3147561,2730.2131653283996,2772.7878518055027,529,2772,1526,9.471331596374512,24.53834342956543,24.350412368774414,24.462875366210938,21.399980545043945,24.914901733398438,0.4569234251976013,3.514921188354492,0.0,0.0,0.0,0.0,1.0,0.9773242630385488,1.2511327000102028
himawari9,B13,S0510,2026-07-07T04:10:00Z,HS_H09_20260707_0410_B13_FLDK_R20_S0510.DAT,3147479,2730.2131653283996,2772.7878518055027,529,2772,1518,9.501351356506348,24.739336013793945,24.380159378051758,24.513193130493164,21.010862350463867,24.914901733398438,0.4721269905567169,3.9040393829345703,0.0,0.0,0.0,0.0,1.0,0.981859410430839,0.9609407000243664
himawari9,B13,S0510,2026-07-07T04:20:00Z,HS_H09_20260707_0420_B13_FLDK_R20_S0510.DAT,3147700,2730.2131653283996,2772.7878518055027,529,2772,1514,9.516361236572266,24.83969497680664,24.442394256591797,24.513193130493164,21.73606300354004,24.99005889892578,0.4003690779209137,3.253995895385742,0.0,0.0,0.0,0.0,1.0,0.9863945578231292,1.2169964999775402
himawari9,B13,S0510,2026-07-07T04:30:00Z,HS_H09_20260707_0430_B13_FLDK_R20_S0510.DAT,3148722,2730.2131653283996,2772.7878518055027,529,2772,1515,9.512608528137207,24.814613342285156,24.462913513183594,24.563488006591797,22.405057907104492,24.965011596679688,0.4063494801521301,2.5599536895751953,0.0,0.0,0.0,0.0,1.0,0.9954648526077098,1.1730284999939613
himawari9,B13,S0510,2026-07-07T04:40:00Z,HS_H09_20260707_0440_B13_FLDK_R20_S0510.DAT,3150247,2730.2131653283996,2772.7878518055027,529,2772,1523,9.482588768005371,24.613759994506836,24.552597045898438,24.66400718688965,22.7635555267334,25.065162658691406,0.37013372778892517,2.301607131958008,0.0,0.0,0.0,0.0,1.0,0.9931972789115646,1.144685400009621
himawari9,B13,S0510,2026-07-07T04:50:00Z,HS_H09_20260707_0450_B13_FLDK_R20_S0510.DAT,3150148,2730.2131653283996,2772.7878518055027,529,2772,1512,9.523866653442383,24.88983917236328,24.617822647094727,24.7142333984375,23.01889419555664,25.115203857421875,0.3638324737548828,2.0963096618652344,0.0,0.0,0.0,0.0,1.0,1.0,0.954795700032264
himawari9,B13,S0510,2026-07-07T05:00:00Z,HS_H09_20260707_0500_B13_FLDK_R20_S0510.DAT,3150719,2730.2131653283996,2772.7878518055027,529,2772,1517,9.505104064941406,24.764434814453125,24.630403518676758,24.739336013793945,22.45634651184082,25.21521759033203,0.4156271517276764,2.758871078491211,0.0,0.0,0.0,0.0,1.0,0.9954648526077098,0.8610976000200026
himawari9,B13,S0510,2026-07-07T05:10:00Z,HS_H09_20260707_0510_B13_FLDK_R20_S0510.DAT,3150355,2730.2131653283996,2772.7878518055027,529,2772,1516,9.508856773376465,24.789527893066406,24.616851806640625,24.689123153686523,22.661251068115234,25.315139770507812,0.39740189909935,2.653888702392578,0.0,0.0,0.0,0.0,1.0,0.9977324263038548,1.1707715000375174
himawari9,B13,S0510,2026-07-07T05:20:00Z,HS_H09_20260707_0520_B13_FLDK_R20_S0510.DAT,3148842,2730.2131653283996,2772.7878518055027,529,2772,1514,9.516361236572266,24.83969497680664,24.60097312927246,24.613759994506836,23.34992790222168,25.315139770507812,0.35845503211021423,1.9652118682861328,0.0,0.0,0.0,0.0,1.0,1.0,1.1125609000446275
himawari9,B13,S0510,2026-07-07T05:30:00Z,HS_H09_20260707_0530_B13_FLDK_R20_S0510.DAT,3147897,2730.2131653283996,2772.7878518055027,529,2772,1519,9.497598648071289,24.7142333984375,24.539535522460938,24.513193130493164,23.34992790222168,25.365066528320312,0.37094646692276,2.015138626098633,0.0,0.0,0.0,0.0,1.0,1.0,1.1003583000274375
himawari9,B13,S0510,2026-07-07T05:40:00Z,HS_H09_20260707_0540_B13_FLDK_R20_S0510.DAT,3147433,2730.2131653283996,2772.7878518055027,529,2772,1538,9.426301002502441,24.236154556274414,24.47981834411621,24.437707901000977,21.993867874145508,25.2901668548584,0.4462451636791229,3.2962989807128906,0.0,0.0,0.0,0.0,1.0,0.9909297052154195,1.0495923000271432
himawari9,B13,S0510,2026-07-07T05:50:00Z,HS_H09_20260707_0550_B13_FLDK_R20_S0510.DAT,3147568,2730.2131653283996,2772.7878518055027,529,2772,1529,9.460073471069336,24.462875366210938,24.434326171875,24.387353897094727,21.477632522583008,25.26519012451172,0.4883735775947571,3.787557601928711,0.0,0.0,0.0,0.0,1.0,0.9954648526077098,1.6285104000126012
himawari9,B13,S0510,2026-07-07T06:00:00Z,HS_H09_20260707_0600_B13_FLDK_R20_S0510.DAT,3148869,2730.2131653283996,2772.7878518055027,529,2772,1524,9.478836059570312,24.588626861572266,24.42087173461914,24.437707901000977,21.658601760864258,25.240205764770508,0.5453498363494873,3.58160400390625,0.0,0.0,0.0,0.0,1.0,0.9773242630385488,1.4317375000100583
himawari9,B13,S0510,2026-07-07T06:10:00Z,HS_H09_20260707_0610_B13_FLDK_R20_S0510.DAT,3149100,2730.2131653283996,2772.7878518055027,529,2772,1528,9.463826179504395,24.488037109375,24.477882385253906,24.488037109375,22.379405975341797,25.21521759033203,0.45899173617362976,2.8358116149902344,0.0,0.0,0.0,0.0,1.0,0.981859410430839,1.2484098999993876
himawari9,B13,S0510,2026-07-07T06:20:00Z,HS_H09_20260707_0620_B13_FLDK_R20_S0510.DAT,3149762,2730.2131653283996,2772.7878518055027,529,2772,1543,9.407538414001465,24.109994888305664,24.413490295410156,24.412532806396484,18.937366485595703,25.2901668548584,0.5370150208473206,6.352800369262695,0.0,0.0,0.0,0.0022675736961451248,0.9977324263038548,0.9795918367346939,1.3327050000079907
himawari9,B13,S0510,2026-07-07T06:30:00Z,HS_H09_20260707_0630_B13_FLDK_R20_S0510.DAT,3149949,2730.2131653283996,2772.7878518055027,529,2772,1552,9.37376594543457,23.882535934448242,24.008136749267578,24.286579132080078,14.854072570800781,25.21521759033203,1.3349659442901611,10.36114501953125,0.0,0.0,0.0022675736961451248,0.034013605442176874,0.9659863945578231,0.9138321995464853,0.8653852000134066
himawari9,B13,S0510,2026-07-07T06:40:00Z,HS_H09_20260707_0640_B13_FLDK_R20_S0510.DAT,3150847,2730.2131653283996,2772.7878518055027,529,2772,1565,9.324983596801758,23.55313491821289,23.84732437133789,24.18570899963379,13.772019386291504,25.065162658691406,1.3409231901168823,11.293143272399902,0.0,0.0,0.0022675736961451248,0.02947845804988662,0.9705215419501134,0.8820861678004536,0.8434209999977611
himawari9,B13,S0510,2026-07-07T06:50:00Z,HS_H09_20260707_0650_B13_FLDK_R20_S0510.DAT,3151843,2730.2131653283996,2772.7878518055027,529,2772,1555,9.362508773803711,23.806608200073242,23.620790481567383,24.084745407104492,13.939257621765137,24.83969497680664,1.4913570880889893,10.900437355041504,0.0,0.0,0.0045351473922902496,0.02947845804988662,0.9705215419501134,0.8367346938775511,1.1692175000207499
himawari9,B13,S0510,2026-07-07T07:00:00Z,HS_H09_20260707_0700_B13_FLDK_R20_S0510.DAT,3151311,2730.2131653283996,2772.7878518055027,529,2772,1586,9.246180534362793,23.01889419555664,23.57257652282715,23.983686447143555,16.169958114624023,24.7142333984375,1.190818190574646,8.544275283813477,0.0,0.0,0.0,0.024943310657596373,0.9750566893424036,0.8117913832199547,1.1322943999548443
himawari9,B13,S0510,2026-07-07T07:10:00Z,HS_H09_20260707_0710_B13_FLDK_R20_S0510.DAT,3149836,2730.2131653283996,2772.7878518055027,529,2772,1543,9.407538414001465,24.109994888305664,23.465944290161133,23.85723304748535,15.2946195602417,24.613759994506836,1.23423433303833,9.319140434265137,0.0,0.0,0.0,0.024943310657596373,0.9750566893424036,0.7936507936507936,1.1010512999491766
himawari9,B13,S0510,2026-07-07T07:20:00Z,HS_H09_20260707_0720_B13_FLDK_R20_S0510.DAT,3148255,2730.2131653283996,2772.7878518055027,529,2772,1581,9.26494312286377,23.14633560180664,23.373382568359375,23.781288146972656,16.142719268798828,24.613759994506836,1.2010611295700073,8.471040725708008,0.0,0.0,0.0,0.027210884353741496,0.9727891156462585,0.7981859410430839,1.6090408000163734
himawari9,B13,S0510,2026-07-07T07:30:00Z,HS_H09_20260707_0730_B13_FLDK_R20_S0510.DAT,3148145,2730.2131653283996,2772.7878518055027,529,2772,1598,9.201150894165039,22.71241569519043,23.17644500732422,23.451580047607422,15.651144027709961,24.613759994506836,1.0613752603530884,8.962615966796875,0.0,0.0,0.0,0.015873015873015872,0.9841269841269841,0.6780045351473923,1.0166087999823503
himawari9,B13,S0510,2026-07-07T07:40:00Z,HS_H09_20260707_0740_B13_FLDK_R20_S0510.DAT,3147755,2730.2131653283996,2772.7878518055027,529,2772,1590,9.231170654296875,22.916831970214844,23.10716438293457,23.324499130249023,14.577742576599121,24.36216926574707,1.0093365907669067,9.78442668914795,0.0,0.0,0.0022675736961451248,0.015873015873015872,0.9841269841269841,0.6575963718820862,2.56841110001551
himawari9,B13,S0510,2026-07-07T07:50:00Z,HS_H09_20260707_0750_B13_FLDK_R20_S0510.DAT,3146849,2730.2131653283996,2772.7878518055027,529,2772,1562,9.336240768432617,23.629240036010742,23.331279754638672,23.527755737304688,17.253591537475586,24.36216926574707,0.8295897245407104,7.108577728271484,0.0,0.0,0.0,0.009070294784580499,0.9909297052154195,0.7573696145124716,2.0443021999672055
himawari9,B13,S0510,2026-07-07T08:00:00Z,HS_H09_20260707_0800_B13_FLDK_R20_S0510.DAT,3145241,2730.2131653283996,2772.7878518055027,529,2772,1539,9.4225492477417,24.210935592651367,23.407817840576172,23.755962371826172,19.99237632751465,24.437707901000977,0.9495809078216553,4.445331573486328,0.0,0.0,0.0,0.0022675736961451248,0.9977324263038548,0.7551020408163265,1.0002468999591656
himawari9,B13,S0510,2026-07-07T08:10:00Z,HS_H09_20260707_0810_B13_FLDK_R20_S0510.DAT,3145523,2730.2131653283996,2772.7878518055027,529,2772,1539,9.4225492477417,24.210935592651367,23.178253173828125,23.705291748046875,18.405811309814453,24.412532806396484,1.2429792881011963,6.006721496582031,0.0,0.0,0.0,0.02947845804988662,0.9705215419501134,0.6802721088435374,1.355093099991791
himawari9,B13,S0510,2026-07-07T08:20:00Z,HS_H09_20260707_0820_B13_FLDK_R20_S0510.DAT,3145249,2730.2131653283996,2772.7878518055027,529,2772,1542,9.411291122436523,24.135238647460938,22.96154022216797,23.527755737304688,16.90267562866211,24.286579132080078,1.3116625547409058,7.383903503417969,0.0,0.0,0.0,0.045351473922902494,0.9546485260770975,0.5827664399092971,1.104220199980773
himawari9,B13,S0510,2026-07-07T08:30:00Z,HS_H09_20260707_0830_B13_FLDK_R20_S0510.DAT,3147097,2730.2131653283996,2772.7878518055027,529,2772,1602,9.186141014099121,22.610061645507812,22.62725257873535,23.222726821899414,10.999360084533691,24.261369705200195,1.7484978437423706,13.262009620666504,0.0,0.0,0.006802721088435374,0.05668934240362812,0.9433106575963719,0.5510204081632653,1.1895225999760441
himawari9,B13,S0510,2026-07-07T08:40:00Z,HS_H09_20260707_0840_B13_FLDK_R20_S0510.DAT,3148589,2730.2131653283996,2772.7878518055027,529,2772,1637,9.054802894592285,21.710248947143555,22.124637603759766,22.891300201416016,12.055449485778809,24.18570899963379,2.307398796081543,12.13025951385498,0.0,0.0,0.022675736961451247,0.14965986394557823,0.8503401360544217,0.48072562358276644,0.8901107999845408
himawari9,B13,S0510,2026-07-07T08:50:00Z,HS_H09_20260707_0850_B13_FLDK_R20_S0510.DAT,3149171,2730.2131653283996,2772.7878518055027,529,2772,1711,8.777117729187012,19.7822265625,21.759199142456055,22.635658264160156,9.495301246643066,24.109994888305664,2.404733896255493,14.614693641662598,0.0,0.0022675736961451248,0.018140589569160998,0.18820861678004536,0.8117913832199547,0.4126984126984127,1.2940590000362135
himawari9,B13,S0510,2026-07-07T09:00:00Z,HS_H09_20260707_0900_B13_FLDK_R20_S0510.DAT,3150825,2730.2131653283996,2772.7878518055027,529,2772,1620,9.118596076965332,22.148250579833984,21.43296241760254,22.584457397460938,6.774453163146973,23.933122634887695,2.7247719764709473,17.158668518066406,0.0,0.0045351473922902496,0.03854875283446712,0.21768707482993196,0.782312925170068,0.3673469387755102,1.1493852999992669
himawari9,B13,S0510,2026-07-07T09:10:00Z,HS_H09_20260707_0910_B13_FLDK_R20_S0510.DAT,3151524,2730.2131653283996,2772.7878518055027,529,2772,1617,9.129853248596191,22.225357055664062,21.611801147460938,22.71241569519043,9.436978340148926,24.03422737121582,2.6233043670654297,14.597249031066895,0.0,0.0045351473922902496,0.031746031746031744,0.1836734693877551,0.8163265306122449,0.41723356009070295,1.0289473999873735
himawari9,B13,S0510,2026-07-07T09:20:00Z,HS_H09_20260707_0920_B13_FLDK_R20_S0510.DAT,3150632,2730.2131653283996,2772.7878518055027,529,2772,1599,9.19739818572998,22.68683624267578,21.66127586364746,22.916831970214844,-5.595291614532471,24.059490203857422,3.7456815242767334,29.654781341552734,0.006802721088435374,0.022675736961451247,0.047619047619047616,0.1564625850340136,0.8435374149659864,0.47392290249433106,1.699472100008279
himawari9,B13,S0510,2026-07-07T09:30:00Z,HS_H09_20260707_0930_B13_FLDK_R20_S0510.DAT,3149780,2730.2131653283996,2772.7878518055027,529,2772,1577,9.279953956604004,23.248178482055664,21.592662811279297,23.171804428100586,-10.839251518249512,24.084745407104492,5.132791042327881,34.92399597167969,0.018140589569160998,0.036281179138321996,0.061224489795918366,0.1360544217687075,0.8639455782312925,0.5600907029478458,1.3282189999590628
himawari9,B13,S0510,2026-07-07T09:40:00Z,HS_H09_20260707_0940_B13_FLDK_R20_S0510.DAT,3151143,2730.2131653283996,2772.7878518055027,529,2772,1575,9.287458419799805,23.29906463623047,20.756786346435547,23.29906463623047,-18.34547233581543,24.084745407104492,7.280949115753174,42.43021774291992,0.04081632653061224,0.06802721088435375,0.09750566893424037,0.17233560090702948,0.8276643990929705,0.6145124716553289,1.6435683000017889
himawari9,B13,S0510,2026-07-07T09:50:00Z,HS_H09_20260707_0950_B13_FLDK_R20_S0510.DAT,3149957,2730.2131653283996,2772.7878518055027,529,2772,1574,9.291211128234863,23.324499130249023,19.694915771484375,23.29906463623047,-16.33848762512207,24.059490203857422,8.57015323638916,40.397979736328125,0.06575963718820861,0.11337868480725624,0.1383219954648526,0.19727891156462585,0.8027210884353742,0.5873015873015873,1.2190184000064619
himawari9,B13,S0510,2026-07-07T10:00:00Z,HS_H09_20260707_1000_B13_FLDK_R20_S0510.DAT,3149901,2730.2131653283996,2772.7878518055027,529,2772,1594,9.216160774230957,22.814672470092773,19.3785343170166,23.04439353942871,-15.786096572875977,23.983686447143555,8.182737350463867,39.76978302001953,0.05442176870748299,0.1111111111111111,0.1655328798185941,0.2562358276643991,0.7437641723356009,0.5124716553287982,1.1844687000266276
himawari9,B13,S0510,2026-07-07T10:10:00Z,HS_H09_20260707_1010_B13_FLDK_R20_S0510.DAT,3149121,2730.2131653283996,2772.7878518055027,529,2772,1633,9.069812774658203,21.8134708404541,20.323680877685547,22.814672470092773,-12.02789306640625,23.933122634887695,6.266773223876953,35.96101379394531,0.02947845804988662,0.05668934240362812,0.09750566893424037,0.25396825396825395,0.746031746031746,0.46938775510204084,1.6208388000377454
himawari9,B13,S0510,2026-07-07T10:20:00Z,HS_H09_20260707_1020_B13_FLDK_R20_S0510.DAT,3147436,2730.2131653283996,2772.7878518055027,529,2772,1850,8.255518913269043,16.060956954956055,21.149272918701172,22.73798942565918,-10.288195610046387,24.008960723876953,5.050273895263672,34.297157287597656,0.018140589569160998,0.034013605442176874,0.07029478458049887,0.14058956916099774,0.8594104308390023,0.42630385487528344,1.0793082999880426
himawari9,B13,S0510,2026-07-07T10:30:00Z,HS_H09_20260707_1030_B13_FLDK_R20_S0510.DAT,3146369,2730.2131653283996,2772.7878518055027,529,2772,2526,5.7188239097595215,-4.4288010597229,21.567296981811523,22.840221405029297,-4.4288010597229,24.03422737121582,3.970895767211914,28.463027954101562,0.009070294784580499,0.02947845804988662,0.05895691609977324,0.1360544217687075,0.8639455782312925,0.4512471655328798,1.3833238999941386
himawari9,B13,S0510,2026-07-07T10:40:00Z,HS_H09_20260707_1040_B13_FLDK_R20_S0510.DAT,3146676,2730.2131653283996,2772.7878518055027,529,2772,1895,8.08665657043457,14.8264741897583,21.254213333129883,22.891300201416016,0.08283425867557526,23.983686447143555,4.515658378601074,23.90085220336914,0.0,0.05895691609977324,0.08163265306122448,0.15419501133786848,0.8458049886621315,0.4489795918367347,2.0657985999714583
himawari9,B13,S0510,2026-07-07T10:50:00Z,HS_H09_20260707_1050_B13_FLDK_R20_S0510.DAT,3145393,2730.2131653283996,2772.7878518055027,529,2772,1801,8.43939208984375,17.38823890686035,21.00514793395996,22.891300201416016,-3.750150203704834,23.781288146972656,4.919163703918457,27.53143882751465,0.013605442176870748,0.06802721088435375,0.09750566893424037,0.15873015873015872,0.8412698412698413,0.4444444444444444,1.65662899997551
himawari9,B13,S0510,2026-07-07T11:00:00Z,HS_H09_20260707_1100_B13_FLDK_R20_S0510.DAT,3142492,2730.2131653283996,2772.7878518055027,529,2772,1657,8.979752540588379,21.192628860473633,21.443523406982422,22.96787452697754,-1.4496513605117798,23.933122634887695,3.911850690841675,25.382774353027344,0.0022675736961451248,0.036281179138321996,0.06802721088435375,0.14965986394557823,0.8503401360544217,0.48072562358276644,1.7655553999939002
himawari9,B13,S0510,2026-07-07T11:10:00Z,HS_H09_20260707_1110_B13_FLDK_R20_S0510.DAT,3142738,2730.2131653283996,2772.7878518055027,529,2772,1615,9.137358665466309,22.276731491088867,21.984840393066406,23.01889419555664,7.878189563751221,23.781288146972656,2.5462045669555664,15.903099060058594,0.0,0.009070294784580499,0.03854875283446712,0.12018140589569161,0.8798185941043084,0.5034013605442177,1.509768600051757
himawari9,B13,S0510,2026-07-07T11:20:00Z,HS_H09_20260707_1120_B13_FLDK_R20_S0510.DAT,3143872,2730.2131653283996,2772.7878518055027,529,2772,1584,9.25368595123291,23.069889068603516,21.92995834350586,22.7635555267334,3.9405860900878906,23.755962371826172,2.3681466579437256,19.81537628173828,0.0,0.006802721088435374,0.027210884353741496,0.12018140589569161,0.8798185941043084,0.38095238095238093,1.6719530000118539
himawari9,B13,S0510,2026-07-07T11:30:00Z,HS_H09_20260707_1130_B13_FLDK_R20_S0510.DAT,3144849,2730.2131653283996,2772.7878518055027,529,2772,1590,9.231170654296875,22.916831970214844,21.583953857421875,22.199661254882812,2.1589791774749756,23.502368927001953,2.307072401046753,21.3433895111084,0.0,0.0045351473922902496,0.024943310657596373,0.12698412698412698,0.873015873015873,0.17006802721088435,1.4122434000018984
himawari9,B13,S0510,2026-07-07T11:40:00Z,HS_H09_20260707_1140_B13_FLDK_R20_S0510.DAT,3146600,2730.2131653283996,2772.7878518055027,529,2772,1575,9.287458419799805,23.29906463623047,21.514385223388672,22.01961326599121,5.322745323181152,23.603878021240234,2.1855263710021973,18.281131744384766,0.0,0.0045351473922902496,0.024943310657596373,0.1360544217687075,0.8639455782312925,0.2471655328798186,1.8956177000072785
himawari9,B13,S0510,2026-07-07T11:50:00Z,HS_H09_20260707_1150_B13_FLDK_R20_S0510.DAT,3147691,2730.2131653283996,2772.7878518055027,529,2772,1578,9.276201248168945,23.222726821899414,21.594757080078125,22.379405975341797,1.2706184387207031,23.603878021240234,2.4886326789855957,22.33325958251953,0.0,0.013605442176870748,0.031746031746031744,0.10204081632653061,0.8979591836734694,0.2108843537414966,1.4034318999620155
himawari9,B13,S0510,2026-07-07T12:00:00Z,HS_H09_20260707_1200_B13_FLDK_R20_S0510.DAT,3149872,2730.2131653283996,2772.7878518055027,529,2772,1585,9.249933242797852,23.04439353942871,21.811344146728516,22.430706024169922,8.910452842712402,23.222726821899414,1.7478541135787964,14.312273979187012,0.0,0.0022675736961451248,0.009070294784580499,0.09523809523809523,0.9047619047619048,0.09523809523809523,1.338709400035441
himawari9,B13,S0510,2026-07-07T12:10:00Z,HS_H09_20260707_1210_B13_FLDK_R20_S0510.DAT,3151867,2730.2131653283996,2772.7878518055027,529,2772,1620,9.118596076965332,22.148250579833984,20.781932830810547,22.045352935791016,4.680344581604004,23.222726821899414,3.1455979347229004,18.542381286621094,0.0,0.024943310657596373,0.07256235827664399,0.19047619047619047,0.8095238095238095,0.02947845804988662,1.8526399999973364
himawari9,B13,S0510,2026-07-07T12:20:00Z,HS_H09_20260707_1220_B13_FLDK_R20_S0510.DAT,3153775,2730.2131653283996,2772.7878518055027,529,2772,1670,8.930970191955566,20.854812622070312,19.55215835571289,21.73606300354004,-8.873076438903809,23.171804428100586,5.017905235290527,32.04487991333008,0.0045351473922902496,0.07936507936507936,0.14058956916099774,0.2811791383219955,0.7188208616780045,0.04081632653061224,1.527255899971351
himawari9,B13,S0510,2026-07-07T12:30:00Z,HS_H09_20260707_1230_B13_FLDK_R20_S0510.DAT,3154614,2730.2131653283996,2772.7878518055027,529,2772,1741,8.664542198181152,18.990371704101562,19.095211029052734,21.45175552368164,-9.740943908691406,23.197269439697266,5.55898380279541,32.93821334838867,0.015873015873015872,0.07482993197278912,0.16326530612244897,0.3333333333333333,0.6666666666666666,0.036281179138321996,1.786108200030867
himawari9,B13,S0510,2026-07-07T12:40:00Z,HS_H09_20260707_1240_B13_FLDK_R20_S0510.DAT,3156342,2730.2131653283996,2772.7878518055027,529,2772,1721,8.739592552185059,19.518943786621094,19.516921997070312,21.68442726135254,0.9831705093383789,23.324499130249023,4.442076683044434,22.341327667236328,0.0,0.061224489795918366,0.16099773242630386,0.3401360544217687,0.6598639455782312,0.04308390022675737,1.328368299989961
himawari9,B13,S0510,2026-07-07T12:50:00Z,HS_H09_20260707_1250_B13_FLDK_R20_S0510.DAT,3155512,2730.2131653283996,2772.7878518055027,529,2772,1803,8.431886672973633,17.334400177001953,19.566543579101562,21.50350570678711,1.8427269458770752,23.324499130249023,4.399397850036621,21.48177146911621,0.0,0.05215419501133787,0.15419501133786848,0.3378684807256236,0.6621315192743764,0.08616780045351474,1.487034899997525
himawari9,B13,S0510,2026-07-07T13:00:00Z,HS_H09_20260707_1300_B13_FLDK_R20_S0510.DAT,3156675,2730.2131653283996,2772.7878518055027,529,2772,1876,8.157954216003418,15.3495512008667,17.533374786376953,19.54530143737793,-3.3455677032470703,23.069889068603516,5.62194299697876,26.415456771850586,0.009070294784580499,0.12244897959183673,0.2789115646258503,0.5328798185941043,0.4671201814058957,0.013605442176870748,1.490282999991905
himawari9,B13,S0510,2026-07-07T13:10:00Z,HS_H09_20260707_1310_B13_FLDK_R20_S0510.DAT,3156844,2730.2131653283996,2772.7878518055027,529,2772,2214,6.889606475830078,5.596687316894531,14.895761489868164,15.404454231262207,-3.2111356258392334,22.99338722229004,6.384669303894043,26.20452308654785,0.018140589569160998,0.20634920634920634,0.48299319727891155,0.691609977324263,0.30839002267573695,0.0,1.0260879999841563
himawari9,B13,S0510,2026-07-07T13:20:00Z,HS_H09_20260707_1320_B13_FLDK_R20_S0510.DAT,3155820,2730.2131653283996,2772.7878518055027,529,2772,1999,7.696395397186279,11.913403511047363,11.523655891418457,11.200045585632324,-7.482448577880859,22.122535705566406,6.709817409515381,29.604984283447266,0.036281179138321996,0.4376417233560091,0.6848072562358276,0.8299319727891157,0.17006802721088435,0.0,1.966749700019136
himawari9,B13,S0510,2026-07-07T13:30:00Z,HS_H09_20260707_1330_B13_FLDK_R20_S0510.DAT,3157252,2730.2131653283996,2772.7878518055027,529,2772,2121,7.238589286804199,8.380985260009766,10.333450317382812,10.163469314575195,-4.941418647766113,21.89082145690918,5.743162631988525,26.83224105834961,0.036281179138321996,0.48299319727891155,0.8163265306122449,0.909297052154195,0.09070294784580499,0.0,2.9517150000319816
himawari9,B13,S0510,2026-07-07T13:40:00Z,HS_H09_20260707_1340_B13_FLDK_R20_S0510.DAT,3158471,2730.2131653283996,2772.7878518055027,529,2772,2040,7.542542457580566,10.740721702575684,10.950823783874512,10.913224220275879,-3.3119394779205322,21.83926010131836,4.395748615264893,25.151199340820312,0.009070294784580499,0.4036281179138322,0.8276643990929705,0.9614512471655329,0.03854875283446712,0.0,1.3542143999948166
himawari9,B13,S0510,2026-07-07T13:50:00Z,HS_H09_20260707_1350_B13_FLDK_R20_S0510.DAT,3158655,2730.2131653283996,2772.7878518055027,529,2772,1865,8.199231147766113,15.651144027709961,12.093997955322266,12.452079772949219,-1.6802340745925903,20.5681209564209,3.5512073040008545,22.248355865478516,0.0045351473922902496,0.25396825396825395,0.8027210884353742,0.9886621315192744,0.011337868480725623,0.0,1.3143484000465833
himawari9,B13,S0510,2026-07-07T14:00:00Z,HS_H09_20260707_1400_B13_FLDK_R20_S0510.DAT,3159861,2730.2131653283996,2772.7878518055027,529,2772,1892,8.09791374206543,14.909247398376465,11.259956359863281,13.212504386901855,-19.28739356994629,20.82878303527832,6.376255989074707,40.11617660522461,0.07936507936507936,0.29931972789115646,0.7074829931972789,0.9977324263038548,0.0022675736961451248,0.0,1.4619024000130594
himawari9,B13,S0510,2026-07-07T14:10:00Z,HS_H09_20260707_1410_B13_FLDK_R20_S0510.DAT,3160293,2730.2131653283996,2772.7878518055027,529,2772,1938,7.92529821395874,13.632436752319336,10.577483177185059,11.856527328491211,-14.732078552246094,20.123504638671875,6.106675148010254,34.85558319091797,0.05668934240362812,0.3854875283446712,0.7256235827664399,0.9931972789115646,0.006802721088435374,0.0,1.3543006000109017
himawari9,B13,S0510,2026-07-07T14:20:00Z,HS_H09_20260707_1420_B13_FLDK_R20_S0510.DAT,3161579,2730.2131653283996,2772.7878518055027,529,2772,2092,7.347412109375,9.232564926147461,10.845608711242676,11.799617767333984,-20.158203125,19.597999572753906,5.887423038482666,39.756202697753906,0.03854875283446712,0.3786848072562358,0.764172335600907,1.0,0.0,0.0,1.3203143999562599
himawari9,B13,S0510,2026-07-07T14:30:00Z,HS_H09_20260707_1430_B13_FLDK_R20_S0510.DAT,3162823,2730.2131653283996,2772.7878518055027,529,2772,1990,7.730167865753174,12.168936729431152,12.05648422241211,12.367223739624023,-5.906828880310059,20.854812622070312,5.237762451171875,26.761642456054688,0.02040816326530612,0.3333333333333333,0.6575963718820862,0.9750566893424036,0.024943310657596373,0.0,1.6784057000186294
himawari9,B13,S0510,2026-07-07T14:50:00Z,HS_H09_20260707_1450_B13_FLDK_R20_S0510.DAT,3163474,2730.2131653283996,2772.7878518055027,529,2772,1796,8.458154678344727,17.522706985473633,15.291265487670898,16.278844833374023,1.8427269458770752,21.062828063964844,4.634099960327148,19.22010040283203,0.0,0.16099773242630386,0.3945578231292517,0.8639455782312925,0.1360544217687075,0.0,1.9437828999944031
himawari9,B13,S0510,2026-07-07T15:00:00Z,HS_H09_20260707_1500_B13_FLDK_R20_S0510.DAT,3163901,2730.2131653283996,2772.7878518055027,529,2772,1707,8.79212760925293,19.887353897094727,17.028207778930664,18.538957595825195,-4.190649509429932,22.7635555267334,4.784394264221191,26.954204559326172,0.0022675736961451248,0.10657596371882086,0.2585034013605442,0.6575963718820862,0.3424036281179138,0.0,1.3946673999889754
himawari9,B13,S0510,2026-07-07T15:10:00Z,HS_H09_20260707_1510_B13_FLDK_R20_S0510.DAT,3164403,2730.2131653283996,2772.7878518055027,529,2772,1650,9.006020545959473,21.37408447265625,18.537376403808594,20.202102661132812,-1.0230551958084106,23.069889068603516,4.460210800170898,24.092945098876953,0.0022675736961451248,0.07936507936507936,0.17233560090702948,0.47165532879818595,0.528344671201814,0.0045351473922902496,1.5364014999940991
himawari9,B13,S0510,2026-07-07T15:20:00Z,HS_H09_20260707_1520_B13_FLDK_R20_S0510.DAT,3165365,2730.2131653283996,2772.7878518055027,529,2772,1602,9.186141014099121,22.610061645507812,19.74445152282715,21.192628860473633,1.5889123678207397,23.09537696838379,3.8922135829925537,21.5064640045166,0.0,0.045351473922902494,0.10430839002267574,0.3378684807256236,0.6621315192743764,0.006802721088435374,1.3315139999613166
himawari9,B13,S0510,2026-07-07T15:30:00Z,HS_H09_20260707_1530_B13_FLDK_R20_S0510.DAT,3166449,2730.2131653283996,2772.7878518055027,529,2772,1703,8.807137489318848,19.99237632751465,20.762897491455078,22.01961326599121,2.0642213821411133,23.01889419555664,3.1904995441436768,20.954673767089844,0.0,0.015873015873015872,0.061224489795918366,0.21768707482993196,0.782312925170068,0.0022675736961451248,1.6025408999994397
himawari9,B13,S0510,2026-07-07T15:40:00Z,HS_H09_20260707_1540_B13_FLDK_R20_S0510.DAT,3168748,2730.2131653283996,2772.7878518055027,529,2772,1636,9.058555603027344,21.73606300354004,21.281219482421875,22.01961326599121,4.311217784881592,23.273624420166016,2.3326525688171387,18.962406158447266,0.0,0.006802721088435374,0.04081632653061224,0.12244897959183673,0.8775510204081632,0.013605442176870748,1.2832928000134416
himawari9,B13,S0510,2026-07-07T15:50:00Z,HS_H09_20260707_1550_B13_FLDK_R20_S0510.DAT,3170593,2730.2131653283996,2772.7878518055027,529,2772,1625,9.099833488464355,22.01961326599121,21.220081329345703,21.710248947143555,8.262922286987305,23.01889419555664,1.5794202089309692,14.755971908569336,0.0,0.0022675736961451248,0.013605442176870748,0.14285714285714285,0.8571428571428571,0.0022675736961451248,0.9043773000012152
himawari9,B13,S0510,2026-07-07T16:00:00Z,HS_H09_20260707_1600_B13_FLDK_R20_S0510.DAT,3174092,2730.2131653283996,2772.7878518055027,529,2772,1610,9.156120300292969,22.405057907104492,20.6464786529541,21.296356201171875,13.5206298828125,23.324499130249023,1.940372109413147,9.803869247436523,0.0,0.0,0.018140589569160998,0.31519274376417233,0.6848072562358276,0.05215419501133787,1.506691700022202
himawari9,B13,S0510,2026-07-07T16:10:00Z,HS_H09_20260707_1610_B13_FLDK_R20_S0510.DAT,3177855,2730.2131653283996,2772.7878518055027,529,2772,1741,8.664542198181152,18.990371704101562,19.842721939086914,20.30681037902832,13.911404609680176,23.34992790222168,2.0550479888916016,9.438523292541504,0.0,0.0,0.022675736961451247,0.4308390022675737,0.5691609977324263,0.013605442176870748,1.2734087000135332
himawari9,B13,S0510,2026-07-07T16:20:00Z,HS_H09_20260707_1620_B13_FLDK_R20_S0510.DAT,3178142,2730.2131653283996,2772.7878518055027,529,2772,1733,8.694561958312988,19.202123641967773,19.100631713867188,19.122766494750977,13.604496955871582,23.679946899414062,2.273535966873169,10.07544994354248,0.0,0.0,0.047619047619047616,0.6145124716553289,0.3854875283446712,0.022675736961451247,1.131868700031191
himawari9,B13,S0510,2026-07-07T16:30:00Z,HS_H09_20260707_1630_B13_FLDK_R20_S0510.DAT,3179552,2730.2131653283996,2772.7878518055027,529,2772,1773,8.544462203979492,18.139005661010742,19.07290267944336,19.28141975402832,8.055953979492188,23.730628967285156,2.9535155296325684,15.674674987792969,0.0,0.013605442176870748,0.07482993197278912,0.5986394557823129,0.4013605442176871,0.08390022675736962,1.2144246000098065
himawari9,B13,S0510,2026-07-07T16:40:00Z,HS_H09_20260707_1640_B13_FLDK_R20_S0510.DAT,3179007,2730.2131653283996,2772.7878518055027,529,2772,1801,8.43939208984375,17.38823890686035,19.881309509277344,20.332969665527344,5.261758327484131,23.755962371826172,3.09057879447937,18.494203567504883,0.0,0.009070294784580499,0.061224489795918366,0.46485260770975056,0.5351473922902494,0.15873015873015872,1.217671699996572
himawari9,B13,S0510,2026-07-07T16:50:00Z,HS_H09_20260707_1650_B13_FLDK_R20_S0510.DAT,3178189,2730.2131653283996,2772.7878518055027,529,2772,1763,8.581987380981445,18.405811309814453,19.456100463867188,20.17591094970703,7.789180755615234,23.755962371826172,3.366250991821289,15.966781616210938,0.0,0.011337868480725623,0.11337868480725624,0.46258503401360546,0.5374149659863946,0.11791383219954649,1.4943315999698825
himawari9,B13,S0510,2026-07-07T17:00:00Z,HS_H09_20260707_1700_B13_FLDK_R20_S0510.DAT,3177667,2730.2131653283996,2772.7878518055027,529,2772,1834,8.315559387207031,16.496265411376953,20.15821647644043,20.854812622070312,11.771150588989258,23.983686447143555,2.787421703338623,12.212535858154297,0.0,0.0,0.061224489795918366,0.3900226757369615,0.6099773242630385,0.12698412698412698,1.1155734000494704
himawari9,B13,S0510,2026-07-07T17:10:00Z,HS_H09_20260707_1710_B13_FLDK_R20_S0510.DAT,3178207,2730.2131653283996,2772.7878518055027,529,2772,1769,8.55947208404541,18.245811462402344,20.551841735839844,20.672462463378906,12.64979362487793,23.95840835571289,2.2837576866149902,11.308614730834961,0.0,0.0,0.013605442176870748,0.3832199546485261,0.6167800453514739,0.18140589569160998,1.0303547999938019
himawari9,B13,S0510,2026-07-07T17:20:00Z,HS_H09_20260707_1720_B13_FLDK_R20_S0510.DAT,3177993,2730.2131653283996,2772.7878518055027,529,2772,1719,8.74709701538086,19.571653366088867,21.42038917541504,21.89082145690918,16.631916046142578,23.502368927001953,1.718328833580017,6.870452880859375,0.0,0.0,0.0,0.2222222222222222,0.7777777777777778,0.2290249433106576,1.3678842000081204
himawari9,B13,S0510,2026-07-07T17:30:00Z,HS_H09_20260707_1730_B13_FLDK_R20_S0510.DAT,3179235,2730.2131653283996,2772.7878518055027,529,2772,1593,9.219913482666016,22.840221405029297,22.136978149414062,22.584457397460938,8.969099998474121,23.933122634887695,1.6929399967193604,14.964022636413574,0.0,0.0022675736961451248,0.011337868480725623,0.08843537414965986,0.9115646258503401,0.3854875283446712,1.4066813999670558
himawari9,B13,S0510,2026-07-07T17:40:00Z,HS_H09_20260707_1740_B13_FLDK_R20_S0510.DAT,3179685,2730.2131653283996,2772.7878518055027,529,2772,1633,9.069812774658203,21.8134708404541,22.375247955322266,22.840221405029297,3.3194730281829834,23.9078311920166,1.7662049531936646,20.58835792541504,0.0,0.0022675736961451248,0.011337868480725623,0.04081632653061224,0.9591836734693877,0.41723356009070295,1.030139299982693
himawari9,B13,S0510,2026-07-07T17:50:00Z,HS_H09_20260707_1750_B13_FLDK_R20_S0510.DAT,3181609,2730.2131653283996,2772.7878518055027,529,2772,1641,9.039793014526367,21.6069278717041,22.454015731811523,22.661251068115234,12.3106107711792,23.95840835571289,1.148754358291626,11.647797584533691,0.0,0.0,0.0045351473922902496,0.024943310657596373,0.9750566893424036,0.3333333333333333,0.9017896999721415
himawari9,B13,S0510,2026-07-07T18:00:00Z,HS_H09_20260707_1800_B13_FLDK_R20_S0510.DAT,3182168,2730.2131653283996,2772.7878518055027,529,2772,1630,9.081070899963379,21.89082145690918,22.26134490966797,22.430706024169922,17.925060272216797,23.882535934448242,1.03517484664917,5.957475662231445,0.0,0.0,0.0,0.04308390022675737,0.9569160997732427,0.2471655328798186,1.2496785999974236
himawari9,B13,S0510,2026-07-07T18:10:00Z,HS_H09_20260707_1810_B13_FLDK_R20_S0510.DAT,3179752,2730.2131653283996,2772.7878518055027,529,2772,1627,9.092328071594238,21.968114852905273,21.48005485534668,21.83926010131836,15.842597007751465,23.85723304748535,1.486814022064209,8.014636039733887,0.0,0.0,0.0,0.18594104308390022,0.8140589569160998,0.11791383219954649,1.2847989000147209
himawari9,B13,S0510,2026-07-07T18:20:00Z,HS_H09_20260707_1820_B13_FLDK_R20_S0510.DAT,3179678,2730.2131653283996,2772.7878518055027,529,2772,1851,8.251766204833984,16.033687591552734,19.881799697875977,20.776700973510742,5.990946292877197,23.451580047607422,3.0213100910186768,17.460634231567383,0.0,0.015873015873015872,0.061224489795918366,0.3945578231292517,0.6054421768707483,0.05215419501133787,0.8169575000065379
himawari9,B13,S0510,2026-07-07T18:30:00Z,HS_H09_20260707_1830_B13_FLDK_R20_S0510.DAT,3178675,2730.2131653283996,2772.7878518055027,529,2772,1888,8.112923622131348,15.01950454711914,18.144264221191406,18.299171447753906,9.203327178955078,23.34992790222168,3.109412431716919,14.146600723266602,0.0,0.009070294784580499,0.1473922902494331,0.673469387755102,0.32653061224489793,0.034013605442176874,1.567903999995906
himawari9,B13,S0510,2026-07-07T18:40:00Z,HS_H09_20260707_1840_B13_FLDK_R20_S0510.DAT,3177758,2730.2131653283996,2772.7878518055027,529,2772,1857,8.229251861572266,15.869917869567871,17.408327102661133,17.603303909301758,1.9060674905776978,23.04439353942871,3.1997570991516113,21.13832664489746,0.0,0.024943310657596373,0.1927437641723356,0.7913832199546486,0.20861678004535147,0.0045351473922902496,0.9624673000071198
himawari9,B13,S0510,2026-07-07T18:50:00Z,HS_H09_20260707_1850_B13_FLDK_R20_S0510.DAT,3178213,2730.2131653283996,2772.7878518055027,529,2772,1844,8.278034210205078,16.224416732788086,16.858234405517578,18.192420959472656,-0.7942184209823608,22.99338722229004,4.330545902252197,23.78760528564453,0.0022675736961451248,0.08390022675736962,0.25396825396825395,0.8344671201814059,0.1655328798185941,0.0,1.2388128000311553
himawari9,B13,S0510,2026-07-07T19:00:00Z,HS_H09_20260707_1900_B13_FLDK_R20_S0510.DAT,3176057,2730.2131653283996,2772.7878518055027,529,2772,1804,8.428133964538574,17.307472229003906,16.34932518005371,17.898284912109375,0.6947820782661438,22.71241569519043,4.807518482208252,22.01763343811035,0.0,0.12244897959183673,0.2947845804988662,0.7551020408163265,0.24489795918367346,0.0,1.3160451999865472
himawari9,B13,S0510,2026-07-07T19:10:00Z,HS_H09_20260707_1910_B13_FLDK_R20_S0510.DAT,3175725,2730.2131653283996,2772.7878518055027,529,2772,1980,7.767693042755127,12.452079772949219,15.76833438873291,17.11876678466797,1.6206789016723633,22.328081130981445,4.984124660491943,20.707401275634766,0.0,0.17006802721088435,0.32653061224489793,0.782312925170068,0.21768707482993196,0.0,1.3323886999860406
himawari9,B13,S0510,2026-07-07T19:20:00Z,HS_H09_20260707_1920_B13_FLDK_R20_S0510.DAT,3174410,2730.2131653283996,2772.7878518055027,529,2772,2234,6.814556121826172,4.986812591552734,16.675355911254883,17.978588104248047,3.4129130840301514,22.865764617919922,5.160243511199951,19.452852249145508,0.0,0.14512471655328799,0.3129251700680272,0.6394557823129252,0.36054421768707484,0.0,1.3280168999917805
himawari9,B13,S0510,2026-07-07T19:30:00Z,HS_H09_20260707_1930_B13_FLDK_R20_S0510.DAT,3172595,2730.2131653283996,2772.7878518055027,529,2772,1718,8.750849723815918,19.597999572753906,17.47428321838379,18.857807159423828,1.9693628549575806,23.120859146118164,4.623201370239258,21.15149688720703,0.0,0.07936507936507936,0.2698412698412698,0.6303854875283447,0.36961451247165533,0.006802721088435374,1.4251043000258505
himawari9,B13,S0510,2026-07-07T19:40:00Z,HS_H09_20260707_1940_B13_FLDK_R20_S0510.DAT,3169926,2730.2131653283996,2772.7878518055027,529,2772,1712,8.773365020751953,19.75592803955078,17.559717178344727,18.751632690429688,1.937720775604248,23.197269439697266,4.462805271148682,21.25954818725586,0.0,0.08843537414965986,0.24263038548752835,0.6598639455782312,0.3401360544217687,0.02040816326530612,1.5262056000065058
himawari9,B13,S0510,2026-07-07T19:50:00Z,HS_H09_20260707_1950_B13_FLDK_R20_S0510.DAT,3167385,2730.2131653283996,2772.7878518055027,529,2772,1931,7.951565742492676,13.827796936035156,17.907339096069336,19.0698299407959,3.444038152694702,22.96787452697754,3.803586483001709,19.523836135864258,0.0,0.05668934240362812,0.18140589569160998,0.6621315192743764,0.3378684807256236,0.0,1.7806201999774203
himawari9,B13,S0510,2026-07-07T20:00:00Z,HS_H09_20260707_2000_B13_FLDK_R20_S0510.DAT,3165857,2730.2131653283996,2772.7878518055027,529,2772,1645,9.02478313446045,21.50350570678711,16.556474685668945,17.657001495361328,-4.02095365524292,22.148250579833984,4.471256732940674,26.169204711914062,0.009070294784580499,0.08843537414965986,0.28798185941043086,0.7596371882086168,0.24036281179138322,0.0,1.047095599991735
himawari9,B13,S0510,2026-07-07T20:10:00Z,HS_H09_20260707_2010_B13_FLDK_R20_S0510.DAT,3164161,2730.2131653283996,2772.7878518055027,529,2772,1937,7.929050922393799,13.660368919372559,15.309237480163574,16.088218688964844,-1.0557955503463745,22.94235610961914,4.623426914215088,23.998151779174805,0.006802721088435374,0.12244897959183673,0.3877551020408163,0.8526077097505669,0.1473922902494331,0.0,0.9333162000402808
himawari9,B13,S0510,2026-07-07T20:20:00Z,HS_H09_20260707_2020_B13_FLDK_R20_S0510.DAT,3166246,2730.2131653283996,2772.7878518055027,529,2772,2062,7.459987163543701,10.105552673339844,13.776613235473633,14.964390754699707,-4.66763162612915,22.225357055664062,5.259207725524902,26.892988204956055,0.027210884353741496,0.19501133786848074,0.5056689342403629,0.9433106575963719,0.05668934240362812,0.0,1.346721299982164
himawari9,B13,S0510,2026-07-07T20:30:00Z,HS_H09_20260707_2030_B13_FLDK_R20_S0510.DAT,3165792,2730.2131653283996,2772.7878518055027,529,2772,1844,8.278034210205078,16.224416732788086,12.06956958770752,13.911404609680176,-14.037447929382324,20.646387100219727,5.905913352966309,34.683834075927734,0.061224489795918366,0.2789115646258503,0.6485260770975056,0.9795918367346939,0.02040816326530612,0.0,1.8077879999764264
himawari9,B13,S0510,2026-07-07T20:50:00Z,HS_H09_20260707_2050_B13_FLDK_R20_S0510.DAT,3168706,2730.2131653283996,2772.7878518055027,529,2772,1897,8.079151153564453,14.77125358581543,13.353458404541016,13.5206298828125,-0.4358331263065338,22.328081130981445,4.027373790740967,22.763914108276367,0.0022675736961451248,0.18594104308390022,0.671201814058957,0.9297052154195011,0.07029478458049887,0.0,1.4574911000090651
himawari9,B13,S0510,2026-07-07T21:00:00Z,HS_H09_20260707_2100_B13_FLDK_R20_S0510.DAT,3170506,2730.2131653283996,2772.7878518055027,529,2772,1841,8.289291381835938,16.306047439575195,13.562822341918945,13.632436752319336,-3.4128637313842773,22.379405975341797,5.372873783111572,25.79227066040039,0.013605442176870748,0.2585034013605442,0.6303854875283447,0.8480725623582767,0.15192743764172337,0.0,1.2752357000135817
himawari9,B13,S0510,2026-07-07T21:10:00Z,HS_H09_20260707_2110_B13_FLDK_R20_S0510.DAT,3170475,2730.2131653283996,2772.7878518055027,529,2772,1644,9.028535842895508,21.529369354248047,14.757883071899414,15.623764038085938,-12.10278606414795,22.533231735229492,6.299674987792969,34.636016845703125,0.036281179138321996,0.16780045351473924,0.4603174603174603,0.7777777777777778,0.2222222222222222,0.0,1.0520250999834388
himawari9,B13,S0510,2026-07-07T21:20:00Z,HS_H09_20260707_2120_B13_FLDK_R20_S0510.DAT,3171741,2730.2131653283996,2772.7878518055027,529,2772,2311,6.525612831115723,2.599855661392212,15.353612899780273,17.576446533203125,-15.668253898620605,23.40076446533203,7.186363220214844,39.06901931762695,0.05215419501133787,0.17687074829931973,0.35827664399092973,0.6961451247165533,0.30385487528344673,0.015873015873015872,1.0835400999640115
himawari9,B13,S0510,2026-07-07T21:30:00Z,HS_H09_20260707_2130_B13_FLDK_R20_S0510.DAT,3173832,2730.2131653283996,2772.7878518055027,529,2772,2126,7.219826698303223,8.233383178710938,15.685298919677734,18.51234245300293,-16.8551025390625,24.008960723876953,8.04686164855957,40.86406326293945,0.06802721088435375,0.21315192743764172,0.3242630385487528,0.6258503401360545,0.3741496598639456,0.10430839002267574,1.4578426000080071
himawari9,B13,S0510,2026-07-07T21:40:00Z,HS_H09_20260707_2140_B13_FLDK_R20_S0510.DAT,3175054,2730.2131653283996,2772.7878518055027,529,2772,1611,9.152368545532227,22.379405975341797,18.398746490478516,20.5681209564209,-5.733607769012451,23.9078311920166,5.994390487670898,29.64143943786621,0.018140589569160998,0.12244897959183673,0.2018140589569161,0.4467120181405896,0.5532879818594104,0.1927437641723356,1.486360799986869
himawari9,B13,S0510,2026-07-07T21:50:00Z,HS_H09_20260707_2150_B13_FLDK_R20_S0510.DAT,3178051,2730.2131653283996,2772.7878518055027,529,2772,1614,9.14111042022705,22.30240821838379,21.71611976623535,22.45634651184082,10.683152198791504,24.03422737121582,2.193739652633667,13.351075172424316,0.0,0.0,0.015873015873015872,0.1746031746031746,0.8253968253968254,0.32653061224489793,0.7936019999906421
himawari9,B13,S0510,2026-07-07T22:00:00Z,HS_H09_20260707_2200_B13_FLDK_R20_S0510.DAT,3180414,2730.2131653283996,2772.7878518055027,529,2772,1559,9.347498893737793,23.705291748046875,22.754901885986328,23.222726821899414,18.325841903686523,24.210935592651367,1.320317029953003,5.885093688964844,0.0,0.0,0.0,0.06575963718820861,0.9342403628117913,0.5963718820861678,0.9657157000037841
himawari9,B13,S0510,2026-07-07T22:10:00Z,HS_H09_20260707_2210_B13_FLDK_R20_S0510.DAT,3181815,2730.2131653283996,2772.7878518055027,529,2772,1556,9.358756065368652,23.781288146972656,23.108489990234375,23.603878021240234,18.538957595825195,24.210935592651367,1.158792495727539,5.671977996826172,0.0,0.0,0.0,0.027210884353741496,0.9727891156462585,0.7142857142857143,1.1950485999695957
himawari9,B13,S0510,2026-07-07T22:20:00Z,HS_H09_20260707_2220_B13_FLDK_R20_S0510.DAT,3182651,2730.2131653283996,2772.7878518055027,529,2772,1727,8.717077255249023,19.360654830932617,22.815874099731445,23.451580047607422,18.005342483520508,24.36216926574707,1.3845336437225342,6.3568267822265625,0.0,0.0,0.0,0.06349206349206349,0.9365079365079365,0.6009070294784581,1.2727089999825694
himawari9,B13,S0510,2026-07-07T22:30:00Z,HS_H09_20260707_2230_B13_FLDK_R20_S0510.DAT,3184616,2730.2131653283996,2772.7878518055027,529,2772,1577,9.279953956604004,23.248178482055664,21.86358642578125,22.328081130981445,14.660721778869629,24.03422737121582,1.7019914388656616,9.373505592346191,0.0,0.0,0.006802721088435374,0.14285714285714285,0.8571428571428571,0.31746031746031744,1.0079828999587335
himawari9,B13,S0510,2026-07-07T22:40:00Z,HS_H09_20260707_2240_B13_FLDK_R20_S0510.DAT,3187198,2730.2131653283996,2772.7878518055027,529,2772,1556,9.358756065368652,23.781288146972656,21.418012619018555,22.225357055664062,12.253966331481934,23.9078311920166,2.1740427017211914,11.653864860534668,0.0,0.0,0.011337868480725623,0.24489795918367346,0.7551020408163265,0.2834467120181406,1.0444590999977663
himawari9,B13,S0510,2026-07-07T22:50:00Z,HS_H09_20260707_2250_B13_FLDK_R20_S0510.DAT,3189855,2730.2131653283996,2772.7878518055027,529,2772,1561,9.339993476867676,23.65459632873535,22.35427474975586,23.171804428100586,11.657197952270508,24.109994888305664,2.1043293476104736,12.452796936035156,0.0,0.0,0.015873015873015872,0.11564625850340136,0.8843537414965986,0.5782312925170068,0.879158700001426
himawari9,B13,S0510,2026-07-07T23:00:00Z,HS_H09_20260707_2300_B13_FLDK_R20_S0510.DAT,3191994,2730.2131653283996,2772.7878518055027,529,2772,1557,9.355003356933594,23.755962371826172,23.32990264892578,23.451580047607422,20.202102661132812,24.210935592651367,0.6135781407356262,4.008832931518555,0.0,0.0,0.0,0.0,1.0,0.7777777777777778,0.7599033000296913
himawari9,B13,S0510,2026-07-07T23:10:00Z,HS_H09_20260707_2310_B13_FLDK_R20_S0510.DAT,3193313,2730.2131653283996,2772.7878518055027,529,2772,1550,9.381271362304688,23.933122634887695,23.438983917236328,23.679946899414062,17.38823890686035,24.261369705200195,0.8242939710617065,6.873130798339844,0.0,0.0,0.0,0.02040816326530612,0.9795918367346939,0.8390022675736961,0.8871946000144817
himawari9,B13,S0510,2026-07-07T23:20:00Z,HS_H09_20260707_2320_B13_FLDK_R20_S0510.DAT,3194299,2730.2131653283996,2772.7878518055027,529,2772,1549,9.385024070739746,23.95840835571289,23.594945907592773,23.781288146972656,16.006410598754883,24.236154556274414,0.7666986584663391,8.229743957519531,0.0,0.0,0.0,0.006802721088435374,0.9931972789115646,0.9115646258503401,0.8466708000050858
himawari9,B13,S0510,2026-07-07T23:30:00Z,HS_H09_20260707_2330_B13_FLDK_R20_S0510.DAT,3195187,2730.2131653283996,2772.7878518055027,529,2772,1545,9.400033950805664,24.059490203857422,22.97602653503418,23.603878021240234,11.514569282531738,24.135238647460938,1.7280840873718262,12.6206693649292,0.0,0.0,0.013605442176870748,0.06349206349206349,0.9365079365079365,0.7392290249433107,1.0139997000223957
himawari9,B13,S0510,2026-07-07T23:40:00Z,HS_H09_20260707_2340_B13_FLDK_R20_S0510.DAT,3195265,2730.2131653283996,2772.7878518055027,529,2772,1571,9.302468299865723,23.40076446533203,22.685121536254883,23.426176071166992,8.704900741577148,24.387353897094727,2.138944387435913,15.682453155517578,0.0,0.0045351473922902496,0.015873015873015872,0.08390022675736962,0.9160997732426304,0.6485260770975056,0.9407890000147745
himawari9,B13,S0510,2026-07-07T23:50:00Z,HS_H09_20260707_2350_B13_FLDK_R20_S0510.DAT,3195603,2730.2131653283996,2772.7878518055027,529,2772,1573,9.294963836669922,23.34992790222168,23.222692489624023,23.781288146972656,11.82807731628418,24.462875366210938,1.80051589012146,12.634798049926758,0.0,0.0,0.015873015873015872,0.05668934240362812,0.9433106575963719,0.8367346938775511,2.3143698000349104
