chunk_index,dataset,status,http_status,run_time_count,first_run_time,last_run_time,row_count,forecast_wide_rows_upserted,estimated_credits_consumed,expected_credits,expected_rows,elapsed_seconds,request_sha256,chunk_id,raw_path,source,sanity_issue_count,sanity_issues,error_class,error_message
1,gfs,completed,200,14,2021-03-22T00:00:00Z,2021-04-04T00:00:00Z,3900,3900,4225,4550,4200,0.001,6ea1745622058df26121329a54cb680d6ca2a8d41ede871fce609f07688a01cd,batch_smoke_10w_gfs_6ea174562205,C:/Users/ahmad/Desktop/generalFiles/git/weather_markets/weather_data_extraction/bootstrap/hkg_tmax_elite_codex_bootstrap/hkg_tmax_elite_codex/data/_pipeline_internal/raw/gribstream_tactical_batch_smoke_10w/gfs/run_window_utc=20210322_000000_to_20210404_000000/6ea1745622058df26121329a54cb680d6ca2a8d41ede871fce609f07688a01cd.ndjson.gz,raw_reused,0,,,
2,gfs,completed,200,14,2021-04-05T00:00:00Z,2021-04-18T00:00:00Z,4200,4200,4550,4550,4200,0.001,6ada27f3ba1ab40865595b283266aa892a2c61497e6131a723822ae97fdf2c78,batch_smoke_10w_gfs_6ada27f3ba1a,C:/Users/ahmad/Desktop/generalFiles/git/weather_markets/weather_data_extraction/bootstrap/hkg_tmax_elite_codex_bootstrap/hkg_tmax_elite_codex/data/_pipeline_internal/raw/gribstream_tactical_batch_smoke_10w/gfs/run_window_utc=20210405_000000_to_20210418_000000/6ada27f3ba1ab40865595b283266aa892a2c61497e6131a723822ae97fdf2c78.ndjson.gz,raw_reused,0,,,
3,gfs,completed,200,14,2021-04-19T00:00:00Z,2021-05-02T00:00:00Z,4200,4200,4550,4550,4200,0.002,1dae871b6071e970b6880fa500554c86141be5cddd4413b8819f6cc9456ab982,batch_smoke_10w_gfs_1dae871b6071,C:/Users/ahmad/Desktop/generalFiles/git/weather_markets/weather_data_extraction/bootstrap/hkg_tmax_elite_codex_bootstrap/hkg_tmax_elite_codex/data/_pipeline_internal/raw/gribstream_tactical_batch_smoke_10w/gfs/run_window_utc=20210419_000000_to_20210502_000000/1dae871b6071e970b6880fa500554c86141be5cddd4413b8819f6cc9456ab982.ndjson.gz,raw_reused,0,,,
4,gfs,completed,200,14,2021-05-03T00:00:00Z,2021-05-16T00:00:00Z,4200,4200,4550,4550,4200,0.001,862b757ef196740e5c2a267f3cf215875ac9cdb83ee8849522d639c1584dd2c2,batch_smoke_10w_gfs_862b757ef196,C:/Users/ahmad/Desktop/generalFiles/git/weather_markets/weather_data_extraction/bootstrap/hkg_tmax_elite_codex_bootstrap/hkg_tmax_elite_codex/data/_pipeline_internal/raw/gribstream_tactical_batch_smoke_10w/gfs/run_window_utc=20210503_000000_to_20210516_000000/862b757ef196740e5c2a267f3cf215875ac9cdb83ee8849522d639c1584dd2c2.ndjson.gz,raw_reused,0,,,
5,gfs,completed,200,14,2021-05-17T00:00:00Z,2021-05-30T00:00:00Z,4200,4200,4550,4550,4200,0.001,be7e6013f0db4adbdcb9005013ebcb8f567328054a60f3226103249315eaacbe,batch_smoke_10w_gfs_be7e6013f0db,C:/Users/ahmad/Desktop/generalFiles/git/weather_markets/weather_data_extraction/bootstrap/hkg_tmax_elite_codex_bootstrap/hkg_tmax_elite_codex/data/_pipeline_internal/raw/gribstream_tactical_batch_smoke_10w/gfs/run_window_utc=20210517_000000_to_20210530_000000/be7e6013f0db4adbdcb9005013ebcb8f567328054a60f3226103249315eaacbe.ndjson.gz,raw_reused,0,,,
6,gefsatmosmean,completed,200,31,2020-10-01T18:00:00Z,2020-10-31T18:00:00Z,2976,2976,1984,1984,2976,10.504,3b9d35160161b2b89065573c99ad6d38b0a7eb1d88d8ab6fdaa14303d6e55c10,batch_smoke_10w_gefsatmosmean_3b9d35160161,C:/Users/ahmad/Desktop/generalFiles/git/weather_markets/weather_data_extraction/bootstrap/hkg_tmax_elite_codex_bootstrap/hkg_tmax_elite_codex/data/_pipeline_internal/raw/gribstream_tactical_batch_smoke_10w/gefsatmosmean/run_window_utc=20201001_180000_to_20201031_180000/3b9d35160161b2b89065573c99ad6d38b0a7eb1d88d8ab6fdaa14303d6e55c10.ndjson.gz,api_fetched,0,,,
7,gefsatmosmean,completed,200,31,2020-11-01T18:00:00Z,2020-12-01T18:00:00Z,2976,2976,1984,1984,2976,11.289,35765359e3edc0a74ddde04a15c19ca74f24657eadecbc60b74db4872a16c29f,batch_smoke_10w_gefsatmosmean_35765359e3ed,C:/Users/ahmad/Desktop/generalFiles/git/weather_markets/weather_data_extraction/bootstrap/hkg_tmax_elite_codex_bootstrap/hkg_tmax_elite_codex/data/_pipeline_internal/raw/gribstream_tactical_batch_smoke_10w/gefsatmosmean/run_window_utc=20201101_180000_to_20201201_180000/35765359e3edc0a74ddde04a15c19ca74f24657eadecbc60b74db4872a16c29f.ndjson.gz,api_fetched,0,,,
8,gefsatmosmean,completed,200,8,2020-12-02T18:00:00Z,2020-12-09T18:00:00Z,768,768,512,512,768,3.329,e92e56657e5878cf463ce5347e3d3f78a459f57af79ee2c974429602d85c6f34,batch_smoke_10w_gefsatmosmean_e92e56657e58,C:/Users/ahmad/Desktop/generalFiles/git/weather_markets/weather_data_extraction/bootstrap/hkg_tmax_elite_codex_bootstrap/hkg_tmax_elite_codex/data/_pipeline_internal/raw/gribstream_tactical_batch_smoke_10w/gefsatmosmean/run_window_utc=20201202_180000_to_20201209_180000/e92e56657e5878cf463ce5347e3d3f78a459f57af79ee2c974429602d85c6f34.ndjson.gz,api_fetched,0,,,
9,gefsatmos,completed,200,5,2020-10-01T18:00:00Z,2020-10-05T18:00:00Z,1240,1240,1240,1240,1240,17.22,8b2304d7da246cdc4c7843a6856384fe535d927cef7b6b3664afa71591168bad,batch_smoke_10w_gefsatmos_8b2304d7da24,C:/Users/ahmad/Desktop/generalFiles/git/weather_markets/weather_data_extraction/bootstrap/hkg_tmax_elite_codex_bootstrap/hkg_tmax_elite_codex/data/_pipeline_internal/raw/gribstream_tactical_batch_smoke_10w/gefsatmos/run_window_utc=20201001_180000_to_20201005_180000/8b2304d7da246cdc4c7843a6856384fe535d927cef7b6b3664afa71591168bad.ndjson.gz,api_fetched,0,,,
10,gefsatmos,completed,200,5,2020-10-06T18:00:00Z,2020-10-10T18:00:00Z,1240,1240,1240,1240,1240,10.042,7128a9486a65faf6b5400d579b7dd920b0a0afded4487b97027487f1245a8fe3,batch_smoke_10w_gefsatmos_7128a9486a65,C:/Users/ahmad/Desktop/generalFiles/git/weather_markets/weather_data_extraction/bootstrap/hkg_tmax_elite_codex_bootstrap/hkg_tmax_elite_codex/data/_pipeline_internal/raw/gribstream_tactical_batch_smoke_10w/gefsatmos/run_window_utc=20201006_180000_to_20201010_180000/7128a9486a65faf6b5400d579b7dd920b0a0afded4487b97027487f1245a8fe3.ndjson.gz,api_fetched,0,,,
11,gefsatmos,completed,200,5,2020-10-11T18:00:00Z,2020-10-15T18:00:00Z,1240,1240,1240,1240,1240,11.814,8d71d88a340b641184796a4059feb19fd63b820402fe49d246325bcac45e3456,batch_smoke_10w_gefsatmos_8d71d88a340b,C:/Users/ahmad/Desktop/generalFiles/git/weather_markets/weather_data_extraction/bootstrap/hkg_tmax_elite_codex_bootstrap/hkg_tmax_elite_codex/data/_pipeline_internal/raw/gribstream_tactical_batch_smoke_10w/gefsatmos/run_window_utc=20201011_180000_to_20201015_180000/8d71d88a340b641184796a4059feb19fd63b820402fe49d246325bcac45e3456.ndjson.gz,api_fetched,0,,,
12,gefsatmos,completed,200,5,2020-10-16T18:00:00Z,2020-10-20T18:00:00Z,1240,1240,1240,1240,1240,11.715,201b9a497a446b811b479b9af1beed8cfbd2ce189d64f54d670d9b32ba13ad79,batch_smoke_10w_gefsatmos_201b9a497a44,C:/Users/ahmad/Desktop/generalFiles/git/weather_markets/weather_data_extraction/bootstrap/hkg_tmax_elite_codex_bootstrap/hkg_tmax_elite_codex/data/_pipeline_internal/raw/gribstream_tactical_batch_smoke_10w/gefsatmos/run_window_utc=20201016_180000_to_20201020_180000/201b9a497a446b811b479b9af1beed8cfbd2ce189d64f54d670d9b32ba13ad79.ndjson.gz,api_fetched,0,,,
13,gefsatmos,completed,200,5,2020-10-21T18:00:00Z,2020-10-25T18:00:00Z,1240,1240,1240,1240,1240,11.302,bf4ba01df896d409b0cf053b9ef23fb6564846feba387a8a7f68cea78dbfa099,batch_smoke_10w_gefsatmos_bf4ba01df896,C:/Users/ahmad/Desktop/generalFiles/git/weather_markets/weather_data_extraction/bootstrap/hkg_tmax_elite_codex_bootstrap/hkg_tmax_elite_codex/data/_pipeline_internal/raw/gribstream_tactical_batch_smoke_10w/gefsatmos/run_window_utc=20201021_180000_to_20201025_180000/bf4ba01df896d409b0cf053b9ef23fb6564846feba387a8a7f68cea78dbfa099.ndjson.gz,api_fetched,0,,,
14,gefsatmos,completed,200,5,2020-10-26T18:00:00Z,2020-10-30T18:00:00Z,1240,1240,1240,1240,1240,11.557,f80595cc7843f076f1f173def80c9429b3e6475ed2459f6537977b79ef2ff203,batch_smoke_10w_gefsatmos_f80595cc7843,C:/Users/ahmad/Desktop/generalFiles/git/weather_markets/weather_data_extraction/bootstrap/hkg_tmax_elite_codex_bootstrap/hkg_tmax_elite_codex/data/_pipeline_internal/raw/gribstream_tactical_batch_smoke_10w/gefsatmos/run_window_utc=20201026_180000_to_20201030_180000/f80595cc7843f076f1f173def80c9429b3e6475ed2459f6537977b79ef2ff203.ndjson.gz,api_fetched,0,,,
15,gefsatmos,completed,200,5,2020-10-31T18:00:00Z,2020-11-04T18:00:00Z,1240,1240,1240,1240,1240,12.572,0a81cff062d1ab80b27dc0e13c12786f76223f955e9da48e16a2974a39884f61,batch_smoke_10w_gefsatmos_0a81cff062d1,C:/Users/ahmad/Desktop/generalFiles/git/weather_markets/weather_data_extraction/bootstrap/hkg_tmax_elite_codex_bootstrap/hkg_tmax_elite_codex/data/_pipeline_internal/raw/gribstream_tactical_batch_smoke_10w/gefsatmos/run_window_utc=20201031_180000_to_20201104_180000/0a81cff062d1ab80b27dc0e13c12786f76223f955e9da48e16a2974a39884f61.ndjson.gz,api_fetched,0,,,
16,gefsatmos,completed,200,5,2020-11-05T18:00:00Z,2020-11-09T18:00:00Z,1240,1240,1240,1240,1240,10.6,41476d117aa919014d6ce6a89b1fab88b6f7ebecdcef87437dd5f72e74bbc1a8,batch_smoke_10w_gefsatmos_41476d117aa9,C:/Users/ahmad/Desktop/generalFiles/git/weather_markets/weather_data_extraction/bootstrap/hkg_tmax_elite_codex_bootstrap/hkg_tmax_elite_codex/data/_pipeline_internal/raw/gribstream_tactical_batch_smoke_10w/gefsatmos/run_window_utc=20201105_180000_to_20201109_180000/41476d117aa919014d6ce6a89b1fab88b6f7ebecdcef87437dd5f72e74bbc1a8.ndjson.gz,api_fetched,0,,,
17,gefsatmos,completed,200,5,2020-11-10T18:00:00Z,2020-11-14T18:00:00Z,1240,1240,1240,1240,1240,19.844,fd919008fcf5ce64b84fc2bfec2feb97a6019dd805c0afc2aaf414314556d250,batch_smoke_10w_gefsatmos_fd919008fcf5,C:/Users/ahmad/Desktop/generalFiles/git/weather_markets/weather_data_extraction/bootstrap/hkg_tmax_elite_codex_bootstrap/hkg_tmax_elite_codex/data/_pipeline_internal/raw/gribstream_tactical_batch_smoke_10w/gefsatmos/run_window_utc=20201110_180000_to_20201114_180000/fd919008fcf5ce64b84fc2bfec2feb97a6019dd805c0afc2aaf414314556d250.ndjson.gz,api_fetched,0,,,
18,gefsatmos,completed,200,5,2020-11-15T18:00:00Z,2020-11-19T18:00:00Z,1240,1240,1240,1240,1240,7.906,ee15c81f5bb32af6888c9886cca937f92318fe0d52faf9eb5286485ca781fd0f,batch_smoke_10w_gefsatmos_ee15c81f5bb3,C:/Users/ahmad/Desktop/generalFiles/git/weather_markets/weather_data_extraction/bootstrap/hkg_tmax_elite_codex_bootstrap/hkg_tmax_elite_codex/data/_pipeline_internal/raw/gribstream_tactical_batch_smoke_10w/gefsatmos/run_window_utc=20201115_180000_to_20201119_180000/ee15c81f5bb32af6888c9886cca937f92318fe0d52faf9eb5286485ca781fd0f.ndjson.gz,api_fetched,0,,,
19,gefsatmos,completed,200,5,2020-11-20T18:00:00Z,2020-11-24T18:00:00Z,1240,1240,1240,1240,1240,10.56,e7aa0563aaa788b1d5906e73f29d4859334758bc97caa7f4fb2f99012c0de839,batch_smoke_10w_gefsatmos_e7aa0563aaa7,C:/Users/ahmad/Desktop/generalFiles/git/weather_markets/weather_data_extraction/bootstrap/hkg_tmax_elite_codex_bootstrap/hkg_tmax_elite_codex/data/_pipeline_internal/raw/gribstream_tactical_batch_smoke_10w/gefsatmos/run_window_utc=20201120_180000_to_20201124_180000/e7aa0563aaa788b1d5906e73f29d4859334758bc97caa7f4fb2f99012c0de839.ndjson.gz,api_fetched,0,,,
20,gefsatmos,completed,200,5,2020-11-25T18:00:00Z,2020-11-29T18:00:00Z,1240,1240,1240,1240,1240,11.689,b6bbba1718059cc401b4ba71956c781f5a664ae371f154d9cc643c5039fa04b6,batch_smoke_10w_gefsatmos_b6bbba171805,C:/Users/ahmad/Desktop/generalFiles/git/weather_markets/weather_data_extraction/bootstrap/hkg_tmax_elite_codex_bootstrap/hkg_tmax_elite_codex/data/_pipeline_internal/raw/gribstream_tactical_batch_smoke_10w/gefsatmos/run_window_utc=20201125_180000_to_20201129_180000/b6bbba1718059cc401b4ba71956c781f5a664ae371f154d9cc643c5039fa04b6.ndjson.gz,api_fetched,0,,,
21,gefsatmos,completed,200,5,2020-11-30T18:00:00Z,2020-12-04T18:00:00Z,1240,1240,1240,1240,1240,11.416,bf80b3e910caa4e7ff752dd262c17085d29ecdaa4ba2891536b76fda425dea8d,batch_smoke_10w_gefsatmos_bf80b3e910ca,C:/Users/ahmad/Desktop/generalFiles/git/weather_markets/weather_data_extraction/bootstrap/hkg_tmax_elite_codex_bootstrap/hkg_tmax_elite_codex/data/_pipeline_internal/raw/gribstream_tactical_batch_smoke_10w/gefsatmos/run_window_utc=20201130_180000_to_20201204_180000/bf80b3e910caa4e7ff752dd262c17085d29ecdaa4ba2891536b76fda425dea8d.ndjson.gz,api_fetched,0,,,
22,gefsatmos,completed,200,5,2020-12-05T18:00:00Z,2020-12-09T18:00:00Z,1240,1240,1240,1240,1240,12.108,6c05101b267661d9c97a02cf7cfa73693259b5acfb85f21441755e2606b3a6a1,batch_smoke_10w_gefsatmos_6c05101b2676,C:/Users/ahmad/Desktop/generalFiles/git/weather_markets/weather_data_extraction/bootstrap/hkg_tmax_elite_codex_bootstrap/hkg_tmax_elite_codex/data/_pipeline_internal/raw/gribstream_tactical_batch_smoke_10w/gefsatmos/run_window_utc=20201205_180000_to_20201209_180000/6c05101b267661d9c97a02cf7cfa73693259b5acfb85f21441755e2606b3a6a1.ndjson.gz,api_fetched,0,,,
23,ifsoper,completed,200,14,2024-02-28T18:00:00Z,2024-03-12T18:00:00Z,1512,1512,1512,1512,1512,22.471,fae9019de7b3ec4c056182e6501f3bd4e7bd62566a5e4a230b19a572a2764ca7,batch_smoke_10w_ifsoper_fae9019de7b3,C:/Users/ahmad/Desktop/generalFiles/git/weather_markets/weather_data_extraction/bootstrap/hkg_tmax_elite_codex_bootstrap/hkg_tmax_elite_codex/data/_pipeline_internal/raw/gribstream_tactical_batch_smoke_10w/ifsoper/run_window_utc=20240228_180000_to_20240312_180000/fae9019de7b3ec4c056182e6501f3bd4e7bd62566a5e4a230b19a572a2764ca7.ndjson.gz,api_fetched,0,,,
24,ifsoper,completed,200,14,2024-03-13T18:00:00Z,2024-03-26T18:00:00Z,1512,1512,1512,1512,1512,20.326,dd4d03495f9941d8c718de9a97c64ea31bf12a6c728e55749a7a009a313435b4,batch_smoke_10w_ifsoper_dd4d03495f99,C:/Users/ahmad/Desktop/generalFiles/git/weather_markets/weather_data_extraction/bootstrap/hkg_tmax_elite_codex_bootstrap/hkg_tmax_elite_codex/data/_pipeline_internal/raw/gribstream_tactical_batch_smoke_10w/ifsoper/run_window_utc=20240313_180000_to_20240326_180000/dd4d03495f9941d8c718de9a97c64ea31bf12a6c728e55749a7a009a313435b4.ndjson.gz,api_fetched,0,,,
25,ifsoper,completed,200,14,2024-03-27T18:00:00Z,2024-04-09T18:00:00Z,1512,1512,1512,1512,1512,20.025,295b8c430842fd9cd35fcf5bb7bab93b87de4736e0a283787123578d44cb11a3,batch_smoke_10w_ifsoper_295b8c430842,C:/Users/ahmad/Desktop/generalFiles/git/weather_markets/weather_data_extraction/bootstrap/hkg_tmax_elite_codex_bootstrap/hkg_tmax_elite_codex/data/_pipeline_internal/raw/gribstream_tactical_batch_smoke_10w/ifsoper/run_window_utc=20240327_180000_to_20240409_180000/295b8c430842fd9cd35fcf5bb7bab93b87de4736e0a283787123578d44cb11a3.ndjson.gz,api_fetched,0,,,
26,ifsoper,completed,200,14,2024-04-10T18:00:00Z,2024-04-23T18:00:00Z,1512,1512,1512,1512,1512,20.377,f89d497e0c1b01783c410f93dc6b3579a9b08125f9665869b179e1ee62216013,batch_smoke_10w_ifsoper_f89d497e0c1b,C:/Users/ahmad/Desktop/generalFiles/git/weather_markets/weather_data_extraction/bootstrap/hkg_tmax_elite_codex_bootstrap/hkg_tmax_elite_codex/data/_pipeline_internal/raw/gribstream_tactical_batch_smoke_10w/ifsoper/run_window_utc=20240410_180000_to_20240423_180000/f89d497e0c1b01783c410f93dc6b3579a9b08125f9665869b179e1ee62216013.ndjson.gz,api_fetched,0,,,
27,ifsoper,completed,200,14,2024-04-24T18:00:00Z,2024-05-07T18:00:00Z,1512,1512,1512,1512,1512,19.364,5045cce179291a5b29f8c8ba32a4d24c99a3b15f97654f0247324cf373a3dfe5,batch_smoke_10w_ifsoper_5045cce17929,C:/Users/ahmad/Desktop/generalFiles/git/weather_markets/weather_data_extraction/bootstrap/hkg_tmax_elite_codex_bootstrap/hkg_tmax_elite_codex/data/_pipeline_internal/raw/gribstream_tactical_batch_smoke_10w/ifsoper/run_window_utc=20240424_180000_to_20240507_180000/5045cce179291a5b29f8c8ba32a4d24c99a3b15f97654f0247324cf373a3dfe5.ndjson.gz,api_fetched,0,,,
28,ifsenfo,completed,200,5,2024-03-01T18:00:00Z,2024-03-05T18:00:00Z,2040,2040,2040,2040,2040,22.91,94aaf52757dec39076c03def082d30aae9555d25ba6208cd4f3232eb7ee7162f,batch_smoke_10w_ifsenfo_94aaf52757de,C:/Users/ahmad/Desktop/generalFiles/git/weather_markets/weather_data_extraction/bootstrap/hkg_tmax_elite_codex_bootstrap/hkg_tmax_elite_codex/data/_pipeline_internal/raw/gribstream_tactical_batch_smoke_10w/ifsenfo/run_window_utc=20240301_180000_to_20240305_180000/94aaf52757dec39076c03def082d30aae9555d25ba6208cd4f3232eb7ee7162f.ndjson.gz,api_fetched,0,,,
29,ifsenfo,completed,200,5,2024-03-06T18:00:00Z,2024-03-10T18:00:00Z,2040,2040,2040,2040,2040,23.193,03c25cc45c935df0a1f90b4e7ac6b019791d7c8a41c126af9fb365535b93c5c3,batch_smoke_10w_ifsenfo_03c25cc45c93,C:/Users/ahmad/Desktop/generalFiles/git/weather_markets/weather_data_extraction/bootstrap/hkg_tmax_elite_codex_bootstrap/hkg_tmax_elite_codex/data/_pipeline_internal/raw/gribstream_tactical_batch_smoke_10w/ifsenfo/run_window_utc=20240306_180000_to_20240310_180000/03c25cc45c935df0a1f90b4e7ac6b019791d7c8a41c126af9fb365535b93c5c3.ndjson.gz,api_fetched,0,,,
30,ifsenfo,completed,200,5,2024-03-11T18:00:00Z,2024-03-15T18:00:00Z,2040,2040,2040,2040,2040,23.592,ff9d0af42595ec3569d1b6fa18dbd5a7aace131f8569846a96089fa469c4bb06,batch_smoke_10w_ifsenfo_ff9d0af42595,C:/Users/ahmad/Desktop/generalFiles/git/weather_markets/weather_data_extraction/bootstrap/hkg_tmax_elite_codex_bootstrap/hkg_tmax_elite_codex/data/_pipeline_internal/raw/gribstream_tactical_batch_smoke_10w/ifsenfo/run_window_utc=20240311_180000_to_20240315_180000/ff9d0af42595ec3569d1b6fa18dbd5a7aace131f8569846a96089fa469c4bb06.ndjson.gz,api_fetched,0,,,
31,ifsenfo,completed,200,5,2024-03-16T18:00:00Z,2024-03-20T18:00:00Z,2040,2040,2040,2040,2040,24.209,d47b68dce12da6fddeb104320e2263a685e5718acd74d66dadcdbafe212079b8,batch_smoke_10w_ifsenfo_d47b68dce12d,C:/Users/ahmad/Desktop/generalFiles/git/weather_markets/weather_data_extraction/bootstrap/hkg_tmax_elite_codex_bootstrap/hkg_tmax_elite_codex/data/_pipeline_internal/raw/gribstream_tactical_batch_smoke_10w/ifsenfo/run_window_utc=20240316_180000_to_20240320_180000/d47b68dce12da6fddeb104320e2263a685e5718acd74d66dadcdbafe212079b8.ndjson.gz,api_fetched,0,,,
32,ifsenfo,completed,200,5,2024-03-21T18:00:00Z,2024-03-25T18:00:00Z,2040,2040,2040,2040,2040,23.873,f1253f48b04c39b7bad11ee0fd3c45c843b7da3edfe3e2e40126d28317d2a344,batch_smoke_10w_ifsenfo_f1253f48b04c,C:/Users/ahmad/Desktop/generalFiles/git/weather_markets/weather_data_extraction/bootstrap/hkg_tmax_elite_codex_bootstrap/hkg_tmax_elite_codex/data/_pipeline_internal/raw/gribstream_tactical_batch_smoke_10w/ifsenfo/run_window_utc=20240321_180000_to_20240325_180000/f1253f48b04c39b7bad11ee0fd3c45c843b7da3edfe3e2e40126d28317d2a344.ndjson.gz,api_fetched,0,,,
33,ifsenfo,completed,200,5,2024-03-26T18:00:00Z,2024-03-30T18:00:00Z,2040,2040,2040,2040,2040,23.568,c3041a8b12475bd9cf9783ea0ec5e96763d4c44ea8f14fda617ca17d2c6d2759,batch_smoke_10w_ifsenfo_c3041a8b1247,C:/Users/ahmad/Desktop/generalFiles/git/weather_markets/weather_data_extraction/bootstrap/hkg_tmax_elite_codex_bootstrap/hkg_tmax_elite_codex/data/_pipeline_internal/raw/gribstream_tactical_batch_smoke_10w/ifsenfo/run_window_utc=20240326_180000_to_20240330_180000/c3041a8b12475bd9cf9783ea0ec5e96763d4c44ea8f14fda617ca17d2c6d2759.ndjson.gz,api_fetched,0,,,
34,ifsenfo,completed,200,5,2024-03-31T18:00:00Z,2024-04-04T18:00:00Z,2040,2040,2040,2040,2040,24.009,849a63b748e407f3e3e40f4e1ba99c842c3bde760ec16f39f548b016f0dcba29,batch_smoke_10w_ifsenfo_849a63b748e4,C:/Users/ahmad/Desktop/generalFiles/git/weather_markets/weather_data_extraction/bootstrap/hkg_tmax_elite_codex_bootstrap/hkg_tmax_elite_codex/data/_pipeline_internal/raw/gribstream_tactical_batch_smoke_10w/ifsenfo/run_window_utc=20240331_180000_to_20240404_180000/849a63b748e407f3e3e40f4e1ba99c842c3bde760ec16f39f548b016f0dcba29.ndjson.gz,api_fetched,0,,,
35,ifsenfo,completed,200,5,2024-04-05T18:00:00Z,2024-04-09T18:00:00Z,2040,2040,2040,2040,2040,24.068,c70ffe645430f5b207f44caf35fdca2fee477f7c73cb478302b644ddf3b1e486,batch_smoke_10w_ifsenfo_c70ffe645430,C:/Users/ahmad/Desktop/generalFiles/git/weather_markets/weather_data_extraction/bootstrap/hkg_tmax_elite_codex_bootstrap/hkg_tmax_elite_codex/data/_pipeline_internal/raw/gribstream_tactical_batch_smoke_10w/ifsenfo/run_window_utc=20240405_180000_to_20240409_180000/c70ffe645430f5b207f44caf35fdca2fee477f7c73cb478302b644ddf3b1e486.ndjson.gz,api_fetched,0,,,
36,ifsenfo,completed,200,5,2024-04-10T18:00:00Z,2024-04-14T18:00:00Z,2040,2040,2040,2040,2040,23.777,09b6e03420260f6d5a77b9480f67b2a74697c05d65168e12a1ebfd4401614ddc,batch_smoke_10w_ifsenfo_09b6e0342026,C:/Users/ahmad/Desktop/generalFiles/git/weather_markets/weather_data_extraction/bootstrap/hkg_tmax_elite_codex_bootstrap/hkg_tmax_elite_codex/data/_pipeline_internal/raw/gribstream_tactical_batch_smoke_10w/ifsenfo/run_window_utc=20240410_180000_to_20240414_180000/09b6e03420260f6d5a77b9480f67b2a74697c05d65168e12a1ebfd4401614ddc.ndjson.gz,api_fetched,0,,,
37,ifsenfo,completed,200,5,2024-04-15T18:00:00Z,2024-04-19T18:00:00Z,2040,2040,2040,2040,2040,23.177,9c428fba84dff5195170a1be9011420fbd4816b94ed655d31154862e9908920f,batch_smoke_10w_ifsenfo_9c428fba84df,C:/Users/ahmad/Desktop/generalFiles/git/weather_markets/weather_data_extraction/bootstrap/hkg_tmax_elite_codex_bootstrap/hkg_tmax_elite_codex/data/_pipeline_internal/raw/gribstream_tactical_batch_smoke_10w/ifsenfo/run_window_utc=20240415_180000_to_20240419_180000/9c428fba84dff5195170a1be9011420fbd4816b94ed655d31154862e9908920f.ndjson.gz,api_fetched,0,,,
38,ifsenfo,completed,200,5,2024-04-20T18:00:00Z,2024-04-24T18:00:00Z,2040,2040,2040,2040,2040,23.689,fda2420cca7ff93b78c89c2fe98e017dff466be0edbb4ad68b16b3dc751ce582,batch_smoke_10w_ifsenfo_fda2420cca7f,C:/Users/ahmad/Desktop/generalFiles/git/weather_markets/weather_data_extraction/bootstrap/hkg_tmax_elite_codex_bootstrap/hkg_tmax_elite_codex/data/_pipeline_internal/raw/gribstream_tactical_batch_smoke_10w/ifsenfo/run_window_utc=20240420_180000_to_20240424_180000/fda2420cca7ff93b78c89c2fe98e017dff466be0edbb4ad68b16b3dc751ce582.ndjson.gz,api_fetched,0,,,
39,ifsenfo,completed,200,5,2024-04-25T18:00:00Z,2024-04-29T18:00:00Z,2040,2040,2040,2040,2040,23.553,7ad4ac01383abf5becec18cb453f1610ead0966b2ba11906c667913e639d35e7,batch_smoke_10w_ifsenfo_7ad4ac01383a,C:/Users/ahmad/Desktop/generalFiles/git/weather_markets/weather_data_extraction/bootstrap/hkg_tmax_elite_codex_bootstrap/hkg_tmax_elite_codex/data/_pipeline_internal/raw/gribstream_tactical_batch_smoke_10w/ifsenfo/run_window_utc=20240425_180000_to_20240429_180000/7ad4ac01383abf5becec18cb453f1610ead0966b2ba11906c667913e639d35e7.ndjson.gz,api_fetched,0,,,
40,ifsenfo,completed,200,5,2024-04-30T18:00:00Z,2024-05-04T18:00:00Z,2040,2040,2040,2040,2040,23.427,84110a02e50ae9be6568cf4d6c3e3874f4b73ae170a4841eb43d739b73afac34,batch_smoke_10w_ifsenfo_84110a02e50a,C:/Users/ahmad/Desktop/generalFiles/git/weather_markets/weather_data_extraction/bootstrap/hkg_tmax_elite_codex_bootstrap/hkg_tmax_elite_codex/data/_pipeline_internal/raw/gribstream_tactical_batch_smoke_10w/ifsenfo/run_window_utc=20240430_180000_to_20240504_180000/84110a02e50ae9be6568cf4d6c3e3874f4b73ae170a4841eb43d739b73afac34.ndjson.gz,api_fetched,0,,,
41,ifsenfo,completed,200,5,2024-05-05T18:00:00Z,2024-05-09T18:00:00Z,2040,2040,2040,2040,2040,23.822,c529b790c63e376fa9a5fbb231e50db16245caf755565a06c93662690d602d66,batch_smoke_10w_ifsenfo_c529b790c63e,C:/Users/ahmad/Desktop/generalFiles/git/weather_markets/weather_data_extraction/bootstrap/hkg_tmax_elite_codex_bootstrap/hkg_tmax_elite_codex/data/_pipeline_internal/raw/gribstream_tactical_batch_smoke_10w/ifsenfo/run_window_utc=20240505_180000_to_20240509_180000/c529b790c63e376fa9a5fbb231e50db16245caf755565a06c93662690d602d66.ndjson.gz,api_fetched,0,,,
42,cwawrf15,completed,200,3,2026-06-22T18:00:00Z,2026-06-24T18:00:00Z,180,180,150,150,180,0.244,bc3cf50cdbdcc16a589f75ed7da2b10126da8da4aa4c4f44cde4316aa685d12b,firstweek_cwawrf15_bc3cf50cdbdc,C:/Users/ahmad/Desktop/generalFiles/git/weather_markets/weather_data_extraction/bootstrap/hkg_tmax_elite_codex_bootstrap/hkg_tmax_elite_codex/data/_pipeline_internal/raw/gribstream_tactical_batch_smoke_10w/cwawrf15/run_window_utc=20260622_180000_to_20260624_180000/bc3cf50cdbdcc16a589f75ed7da2b10126da8da4aa4c4f44cde4316aa685d12b.ndjson.gz,api_fetched,0,,,
43,aifsoper,completed,200,10,2025-02-25T18:00:00Z,2025-03-06T18:00:00Z,600,600,400,400,600,19.294,79194517da9a108b353baf9cdbccd6e0e7317bc08909451c3896b8f9253bfdcb,batch_smoke_10w_aifsoper_79194517da9a,C:/Users/ahmad/Desktop/generalFiles/git/weather_markets/weather_data_extraction/bootstrap/hkg_tmax_elite_codex_bootstrap/hkg_tmax_elite_codex/data/_pipeline_internal/raw/gribstream_tactical_batch_smoke_10w/aifsoper/run_window_utc=20250225_180000_to_20250306_180000/79194517da9a108b353baf9cdbccd6e0e7317bc08909451c3896b8f9253bfdcb.ndjson.gz,api_fetched,0,,,
44,aifsoper,completed,200,10,2025-03-07T18:00:00Z,2025-03-16T18:00:00Z,600,600,400,400,600,12.028,e9e4db1f156dda5c1421a3f9d0d7f87bc366793fccce93a87c12680954623750,batch_smoke_10w_aifsoper_e9e4db1f156d,C:/Users/ahmad/Desktop/generalFiles/git/weather_markets/weather_data_extraction/bootstrap/hkg_tmax_elite_codex_bootstrap/hkg_tmax_elite_codex/data/_pipeline_internal/raw/gribstream_tactical_batch_smoke_10w/aifsoper/run_window_utc=20250307_180000_to_20250316_180000/e9e4db1f156dda5c1421a3f9d0d7f87bc366793fccce93a87c12680954623750.ndjson.gz,api_fetched,0,,,
45,aifsoper,completed,200,10,2025-03-17T18:00:00Z,2025-03-26T18:00:00Z,600,600,400,400,600,11.293,1de98f9a981e5462066cb81c0cda0d4afdebc6777bd009ee5d4a641abda2c72c,batch_smoke_10w_aifsoper_1de98f9a981e,C:/Users/ahmad/Desktop/generalFiles/git/weather_markets/weather_data_extraction/bootstrap/hkg_tmax_elite_codex_bootstrap/hkg_tmax_elite_codex/data/_pipeline_internal/raw/gribstream_tactical_batch_smoke_10w/aifsoper/run_window_utc=20250317_180000_to_20250326_180000/1de98f9a981e5462066cb81c0cda0d4afdebc6777bd009ee5d4a641abda2c72c.ndjson.gz,api_fetched,0,,,
46,aifsoper,completed,200,10,2025-03-27T18:00:00Z,2025-04-05T18:00:00Z,600,600,400,400,600,11.711,116b8b062daefafc16f234eed28c5426d3937dae59e32b7de8ab64c187e368cb,batch_smoke_10w_aifsoper_116b8b062dae,C:/Users/ahmad/Desktop/generalFiles/git/weather_markets/weather_data_extraction/bootstrap/hkg_tmax_elite_codex_bootstrap/hkg_tmax_elite_codex/data/_pipeline_internal/raw/gribstream_tactical_batch_smoke_10w/aifsoper/run_window_utc=20250327_180000_to_20250405_180000/116b8b062daefafc16f234eed28c5426d3937dae59e32b7de8ab64c187e368cb.ndjson.gz,api_fetched,0,,,
47,aifsoper,completed,200,10,2025-04-06T18:00:00Z,2025-04-15T18:00:00Z,600,600,400,400,600,11.845,621b9641b82f2df4e871045565732ba672a9131665cbe346568222ee0f7604ec,batch_smoke_10w_aifsoper_621b9641b82f,C:/Users/ahmad/Desktop/generalFiles/git/weather_markets/weather_data_extraction/bootstrap/hkg_tmax_elite_codex_bootstrap/hkg_tmax_elite_codex/data/_pipeline_internal/raw/gribstream_tactical_batch_smoke_10w/aifsoper/run_window_utc=20250406_180000_to_20250415_180000/621b9641b82f2df4e871045565732ba672a9131665cbe346568222ee0f7604ec.ndjson.gz,api_fetched,0,,,
48,aifsoper,completed,200,10,2025-04-16T18:00:00Z,2025-04-25T18:00:00Z,600,600,400,400,600,11.733,98db186ff2b85586256f8f6923cc888d14610003b32725de4b8441922ebe05d3,batch_smoke_10w_aifsoper_98db186ff2b8,C:/Users/ahmad/Desktop/generalFiles/git/weather_markets/weather_data_extraction/bootstrap/hkg_tmax_elite_codex_bootstrap/hkg_tmax_elite_codex/data/_pipeline_internal/raw/gribstream_tactical_batch_smoke_10w/aifsoper/run_window_utc=20250416_180000_to_20250425_180000/98db186ff2b85586256f8f6923cc888d14610003b32725de4b8441922ebe05d3.ndjson.gz,api_fetched,0,,,
49,aifsoper,completed,200,10,2025-04-26T18:00:00Z,2025-05-05T18:00:00Z,600,600,400,400,600,11.994,6faadced7d58220473b9d51dead68a2e22fb82a7852a8da29cb50a97c1e2f94d,batch_smoke_10w_aifsoper_6faadced7d58,C:/Users/ahmad/Desktop/generalFiles/git/weather_markets/weather_data_extraction/bootstrap/hkg_tmax_elite_codex_bootstrap/hkg_tmax_elite_codex/data/_pipeline_internal/raw/gribstream_tactical_batch_smoke_10w/aifsoper/run_window_utc=20250426_180000_to_20250505_180000/6faadced7d58220473b9d51dead68a2e22fb82a7852a8da29cb50a97c1e2f94d.ndjson.gz,api_fetched,0,,,
50,aifsenfo,completed,200,5,2025-07-02T18:00:00Z,2025-07-06T18:00:00Z,1020,1020,1020,1020,1020,24.76,11c95128387492de7e1f93d959b25fd2325756b9631520bdf32f76de878cffbc,batch_smoke_10w_aifsenfo_11c951283874,C:/Users/ahmad/Desktop/generalFiles/git/weather_markets/weather_data_extraction/bootstrap/hkg_tmax_elite_codex_bootstrap/hkg_tmax_elite_codex/data/_pipeline_internal/raw/gribstream_tactical_batch_smoke_10w/aifsenfo/run_window_utc=20250702_180000_to_20250706_180000/11c95128387492de7e1f93d959b25fd2325756b9631520bdf32f76de878cffbc.ndjson.gz,api_fetched,0,,,
51,aifsenfo,completed,200,5,2025-07-07T18:00:00Z,2025-07-11T18:00:00Z,1020,1020,1020,1020,1020,21.578,2ff47f3122b6f22bcc8a391b45f749bdbf1f705df02b5589b27b81472712995f,batch_smoke_10w_aifsenfo_2ff47f3122b6,C:/Users/ahmad/Desktop/generalFiles/git/weather_markets/weather_data_extraction/bootstrap/hkg_tmax_elite_codex_bootstrap/hkg_tmax_elite_codex/data/_pipeline_internal/raw/gribstream_tactical_batch_smoke_10w/aifsenfo/run_window_utc=20250707_180000_to_20250711_180000/2ff47f3122b6f22bcc8a391b45f749bdbf1f705df02b5589b27b81472712995f.ndjson.gz,api_fetched,0,,,
52,aifsenfo,completed,200,5,2025-07-12T18:00:00Z,2025-07-16T18:00:00Z,1020,1020,1020,1020,1020,21.395,15b9c4f8b31ce06337974e3b6ecbbbb1f9a5c080db5eed310c880924eabe5ed7,batch_smoke_10w_aifsenfo_15b9c4f8b31c,C:/Users/ahmad/Desktop/generalFiles/git/weather_markets/weather_data_extraction/bootstrap/hkg_tmax_elite_codex_bootstrap/hkg_tmax_elite_codex/data/_pipeline_internal/raw/gribstream_tactical_batch_smoke_10w/aifsenfo/run_window_utc=20250712_180000_to_20250716_180000/15b9c4f8b31ce06337974e3b6ecbbbb1f9a5c080db5eed310c880924eabe5ed7.ndjson.gz,api_fetched,0,,,
53,aifsenfo,completed,200,5,2025-07-17T18:00:00Z,2025-07-21T18:00:00Z,1020,1020,1020,1020,1020,20.463,a0a7520de5a9e171774b4a6adf2a8a889231010d1f0b920d318eb022c3081863,batch_smoke_10w_aifsenfo_a0a7520de5a9,C:/Users/ahmad/Desktop/generalFiles/git/weather_markets/weather_data_extraction/bootstrap/hkg_tmax_elite_codex_bootstrap/hkg_tmax_elite_codex/data/_pipeline_internal/raw/gribstream_tactical_batch_smoke_10w/aifsenfo/run_window_utc=20250717_180000_to_20250721_180000/a0a7520de5a9e171774b4a6adf2a8a889231010d1f0b920d318eb022c3081863.ndjson.gz,api_fetched,0,,,
54,aifsenfo,completed,200,5,2025-07-22T18:00:00Z,2025-07-26T18:00:00Z,1020,1020,1020,1020,1020,21.488,0e0ce0f5dd7f186c7c917f8d3fbc2cc7b29a57caee632e9c6505d12473c5094e,batch_smoke_10w_aifsenfo_0e0ce0f5dd7f,C:/Users/ahmad/Desktop/generalFiles/git/weather_markets/weather_data_extraction/bootstrap/hkg_tmax_elite_codex_bootstrap/hkg_tmax_elite_codex/data/_pipeline_internal/raw/gribstream_tactical_batch_smoke_10w/aifsenfo/run_window_utc=20250722_180000_to_20250726_180000/0e0ce0f5dd7f186c7c917f8d3fbc2cc7b29a57caee632e9c6505d12473c5094e.ndjson.gz,api_fetched,0,,,
55,aifsenfo,completed,200,5,2025-07-27T18:00:00Z,2025-07-31T18:00:00Z,1020,1020,1020,1020,1020,21.108,8c3e154ee81e7575b588fcd8f0013c481df752d67686207d1b6de8fa68520b09,batch_smoke_10w_aifsenfo_8c3e154ee81e,C:/Users/ahmad/Desktop/generalFiles/git/weather_markets/weather_data_extraction/bootstrap/hkg_tmax_elite_codex_bootstrap/hkg_tmax_elite_codex/data/_pipeline_internal/raw/gribstream_tactical_batch_smoke_10w/aifsenfo/run_window_utc=20250727_180000_to_20250731_180000/8c3e154ee81e7575b588fcd8f0013c481df752d67686207d1b6de8fa68520b09.ndjson.gz,api_fetched,0,,,
56,aifsenfo,completed,200,5,2025-08-01T18:00:00Z,2025-08-05T18:00:00Z,1020,1020,1020,1020,1020,20.738,210703949a94ad3e2ebf5fc152ca5737eee61b427f68f733bd325a8306c68a13,batch_smoke_10w_aifsenfo_210703949a94,C:/Users/ahmad/Desktop/generalFiles/git/weather_markets/weather_data_extraction/bootstrap/hkg_tmax_elite_codex_bootstrap/hkg_tmax_elite_codex/data/_pipeline_internal/raw/gribstream_tactical_batch_smoke_10w/aifsenfo/run_window_utc=20250801_180000_to_20250805_180000/210703949a94ad3e2ebf5fc152ca5737eee61b427f68f733bd325a8306c68a13.ndjson.gz,api_fetched,0,,,
57,aifsenfo,completed,200,5,2025-08-06T18:00:00Z,2025-08-10T18:00:00Z,1020,1020,1020,1020,1020,20.502,1defebb77eb1ed6cfa397b3a30c87cc79f1ba41fdb0bb493983176e44e43d56a,batch_smoke_10w_aifsenfo_1defebb77eb1,C:/Users/ahmad/Desktop/generalFiles/git/weather_markets/weather_data_extraction/bootstrap/hkg_tmax_elite_codex_bootstrap/hkg_tmax_elite_codex/data/_pipeline_internal/raw/gribstream_tactical_batch_smoke_10w/aifsenfo/run_window_utc=20250806_180000_to_20250810_180000/1defebb77eb1ed6cfa397b3a30c87cc79f1ba41fdb0bb493983176e44e43d56a.ndjson.gz,api_fetched,0,,,
58,aifsenfo,completed,200,5,2025-08-11T18:00:00Z,2025-08-15T18:00:00Z,1020,1020,1020,1020,1020,21.079,b23248a9db99b1b01a30bd933dc42950d8717363c94b2b690602770066b54592,batch_smoke_10w_aifsenfo_b23248a9db99,C:/Users/ahmad/Desktop/generalFiles/git/weather_markets/weather_data_extraction/bootstrap/hkg_tmax_elite_codex_bootstrap/hkg_tmax_elite_codex/data/_pipeline_internal/raw/gribstream_tactical_batch_smoke_10w/aifsenfo/run_window_utc=20250811_180000_to_20250815_180000/b23248a9db99b1b01a30bd933dc42950d8717363c94b2b690602770066b54592.ndjson.gz,api_fetched,0,,,
59,aifsenfo,completed,200,5,2025-08-16T18:00:00Z,2025-08-20T18:00:00Z,1020,1020,1020,1020,1020,20.487,c9befa03ed249d3511b2699c5c948cd50862ce5d4decf91e64a5d29283c29c31,batch_smoke_10w_aifsenfo_c9befa03ed24,C:/Users/ahmad/Desktop/generalFiles/git/weather_markets/weather_data_extraction/bootstrap/hkg_tmax_elite_codex_bootstrap/hkg_tmax_elite_codex/data/_pipeline_internal/raw/gribstream_tactical_batch_smoke_10w/aifsenfo/run_window_utc=20250816_180000_to_20250820_180000/c9befa03ed249d3511b2699c5c948cd50862ce5d4decf91e64a5d29283c29c31.ndjson.gz,api_fetched,0,,,
60,aifsenfo,completed,200,5,2025-08-21T18:00:00Z,2025-08-25T18:00:00Z,1020,1020,1020,1020,1020,20.594,71ed4fc6b57d5b4a7944daf857c6a64690e99735a4c7c45db15530ee7efcddcd,batch_smoke_10w_aifsenfo_71ed4fc6b57d,C:/Users/ahmad/Desktop/generalFiles/git/weather_markets/weather_data_extraction/bootstrap/hkg_tmax_elite_codex_bootstrap/hkg_tmax_elite_codex/data/_pipeline_internal/raw/gribstream_tactical_batch_smoke_10w/aifsenfo/run_window_utc=20250821_180000_to_20250825_180000/71ed4fc6b57d5b4a7944daf857c6a64690e99735a4c7c45db15530ee7efcddcd.ndjson.gz,api_fetched,0,,,
61,aifsenfo,completed,200,5,2025-08-26T18:00:00Z,2025-08-30T18:00:00Z,1020,1020,1020,1020,1020,20.363,e29bfab19c9ea0d81a85974ab6ad27931770e2e9d456106d1bf16507d7005232,batch_smoke_10w_aifsenfo_e29bfab19c9e,C:/Users/ahmad/Desktop/generalFiles/git/weather_markets/weather_data_extraction/bootstrap/hkg_tmax_elite_codex_bootstrap/hkg_tmax_elite_codex/data/_pipeline_internal/raw/gribstream_tactical_batch_smoke_10w/aifsenfo/run_window_utc=20250826_180000_to_20250830_180000/e29bfab19c9ea0d81a85974ab6ad27931770e2e9d456106d1bf16507d7005232.ndjson.gz,api_fetched,0,,,
62,aifsenfo,completed,200,5,2025-08-31T18:00:00Z,2025-09-04T18:00:00Z,1020,1020,1020,1020,1020,20.977,fbd1ea68aafc7c186c2c9aa0b5dc8868498b36442da2c094ffed41d07c61bf35,batch_smoke_10w_aifsenfo_fbd1ea68aafc,C:/Users/ahmad/Desktop/generalFiles/git/weather_markets/weather_data_extraction/bootstrap/hkg_tmax_elite_codex_bootstrap/hkg_tmax_elite_codex/data/_pipeline_internal/raw/gribstream_tactical_batch_smoke_10w/aifsenfo/run_window_utc=20250831_180000_to_20250904_180000/fbd1ea68aafc7c186c2c9aa0b5dc8868498b36442da2c094ffed41d07c61bf35.ndjson.gz,api_fetched,0,,,
63,aifsenfo,completed,200,5,2025-09-05T18:00:00Z,2025-09-09T18:00:00Z,1020,1020,1020,1020,1020,21.304,cea9f837d5cb26a184e951b0c8a1d5e7dbcbf3b97454d6f43e6f4399f7bd0827,batch_smoke_10w_aifsenfo_cea9f837d5cb,C:/Users/ahmad/Desktop/generalFiles/git/weather_markets/weather_data_extraction/bootstrap/hkg_tmax_elite_codex_bootstrap/hkg_tmax_elite_codex/data/_pipeline_internal/raw/gribstream_tactical_batch_smoke_10w/aifsenfo/run_window_utc=20250905_180000_to_20250909_180000/cea9f837d5cb26a184e951b0c8a1d5e7dbcbf3b97454d6f43e6f4399f7bd0827.ndjson.gz,api_fetched,0,,,
64,aigfssfc,completed,200,31,2026-04-16T18:00:00Z,2026-05-16T18:00:00Z,1500,1500,500,620,1860,4.081,3d77a3a63bf3e0863cf26e0827015b5e3c5e93f8ceccc9fb1c6b7c87c967c81a,batch_smoke_10w_aigfssfc_3d77a3a63bf3,C:/Users/ahmad/Desktop/generalFiles/git/weather_markets/weather_data_extraction/bootstrap/hkg_tmax_elite_codex_bootstrap/hkg_tmax_elite_codex/data/_pipeline_internal/raw/gribstream_tactical_batch_smoke_10w/aigfssfc/run_window_utc=20260416_180000_to_20260516_180000/3d77a3a63bf3e0863cf26e0827015b5e3c5e93f8ceccc9fb1c6b7c87c967c81a.ndjson.gz,api_fetched,0,,,
65,aigfssfc,completed,200,31,2026-05-17T18:00:00Z,2026-06-16T18:00:00Z,1860,1860,620,620,1860,12.515,6b7bc69cb809b868b43169fdb9887fd94ab0cdce0da7efff634ed648895a0454,batch_smoke_10w_aigfssfc_6b7bc69cb809,C:/Users/ahmad/Desktop/generalFiles/git/weather_markets/weather_data_extraction/bootstrap/hkg_tmax_elite_codex_bootstrap/hkg_tmax_elite_codex/data/_pipeline_internal/raw/gribstream_tactical_batch_smoke_10w/aigfssfc/run_window_utc=20260517_180000_to_20260616_180000/6b7bc69cb809b868b43169fdb9887fd94ab0cdce0da7efff634ed648895a0454.ndjson.gz,api_fetched,0,,,
66,aigfssfc,completed,200,5,2026-06-17T18:00:00Z,2026-06-21T18:00:00Z,300,300,100,100,300,7.526,af074feb2526e9701867f7ba8c6752d9ac272173874e252bcda49817c2c5b60d,batch_smoke_10w_aigfssfc_af074feb2526,C:/Users/ahmad/Desktop/generalFiles/git/weather_markets/weather_data_extraction/bootstrap/hkg_tmax_elite_codex_bootstrap/hkg_tmax_elite_codex/data/_pipeline_internal/raw/gribstream_tactical_batch_smoke_10w/aigfssfc/run_window_utc=20260617_180000_to_20260621_180000/af074feb2526e9701867f7ba8c6752d9ac272173874e252bcda49817c2c5b60d.ndjson.gz,api_fetched,0,,,
67,aigfspres,completed,200,14,2026-04-16T18:00:00Z,2026-04-29T18:00:00Z,540,540,90,140,840,12.08,7a3714ea907d0b09b8eb30734e309ba489b1e7cabf6961c126c7cb9daee4d337,batch_smoke_10w_aigfspres_7a3714ea907d,C:/Users/ahmad/Desktop/generalFiles/git/weather_markets/weather_data_extraction/bootstrap/hkg_tmax_elite_codex_bootstrap/hkg_tmax_elite_codex/data/_pipeline_internal/raw/gribstream_tactical_batch_smoke_10w/aigfspres/run_window_utc=20260416_180000_to_20260429_180000/7a3714ea907d0b09b8eb30734e309ba489b1e7cabf6961c126c7cb9daee4d337.ndjson.gz,api_fetched,0,,,
68,aigfspres,completed,200,14,2026-04-30T18:00:00Z,2026-05-13T18:00:00Z,780,780,130,140,840,12.01,2641e2f7ec69696f67764f8ac293b919dc72652160c5a06a1c4f7fa5a4bc3b8f,batch_smoke_10w_aigfspres_2641e2f7ec69,C:/Users/ahmad/Desktop/generalFiles/git/weather_markets/weather_data_extraction/bootstrap/hkg_tmax_elite_codex_bootstrap/hkg_tmax_elite_codex/data/_pipeline_internal/raw/gribstream_tactical_batch_smoke_10w/aigfspres/run_window_utc=20260430_180000_to_20260513_180000/2641e2f7ec69696f67764f8ac293b919dc72652160c5a06a1c4f7fa5a4bc3b8f.ndjson.gz,api_fetched,0,,,
69,aigfspres,completed,200,14,2026-05-14T18:00:00Z,2026-05-27T18:00:00Z,840,840,140,140,840,11.84,746d050fdb9cd95732003c5a5d5f303fa65e68ba420cd78e4290a2b04eda1a83,batch_smoke_10w_aigfspres_746d050fdb9c,C:/Users/ahmad/Desktop/generalFiles/git/weather_markets/weather_data_extraction/bootstrap/hkg_tmax_elite_codex_bootstrap/hkg_tmax_elite_codex/data/_pipeline_internal/raw/gribstream_tactical_batch_smoke_10w/aigfspres/run_window_utc=20260514_180000_to_20260527_180000/746d050fdb9cd95732003c5a5d5f303fa65e68ba420cd78e4290a2b04eda1a83.ndjson.gz,api_fetched,0,,,
70,aigfspres,completed,200,14,2026-05-28T18:00:00Z,2026-06-10T18:00:00Z,840,840,140,140,840,11.753,eff41e9be844b15698733bf181d9018f27129cf7075fb569b35882e4d88633cf,batch_smoke_10w_aigfspres_eff41e9be844,C:/Users/ahmad/Desktop/generalFiles/git/weather_markets/weather_data_extraction/bootstrap/hkg_tmax_elite_codex_bootstrap/hkg_tmax_elite_codex/data/_pipeline_internal/raw/gribstream_tactical_batch_smoke_10w/aigfspres/run_window_utc=20260528_180000_to_20260610_180000/eff41e9be844b15698733bf181d9018f27129cf7075fb569b35882e4d88633cf.ndjson.gz,api_fetched,0,,,
71,aigfspres,completed,200,11,2026-06-11T18:00:00Z,2026-06-21T18:00:00Z,660,660,110,110,660,11.059,4390f6236d51283b2c30d96a926c54d38ea312681bfe39a2419b2611b91d1531,batch_smoke_10w_aigfspres_4390f6236d51,C:/Users/ahmad/Desktop/generalFiles/git/weather_markets/weather_data_extraction/bootstrap/hkg_tmax_elite_codex_bootstrap/hkg_tmax_elite_codex/data/_pipeline_internal/raw/gribstream_tactical_batch_smoke_10w/aigfspres/run_window_utc=20260611_180000_to_20260621_180000/4390f6236d51283b2c30d96a926c54d38ea312681bfe39a2419b2611b91d1531.ndjson.gz,api_fetched,0,,,
72,aigefssfc,completed,200,5,2025-06-01T18:00:00Z,2025-06-05T18:00:00Z,620,620,620,620,620,15.644,7ad27f57d345dd35f11eff95de1155ff5274182e29e51a5a671c0a4f3c786e51,batch_smoke_10w_aigefssfc_7ad27f57d345,C:/Users/ahmad/Desktop/generalFiles/git/weather_markets/weather_data_extraction/bootstrap/hkg_tmax_elite_codex_bootstrap/hkg_tmax_elite_codex/data/_pipeline_internal/raw/gribstream_tactical_batch_smoke_10w/aigefssfc/run_window_utc=20250601_180000_to_20250605_180000/7ad27f57d345dd35f11eff95de1155ff5274182e29e51a5a671c0a4f3c786e51.ndjson.gz,api_fetched,0,,,
73,aigefssfc,completed,200,5,2025-06-06T18:00:00Z,2025-06-10T18:00:00Z,620,620,620,620,620,12.162,c8f7f2c3a0f758bc976dbaab0607103b6a3773d1b0106193161350f2632b5997,batch_smoke_10w_aigefssfc_c8f7f2c3a0f7,C:/Users/ahmad/Desktop/generalFiles/git/weather_markets/weather_data_extraction/bootstrap/hkg_tmax_elite_codex_bootstrap/hkg_tmax_elite_codex/data/_pipeline_internal/raw/gribstream_tactical_batch_smoke_10w/aigefssfc/run_window_utc=20250606_180000_to_20250610_180000/c8f7f2c3a0f758bc976dbaab0607103b6a3773d1b0106193161350f2632b5997.ndjson.gz,api_fetched,0,,,
74,aigefssfc,completed,200,5,2025-06-11T18:00:00Z,2025-06-15T18:00:00Z,620,620,620,620,620,11.209,57a8f1734ad1ba896e8fdbadce5b3478025bf6d9ec2e26d20ae6caac693fda70,batch_smoke_10w_aigefssfc_57a8f1734ad1,C:/Users/ahmad/Desktop/generalFiles/git/weather_markets/weather_data_extraction/bootstrap/hkg_tmax_elite_codex_bootstrap/hkg_tmax_elite_codex/data/_pipeline_internal/raw/gribstream_tactical_batch_smoke_10w/aigefssfc/run_window_utc=20250611_180000_to_20250615_180000/57a8f1734ad1ba896e8fdbadce5b3478025bf6d9ec2e26d20ae6caac693fda70.ndjson.gz,api_fetched,0,,,
75,aigefssfc,completed,200,5,2025-06-16T18:00:00Z,2025-06-20T18:00:00Z,620,620,620,620,620,12.229,dd08f92fe053e66684ba7dbfd5d364b321999a8be8547b257376ad0528ff60ab,batch_smoke_10w_aigefssfc_dd08f92fe053,C:/Users/ahmad/Desktop/generalFiles/git/weather_markets/weather_data_extraction/bootstrap/hkg_tmax_elite_codex_bootstrap/hkg_tmax_elite_codex/data/_pipeline_internal/raw/gribstream_tactical_batch_smoke_10w/aigefssfc/run_window_utc=20250616_180000_to_20250620_180000/dd08f92fe053e66684ba7dbfd5d364b321999a8be8547b257376ad0528ff60ab.ndjson.gz,api_fetched,0,,,
76,aigefssfc,completed,200,5,2025-06-21T18:00:00Z,2025-06-25T18:00:00Z,620,620,620,620,620,11.739,87db8d3fdaf09b6b4fb3b4b3f51b23934601098ebbc93b63617316dd99ad577b,batch_smoke_10w_aigefssfc_87db8d3fdaf0,C:/Users/ahmad/Desktop/generalFiles/git/weather_markets/weather_data_extraction/bootstrap/hkg_tmax_elite_codex_bootstrap/hkg_tmax_elite_codex/data/_pipeline_internal/raw/gribstream_tactical_batch_smoke_10w/aigefssfc/run_window_utc=20250621_180000_to_20250625_180000/87db8d3fdaf09b6b4fb3b4b3f51b23934601098ebbc93b63617316dd99ad577b.ndjson.gz,api_fetched,0,,,
77,aigefssfc,completed,200,5,2025-06-26T18:00:00Z,2025-06-30T18:00:00Z,496,496,496,620,620,10.7,0b58e6b30ad858c92d6f831c42577cf66d0cba93d529cd1e98b5cea8f1f86056,batch_smoke_10w_aigefssfc_0b58e6b30ad8,C:/Users/ahmad/Desktop/generalFiles/git/weather_markets/weather_data_extraction/bootstrap/hkg_tmax_elite_codex_bootstrap/hkg_tmax_elite_codex/data/_pipeline_internal/raw/gribstream_tactical_batch_smoke_10w/aigefssfc/run_window_utc=20250626_180000_to_20250630_180000/0b58e6b30ad858c92d6f831c42577cf66d0cba93d529cd1e98b5cea8f1f86056.ndjson.gz,api_fetched,0,,,
78,aigefssfc,completed,200,5,2025-07-01T18:00:00Z,2025-07-05T18:00:00Z,620,620,620,620,620,12.819,1e94b8a962382ebfb9f26706cf28c0e94d4e8b5c75a2eaab3ae78fddc0eeb907,batch_smoke_10w_aigefssfc_1e94b8a96238,C:/Users/ahmad/Desktop/generalFiles/git/weather_markets/weather_data_extraction/bootstrap/hkg_tmax_elite_codex_bootstrap/hkg_tmax_elite_codex/data/_pipeline_internal/raw/gribstream_tactical_batch_smoke_10w/aigefssfc/run_window_utc=20250701_180000_to_20250705_180000/1e94b8a962382ebfb9f26706cf28c0e94d4e8b5c75a2eaab3ae78fddc0eeb907.ndjson.gz,api_fetched,0,,,
79,aigefssfc,completed,200,5,2025-07-06T18:00:00Z,2025-07-10T18:00:00Z,620,620,620,620,620,12.022,cbf62d2aa0fa6f72476e69256e16f05e4a32c7e202912a60239bbbdf03492cac,batch_smoke_10w_aigefssfc_cbf62d2aa0fa,C:/Users/ahmad/Desktop/generalFiles/git/weather_markets/weather_data_extraction/bootstrap/hkg_tmax_elite_codex_bootstrap/hkg_tmax_elite_codex/data/_pipeline_internal/raw/gribstream_tactical_batch_smoke_10w/aigefssfc/run_window_utc=20250706_180000_to_20250710_180000/cbf62d2aa0fa6f72476e69256e16f05e4a32c7e202912a60239bbbdf03492cac.ndjson.gz,api_fetched,0,,,
80,aigefssfc,completed,200,5,2025-07-11T18:00:00Z,2025-07-15T18:00:00Z,620,620,620,620,620,11.676,6222afd41f54c7d6324b2559ed4db0b30e46067eaed37f83e0244d11191d1970,batch_smoke_10w_aigefssfc_6222afd41f54,C:/Users/ahmad/Desktop/generalFiles/git/weather_markets/weather_data_extraction/bootstrap/hkg_tmax_elite_codex_bootstrap/hkg_tmax_elite_codex/data/_pipeline_internal/raw/gribstream_tactical_batch_smoke_10w/aigefssfc/run_window_utc=20250711_180000_to_20250715_180000/6222afd41f54c7d6324b2559ed4db0b30e46067eaed37f83e0244d11191d1970.ndjson.gz,api_fetched,0,,,
81,aigefssfc,completed,200,5,2025-07-16T18:00:00Z,2025-07-20T18:00:00Z,620,620,620,620,620,11.328,fc9ad32dbb68a7ce3e8e9b07a88b0443d8c3e3ce3063c731852c4028a3823c5c,batch_smoke_10w_aigefssfc_fc9ad32dbb68,C:/Users/ahmad/Desktop/generalFiles/git/weather_markets/weather_data_extraction/bootstrap/hkg_tmax_elite_codex_bootstrap/hkg_tmax_elite_codex/data/_pipeline_internal/raw/gribstream_tactical_batch_smoke_10w/aigefssfc/run_window_utc=20250716_180000_to_20250720_180000/fc9ad32dbb68a7ce3e8e9b07a88b0443d8c3e3ce3063c731852c4028a3823c5c.ndjson.gz,api_fetched,0,,,
82,aigefssfc,completed,200,5,2025-07-21T18:00:00Z,2025-07-25T18:00:00Z,496,496,496,620,620,10.609,0b140af3b478917a9fefbcbd7a2f1121f06d3f639cee28ba276ac3f96cd35346,batch_smoke_10w_aigefssfc_0b140af3b478,C:/Users/ahmad/Desktop/generalFiles/git/weather_markets/weather_data_extraction/bootstrap/hkg_tmax_elite_codex_bootstrap/hkg_tmax_elite_codex/data/_pipeline_internal/raw/gribstream_tactical_batch_smoke_10w/aigefssfc/run_window_utc=20250721_180000_to_20250725_180000/0b140af3b478917a9fefbcbd7a2f1121f06d3f639cee28ba276ac3f96cd35346.ndjson.gz,api_fetched,0,,,
83,aigefssfc,completed,200,5,2025-07-26T18:00:00Z,2025-07-30T18:00:00Z,620,620,620,620,620,12.915,64cc3031f23ceb7a87e1bd8736662ad0d4eb002df293b138e993fee163311a5f,batch_smoke_10w_aigefssfc_64cc3031f23c,C:/Users/ahmad/Desktop/generalFiles/git/weather_markets/weather_data_extraction/bootstrap/hkg_tmax_elite_codex_bootstrap/hkg_tmax_elite_codex/data/_pipeline_internal/raw/gribstream_tactical_batch_smoke_10w/aigefssfc/run_window_utc=20250726_180000_to_20250730_180000/64cc3031f23ceb7a87e1bd8736662ad0d4eb002df293b138e993fee163311a5f.ndjson.gz,api_fetched,0,,,
84,aigefssfc,completed,200,5,2025-07-31T18:00:00Z,2025-08-04T18:00:00Z,620,620,620,620,620,11.566,3fc053b1bef155d9922d207ac01cd7ece066ff02adad5d3d7831041f51049e2a,batch_smoke_10w_aigefssfc_3fc053b1bef1,C:/Users/ahmad/Desktop/generalFiles/git/weather_markets/weather_data_extraction/bootstrap/hkg_tmax_elite_codex_bootstrap/hkg_tmax_elite_codex/data/_pipeline_internal/raw/gribstream_tactical_batch_smoke_10w/aigefssfc/run_window_utc=20250731_180000_to_20250804_180000/3fc053b1bef155d9922d207ac01cd7ece066ff02adad5d3d7831041f51049e2a.ndjson.gz,api_fetched,0,,,
85,aigefssfc,completed,200,5,2025-08-05T18:00:00Z,2025-08-09T18:00:00Z,620,620,620,620,620,11.662,8922f9461396c486546c5b3e8647df51aa9a81d81c9ff688d5727acd878a1df3,batch_smoke_10w_aigefssfc_8922f9461396,C:/Users/ahmad/Desktop/generalFiles/git/weather_markets/weather_data_extraction/bootstrap/hkg_tmax_elite_codex_bootstrap/hkg_tmax_elite_codex/data/_pipeline_internal/raw/gribstream_tactical_batch_smoke_10w/aigefssfc/run_window_utc=20250805_180000_to_20250809_180000/8922f9461396c486546c5b3e8647df51aa9a81d81c9ff688d5727acd878a1df3.ndjson.gz,api_fetched,0,,,
86,graphcast,completed,200,14,2024-04-25T18:00:00Z,2024-05-08T18:00:00Z,840,840,420,420,840,9.511,3325ea82b30635e0c9b457f92a87e1c8b7963ea3136b53f565f8aed5dd6865e2,batch_smoke_10w_graphcast_3325ea82b306,C:/Users/ahmad/Desktop/generalFiles/git/weather_markets/weather_data_extraction/bootstrap/hkg_tmax_elite_codex_bootstrap/hkg_tmax_elite_codex/data/_pipeline_internal/raw/gribstream_tactical_batch_smoke_10w/graphcast/run_window_utc=20240425_180000_to_20240508_180000/3325ea82b30635e0c9b457f92a87e1c8b7963ea3136b53f565f8aed5dd6865e2.ndjson.gz,api_fetched,0,,,
87,graphcast,completed,200,14,2024-05-09T18:00:00Z,2024-05-22T18:00:00Z,840,840,420,420,840,11.973,3caae612c3b0394549fee4b514a4f8e1607b6e4fe735be37af6e4d8553f5bb72,batch_smoke_10w_graphcast_3caae612c3b0,C:/Users/ahmad/Desktop/generalFiles/git/weather_markets/weather_data_extraction/bootstrap/hkg_tmax_elite_codex_bootstrap/hkg_tmax_elite_codex/data/_pipeline_internal/raw/gribstream_tactical_batch_smoke_10w/graphcast/run_window_utc=20240509_180000_to_20240522_180000/3caae612c3b0394549fee4b514a4f8e1607b6e4fe735be37af6e4d8553f5bb72.ndjson.gz,api_fetched,0,,,
88,graphcast,completed,200,14,2024-05-23T18:00:00Z,2024-06-05T18:00:00Z,840,840,420,420,840,11.434,04647ac994cffa05333f3f16a3a17f256762e2ba02405654b9bcff8a3c152d86,batch_smoke_10w_graphcast_04647ac994cf,C:/Users/ahmad/Desktop/generalFiles/git/weather_markets/weather_data_extraction/bootstrap/hkg_tmax_elite_codex_bootstrap/hkg_tmax_elite_codex/data/_pipeline_internal/raw/gribstream_tactical_batch_smoke_10w/graphcast/run_window_utc=20240523_180000_to_20240605_180000/04647ac994cffa05333f3f16a3a17f256762e2ba02405654b9bcff8a3c152d86.ndjson.gz,api_fetched,0,,,
89,graphcast,completed,200,14,2024-06-06T18:00:00Z,2024-06-19T18:00:00Z,840,840,420,420,840,11.829,c5b6668e0460ce994c2655473606261a594b8c5a54c9e978930d195797392d06,batch_smoke_10w_graphcast_c5b6668e0460,C:/Users/ahmad/Desktop/generalFiles/git/weather_markets/weather_data_extraction/bootstrap/hkg_tmax_elite_codex_bootstrap/hkg_tmax_elite_codex/data/_pipeline_internal/raw/gribstream_tactical_batch_smoke_10w/graphcast/run_window_utc=20240606_180000_to_20240619_180000/c5b6668e0460ce994c2655473606261a594b8c5a54c9e978930d195797392d06.ndjson.gz,api_fetched,0,,,
90,graphcast,completed,200,14,2024-06-20T18:00:00Z,2024-07-03T18:00:00Z,840,840,420,420,840,11.811,43dd8d1503b970e1c813a75c402ba5e22f8c1b63dbe7c036a9113f13d5e94b4e,batch_smoke_10w_graphcast_43dd8d1503b9,C:/Users/ahmad/Desktop/generalFiles/git/weather_markets/weather_data_extraction/bootstrap/hkg_tmax_elite_codex_bootstrap/hkg_tmax_elite_codex/data/_pipeline_internal/raw/gribstream_tactical_batch_smoke_10w/graphcast/run_window_utc=20240620_180000_to_20240703_180000/43dd8d1503b970e1c813a75c402ba5e22f8c1b63dbe7c036a9113f13d5e94b4e.ndjson.gz,api_fetched,0,,,
91,fourcastnetgfs,completed,200,14,2024-05-02T18:00:00Z,2024-05-15T18:00:00Z,840,840,420,420,840,12.501,22517121cc23c9c9a7a575945b04204346a4624fb948dc7ac88097f21a72f76e,batch_smoke_10w_fourcastnetgfs_22517121cc23,C:/Users/ahmad/Desktop/generalFiles/git/weather_markets/weather_data_extraction/bootstrap/hkg_tmax_elite_codex_bootstrap/hkg_tmax_elite_codex/data/_pipeline_internal/raw/gribstream_tactical_batch_smoke_10w/fourcastnetgfs/run_window_utc=20240502_180000_to_20240515_180000/22517121cc23c9c9a7a575945b04204346a4624fb948dc7ac88097f21a72f76e.ndjson.gz,api_fetched,0,,,
92,fourcastnetgfs,completed,200,14,2024-05-16T18:00:00Z,2024-05-29T18:00:00Z,840,840,420,420,840,11.968,7ba8717e732045334456b2162883be60456f29fca9e6bfd1e76a7a59bec476b1,batch_smoke_10w_fourcastnetgfs_7ba8717e7320,C:/Users/ahmad/Desktop/generalFiles/git/weather_markets/weather_data_extraction/bootstrap/hkg_tmax_elite_codex_bootstrap/hkg_tmax_elite_codex/data/_pipeline_internal/raw/gribstream_tactical_batch_smoke_10w/fourcastnetgfs/run_window_utc=20240516_180000_to_20240529_180000/7ba8717e732045334456b2162883be60456f29fca9e6bfd1e76a7a59bec476b1.ndjson.gz,api_fetched,0,,,
93,fourcastnetgfs,completed,200,14,2024-05-30T18:00:00Z,2024-06-12T18:00:00Z,780,780,390,420,840,11.057,c4655ee0eaf07f15029a54e65b39c3d7909afea6465717a3e92d32cbffc510a5,batch_smoke_10w_fourcastnetgfs_c4655ee0eaf0,C:/Users/ahmad/Desktop/generalFiles/git/weather_markets/weather_data_extraction/bootstrap/hkg_tmax_elite_codex_bootstrap/hkg_tmax_elite_codex/data/_pipeline_internal/raw/gribstream_tactical_batch_smoke_10w/fourcastnetgfs/run_window_utc=20240530_180000_to_20240612_180000/c4655ee0eaf07f15029a54e65b39c3d7909afea6465717a3e92d32cbffc510a5.ndjson.gz,api_fetched,0,,,
94,fourcastnetgfs,completed,200,14,2024-06-13T18:00:00Z,2024-06-26T18:00:00Z,840,840,420,420,840,12.076,a98c1f674ea9aa14229203d92eeec7e6d78882f04132f71fc889fe5a14b8c045,batch_smoke_10w_fourcastnetgfs_a98c1f674ea9,C:/Users/ahmad/Desktop/generalFiles/git/weather_markets/weather_data_extraction/bootstrap/hkg_tmax_elite_codex_bootstrap/hkg_tmax_elite_codex/data/_pipeline_internal/raw/gribstream_tactical_batch_smoke_10w/fourcastnetgfs/run_window_utc=20240613_180000_to_20240626_180000/a98c1f674ea9aa14229203d92eeec7e6d78882f04132f71fc889fe5a14b8c045.ndjson.gz,api_fetched,0,,,
95,fourcastnetgfs,completed,200,14,2024-06-27T18:00:00Z,2024-07-10T18:00:00Z,840,840,420,420,840,11.814,3cb53c89a790e24a1f123cb64a73a514d09ceae02d6f4b9e49ddef8bfcd5eaec,batch_smoke_10w_fourcastnetgfs_3cb53c89a790,C:/Users/ahmad/Desktop/generalFiles/git/weather_markets/weather_data_extraction/bootstrap/hkg_tmax_elite_codex_bootstrap/hkg_tmax_elite_codex/data/_pipeline_internal/raw/gribstream_tactical_batch_smoke_10w/fourcastnetgfs/run_window_utc=20240627_180000_to_20240710_180000/3cb53c89a790e24a1f123cb64a73a514d09ceae02d6f4b9e49ddef8bfcd5eaec.ndjson.gz,api_fetched,0,,,
96,nbmoc,completed_empty,200,7,2026-06-17T18:00:00Z,2026-06-23T18:00:00Z,0,0,0,140,105,7.037,1e5c990dd36a634904dda325ccc3ed3d8a32f359cb6836580f0d06d9094b6dfc,firstweek_nbmoc_1e5c990dd36a,C:/Users/ahmad/Desktop/generalFiles/git/weather_markets/weather_data_extraction/bootstrap/hkg_tmax_elite_codex_bootstrap/hkg_tmax_elite_codex/data/_pipeline_internal/raw/gribstream_tactical_batch_smoke_10w/nbmoc/run_window_utc=20260617_180000_to_20260623_180000/1e5c990dd36a634904dda325ccc3ed3d8a32f359cb6836580f0d06d9094b6dfc.ndjson.gz,api_fetched,0,,,
