station_id,target_date_local,asof_utc,mu_hat_f,actual_tmax_f,r_value,bin_assigned,mu_adj_global,sigma_global,mu_adj_chooser,sigma_chooser,residual_global,residual_chooser,month
KNYC,2025-01-01,2024-12-31 12:00:00+00:00,53.76280667897426,51.0,1.5631425777549688,LOW,53.764916329146715,3.1315334385313176,53.841752261700876,3.0921465382386453,-2.7649163291467147,-2.8417522617008757,1
KNYC,2025-01-02,2025-01-01 12:00:00+00:00,42.798574691862065,43.0,1.0989929188717962,LOW,42.80068434203452,3.1315334385313176,42.87752027458868,3.0921465382386453,0.199315657965478,0.12247972541131702,1
KNYC,2025-01-03,2025-01-02 12:00:00+00:00,38.70479000402392,39.0,1.311183512963375,LOW,38.70689965419638,3.1315334385313176,38.78373558675054,3.0921465382386453,0.293100345803623,0.216264413249462,1
KNYC,2025-01-04,2025-01-03 12:00:00+00:00,34.34603201143747,33.0,1.6159238274322667,LOW,34.34814166160993,3.1315334385313176,34.42497759416409,3.0921465382386453,-1.3481416616099295,-1.4249775941640905,1
KNYC,2025-01-05,2025-01-04 12:00:00+00:00,34.3517509544969,33.0,1.916291566907218,MID,34.35386060466936,3.1315334385313176,34.194022543722845,3.031261141567225,-1.3538606046693573,-1.1940225437228449,1
KNYC,2025-01-06,2025-01-05 12:00:00+00:00,31.540884443020484,30.0,1.5065860678521688,LOW,31.54299409319294,3.1315334385313176,31.619830025747106,3.0921465382386453,-1.5429940931929416,-1.619830025747106,1
KNYC,2025-01-07,2025-01-06 12:00:00+00:00,30.795377783735393,33.0,1.695313099307553,MID,30.79748743390785,3.1315334385313176,30.637649372961338,3.031261141567225,2.2025125660921496,2.362350627038662,1
KNYC,2025-01-08,2025-01-07 12:00:00+00:00,24.844322638293175,30.0,2.248316367678469,MID,24.846432288465632,3.1315334385313176,24.68659422751912,3.031261141567225,5.153567711534368,5.3134057724808805,1
KNYC,2025-01-09,2025-01-08 12:00:00+00:00,34.0401692086988,33.0,1.7802879847368605,MID,34.042278858871256,3.1315334385313176,33.882440797924744,3.031261141567225,-1.0422788588712564,-0.882440797924744,1
KNYC,2025-01-10,2025-01-09 12:00:00+00:00,38.75671161934689,39.0,1.09663023835814,LOW,38.758821269519345,3.1315334385313176,38.835657202073506,3.0921465382386453,0.2411787304806552,0.1643427979264942,1
KNYC,2025-01-11,2025-01-10 12:00:00+00:00,36.732030743667174,36.0,0.7255963527884145,LOW,36.73414039383963,3.1315334385313176,36.81097632639379,3.0921465382386453,-0.7341403938396311,-0.8109763263937921,1
KNYC,2025-01-12,2025-01-11 12:00:00+00:00,43.53677073798888,42.0,0.6263700719405892,LOW,43.53888038816134,3.1315334385313176,43.6157163207155,3.0921465382386453,-1.5388803881613384,-1.6157163207154994,1
KNYC,2025-01-13,2025-01-12 12:00:00+00:00,44.19373561555792,42.0,0.9270012412595636,LOW,44.19584526573038,3.1315334385313176,44.27268119828454,3.0921465382386453,-2.1958452657303766,-2.2726811982845376,1
KNYC,2025-01-14,2025-01-13 12:00:00+00:00,33.29644757854376,35.0,1.4568452205584808,LOW,33.29855722871622,3.1315334385313176,33.37539316127038,3.0921465382386453,1.70144277128378,1.624606838729619,1
KNYC,2025-01-15,2025-01-14 12:00:00+00:00,31.699777765852946,32.0,1.6049744961548758,LOW,31.701887416025404,3.1315334385313176,31.778723348579568,3.0921465382386453,0.2981125839745964,0.22127665142043185,1
KNYC,2025-01-16,2025-01-15 12:00:00+00:00,32.802054588898116,30.0,0.7698478199451306,LOW,32.80416423907057,3.1315334385313176,32.881000171624734,3.0921465382386453,-2.804164239070573,-2.881000171624734,1
KNYC,2025-01-17,2025-01-16 12:00:00+00:00,39.94217635879167,42.0,0.6158375709420882,LOW,39.94428600896413,3.1315334385313176,40.02112194151829,3.0921465382386453,2.055713991035873,1.9788780584817118,1
KNYC,2025-01-18,2025-01-17 12:00:00+00:00,47.28824782973748,46.0,1.2789496611663338,LOW,47.290357479909936,3.1315334385313176,47.3671934124641,3.0921465382386453,-1.290357479909936,-1.367193412464097,1
KNYC,2025-01-19,2025-01-18 12:00:00+00:00,40.41557434224461,41.0,3.159675828817426,HIGH,40.41768399241707,3.1315334385313176,40.500459339037846,3.2684304856729685,0.5823160075829321,0.499540660962154,1
KNYC,2025-01-20,2025-01-19 12:00:00+00:00,24.543909009060467,26.0,1.9246683763820855,MID,24.546018659232924,3.1315334385313176,24.386180598286412,3.031261141567225,1.4539813407670756,1.613819401713588,1
KNYC,2025-01-21,2025-01-20 12:00:00+00:00,24.76823975565176,19.0,1.4970591074138508,LOW,24.770349405824216,3.1315334385313176,24.84718533837838,3.0921465382386453,-5.770349405824216,-5.847185338378381,1
KNYC,2025-01-22,2025-01-21 12:00:00+00:00,24.36476227226368,20.0,1.4743954161633903,LOW,24.366871922436136,3.1315334385313176,24.4437078549903,3.0921465382386453,-4.366871922436136,-4.443707854990301,1
KNYC,2025-01-23,2025-01-22 12:00:00+00:00,27.24467219031902,28.0,1.5751402663700869,LOW,27.246781840491476,3.1315334385313176,27.32361777304564,3.0921465382386453,0.7532181595085241,0.6763822269543596,1
KNYC,2025-01-24,2025-01-23 12:00:00+00:00,34.117366738444076,33.0,1.031959601874182,LOW,34.11947638861653,3.1315334385313176,34.196312321170694,3.0921465382386453,-1.1194763886165333,-1.1963123211706943,1
KNYC,2025-01-25,2025-01-24 12:00:00+00:00,30.90159850862134,33.0,0.800243016486095,LOW,30.903708158793798,3.1315334385313176,30.980544091347962,3.0921465382386453,2.0962918412062024,2.019455908652038,1
KNYC,2025-01-26,2025-01-25 12:00:00+00:00,41.46121962491046,43.0,0.7431382497281456,LOW,41.46332927508292,3.1315334385313176,41.54016520763708,3.0921465382386453,1.5366707249170801,1.4598347923629191,1
KNYC,2025-01-27,2025-01-26 12:00:00+00:00,41.795035142548606,40.0,0.8540377200247813,LOW,41.79714479272106,3.1315334385313176,41.873980725275224,3.0921465382386453,-1.7971447927210633,-1.8739807252752243,1
KNYC,2025-01-28,2025-01-27 12:00:00+00:00,36.400291038896775,42.0,3.827575027313062,HIGH,36.40240068906923,3.1315334385313176,36.48517603569001,3.2684304856729685,5.597599310930768,5.51482396430999,1
KNYC,2025-01-29,2025-01-28 12:00:00+00:00,48.58383532992562,52.0,2.0467548213442512,MID,48.58594498009808,3.1315334385313176,48.426106919151565,3.031261141567225,3.414055019901923,3.5738930808484355,1
KNYC,2025-01-30,2025-01-29 12:00:00+00:00,37.31786071590967,38.0,1.6349313140143995,LOW,37.319970366082124,3.1315334385313176,37.396806298636285,3.0921465382386453,0.6800296339178757,0.6031937013637148,1
KNYC,2025-01-31,2025-01-30 12:00:00+00:00,46.73214015563885,48.0,3.879484295085432,HIGH,46.73424980581131,3.1315334385313176,46.81702515243209,3.2684304856729685,1.2657501941886906,1.1829748475679125,1
KNYC,2025-02-01,2025-01-31 12:00:00+00:00,46.31840379040031,48.0,2.202762229072924,MID,46.32051344057277,3.1315334385313176,46.160675379626255,3.031261141567225,1.6794865594272324,1.8393246203737448,2
KNYC,2025-02-02,2025-02-01 12:00:00+00:00,35.28815634611369,31.0,0.9309029051727392,LOW,35.290265996286145,3.1315334385313176,35.367101928840306,3.0921465382386453,-4.290265996286145,-4.367101928840306,2
KNYC,2025-02-03,2025-02-02 12:00:00+00:00,46.976944276979786,49.0,2.280864304588206,MID,46.97905392715224,3.1315334385313176,46.81921586620573,3.031261141567225,2.0209460728477566,2.180784133794269,2
KNYC,2025-02-04,2025-02-03 12:00:00+00:00,46.050877883591596,47.0,2.154269129460095,MID,46.05298753376405,3.1315334385313176,45.89314947281754,3.031261141567225,0.9470124662359467,1.1068505271824591,2
KNYC,2025-02-05,2025-02-04 12:00:00+00:00,32.77952918688108,36.0,1.857221744537619,MID,32.781638837053535,3.1315334385313176,32.62180077610702,3.031261141567225,3.218361162946465,3.3781992238929774,2
KNYC,2025-02-06,2025-02-05 12:00:00+00:00,42.37350404203382,38.0,1.2386447391996374,LOW,42.37561369220628,3.1315334385313176,42.45244962476044,3.0921465382386453,-4.375613692206279,-4.45244962476044,2
KNYC,2025-02-07,2025-02-06 12:00:00+00:00,42.291432384500794,43.0,3.232801183136752,HIGH,42.29354203467325,3.1315334385313176,42.37631738129403,3.2684304856729685,0.7064579653267486,0.6236826187059705,2
KNYC,2025-02-08,2025-02-07 12:00:00+00:00,33.91896174923907,35.0,1.493899467174154,LOW,33.921071399411524,3.1315334385313176,33.997907331965685,3.0921465382386453,1.0789286005884762,1.0020926680343152,2
KNYC,2025-02-09,2025-02-08 12:00:00+00:00,38.95851637782029,36.0,1.6832014942416058,MID,38.960626027992745,3.1315334385313176,38.80078796704623,3.031261141567225,-2.9606260279927454,-2.800787967046233,2
KNYC,2025-02-10,2025-02-09 12:00:00+00:00,36.282084598835716,37.0,1.483168905634889,LOW,36.28419424900817,3.1315334385313176,36.361030181562334,3.0921465382386453,0.7158057509918265,0.6389698184376655,2
KNYC,2025-02-11,2025-02-10 12:00:00+00:00,34.50145575526908,35.0,1.197820613203255,LOW,34.503565405441535,3.1315334385313176,34.580401337995696,3.0921465382386453,0.4964345945584654,0.4195986620043044,2
KNYC,2025-02-12,2025-02-11 12:00:00+00:00,37.0260282259221,36.0,0.9602042893008914,LOW,37.028137876094554,3.1315334385313176,37.104973808648715,3.0921465382386453,-1.0281378760945543,-1.1049738086487153,2
KNYC,2025-02-13,2025-02-12 12:00:00+00:00,48.9531117576603,46.0,2.855786320686505,HIGH,48.95522140783276,3.1315334385313176,49.03799675445354,3.2684304856729685,-2.9552214078327594,-3.0379967544535376,2
KNYC,2025-02-14,2025-02-13 12:00:00+00:00,35.257862796669805,36.0,2.2735652764493395,MID,35.25997244684226,3.1315334385313176,35.10013438589575,3.031261141567225,0.7400275531577378,0.8998656141042503,2
KNYC,2025-02-15,2025-02-14 12:00:00+00:00,36.968864022174344,35.0,1.963620016341876,MID,36.9709736723468,3.1315334385313176,36.81113561140029,3.031261141567225,-1.9709736723468012,-1.8111356114002888,2
KNYC,2025-02-16,2025-02-15 12:00:00+00:00,53.69146470518893,47.0,2.7386784997660145,HIGH,53.693574355361385,3.1315334385313176,53.77634970198216,3.2684304856729685,-6.693574355361385,-6.776349701982163,2
KNYC,2025-02-17,2025-02-16 12:00:00+00:00,34.316232851100246,36.0,2.356445138325288,MID,34.3183425012727,3.1315334385313176,34.15850444032619,3.031261141567225,1.6816574987272972,1.8414955596738096,2
KNYC,2025-02-18,2025-02-17 12:00:00+00:00,25.79629442709158,27.0,2.504858887725649,HIGH,25.79840407726404,3.1315334385313176,25.88117942388482,3.2684304856729685,1.2015959227359616,1.11882057611518,2
KNYC,2025-02-19,2025-02-18 12:00:00+00:00,27.007053214985827,30.0,2.817069855551836,HIGH,27.009162865158284,3.1315334385313176,27.091938211779066,3.2684304856729685,2.9908371348417155,2.908061788220934,2
KNYC,2025-02-20,2025-02-19 12:00:00+00:00,26.004547300038908,29.0,1.7052139308989738,MID,26.006656950211365,3.1315334385313176,25.846818889264853,3.031261141567225,2.993343049788635,3.1531811107351473,2
KNYC,2025-02-21,2025-02-20 12:00:00+00:00,33.23627394206553,36.0,2.4232962123493467,HIGH,33.23838359223799,3.1315334385313176,33.321158938858765,3.2684304856729685,2.7616164077620127,2.6788410611412345,2
KNYC,2025-02-22,2025-02-21 12:00:00+00:00,40.129376238816945,39.0,1.3502521495799016,LOW,40.1314858889894,3.1315334385313176,40.208321821543564,3.0921465382386453,-1.1314858889894026,-1.2083218215435636,2
KNYC,2025-02-23,2025-02-22 12:00:00+00:00,45.773279752815135,46.0,1.3359629443896672,LOW,45.77538940298759,3.1315334385313176,45.85222533554175,3.0921465382386453,0.2246105970124077,0.14777466445824672,2
KNYC,2025-02-24,2025-02-23 12:00:00+00:00,50.65346155737168,48.0,1.1536862031816812,LOW,50.655571207544135,3.1315334385313176,50.732407140098296,3.0921465382386453,-2.655571207544135,-2.732407140098296,2
KNYC,2025-02-25,2025-02-24 12:00:00+00:00,56.32126562905672,57.0,2.464104581708871,HIGH,56.323375279229175,3.1315334385313176,56.40615062584995,3.2684304856729685,0.6766247207708247,0.5938493741500466,2
KNYC,2025-02-26,2025-02-25 12:00:00+00:00,54.97830020153121,56.0,1.6367844632797564,LOW,54.98040985170367,3.1315334385313176,55.05724578425783,3.0921465382386453,1.0195901482963308,0.9427542157421698,2
KNYC,2025-02-27,2025-02-26 12:00:00+00:00,56.17724953564282,54.0,2.8848906538475965,HIGH,56.17935918581528,3.1315334385313176,56.26213453243606,3.2684304856729685,-2.1793591858152794,-2.2621345324360576,2
KNYC,2025-02-28,2025-02-27 12:00:00+00:00,49.431333213532106,50.0,2.581407969726354,HIGH,49.43344286370456,3.1315334385313176,49.51621821032534,3.2684304856729685,0.5665571362954367,0.48378178967465857,2
KNYC,2025-03-01,2025-02-28 12:00:00+00:00,55.91570233686848,64.0,5.073406883916171,HIGH,55.917811987040935,3.1315334385313176,56.00058733366171,3.2684304856729685,8.082188012959065,7.999412666338287,3
KNYC,2025-03-02,2025-03-01 12:00:00+00:00,32.59342701672842,34.0,3.322878679886338,HIGH,32.59553666690088,3.1315334385313176,32.678312013521655,3.2684304856729685,1.4044633330991232,1.321687986478345,3
KNYC,2025-03-03,2025-03-02 12:00:00+00:00,38.99252337249752,39.0,1.8044577661527237,MID,38.99463302266998,3.1315334385313176,38.83479496172347,3.031261141567225,0.005366977330020006,0.16520503827653243,3
KNYC,2025-03-04,2025-03-03 12:00:00+00:00,53.69257528042559,52.0,1.3364785710888782,LOW,53.694684930598044,3.1315334385313176,53.771520863152205,3.0921465382386453,-1.6946849305980436,-1.7715208631522046,3
KNYC,2025-03-05,2025-03-04 12:00:00+00:00,56.956105207590966,54.0,1.876892400859276,MID,56.95821485776342,3.1315334385313176,56.79837679681691,3.031261141567225,-2.958214857763423,-2.7983767968169104,3
KNYC,2025-03-06,2025-03-05 12:00:00+00:00,56.35531401087049,55.0,4.658498251339172,HIGH,56.357423661042944,3.1315334385313176,56.44019900766372,3.2684304856729685,-1.3574236610429438,-1.4401990076637219,3
KNYC,2025-03-07,2025-03-06 12:00:00+00:00,49.83561062967471,50.0,1.662966729416122,MID,49.83772027984717,3.1315334385313176,49.677882218900656,3.031261141567225,0.16227972015283143,0.32211778109934386,3
KNYC,2025-03-08,2025-03-07 12:00:00+00:00,44.71351368583008,45.0,3.660217035283501,HIGH,44.71562333600254,3.1315334385313176,44.798398682623315,3.2684304856729685,0.2843766639974632,0.20160131737668507,3
KNYC,2025-03-09,2025-03-08 12:00:00+00:00,50.47668988216758,53.0,1.3609323002736982,LOW,50.478799532340034,3.1315334385313176,50.555635464894195,3.0921465382386453,2.521200467659966,2.444364535105805,3
KNYC,2025-03-10,2025-03-09 12:00:00+00:00,65.23456497797024,66.0,1.5144753744119446,LOW,65.2366746281427,3.1315334385313176,65.31351056069686,3.0921465382386453,0.7633253718573059,0.6864894393031449,3
KNYC,2025-03-11,2025-03-10 12:00:00+00:00,65.87155957230696,65.0,1.9943869224920117,MID,65.87366922247942,3.1315334385313176,65.71383116153291,3.031261141567225,-0.8736692224794211,-0.7138311615329087,3
KNYC,2025-03-12,2025-03-11 12:00:00+00:00,54.19205453525489,55.0,2.268724092191919,MID,54.19416418542735,3.1315334385313176,54.034326124480835,3.031261141567225,0.805835814572653,0.9656738755191654,3
KNYC,2025-03-13,2025-03-12 12:00:00+00:00,50.50566344954176,50.0,2.150799926453083,MID,50.507773099714214,3.1315334385313176,50.3479350387677,3.031261141567225,-0.507773099714214,-0.3479350387677016,3
KNYC,2025-03-14,2025-03-13 12:00:00+00:00,55.56088674158543,57.0,1.870582299508746,MID,55.562996391757885,3.1315334385313176,55.40315833081137,3.031261141567225,1.4370036082421151,1.5968416691886276,3
KNYC,2025-03-15,2025-03-14 12:00:00+00:00,54.657023242133995,49.0,1.324134918744575,LOW,54.65913289230645,3.1315334385313176,54.73596882486061,3.0921465382386453,-5.659132892306452,-5.735968824860613,3
KNYC,2025-03-16,2025-03-15 12:00:00+00:00,67.08664216615645,61.0,1.7286289217106727,MID,67.08875181632891,3.1315334385313176,66.9289137553824,3.031261141567225,-6.088751816328909,-5.928913755382396,3
KNYC,2025-03-17,2025-03-16 12:00:00+00:00,60.42692362051708,59.0,3.653144479982868,HIGH,60.42903327068954,3.1315334385313176,60.511808617310315,3.2684304856729685,-1.429033270689537,-1.5118086173103151,3
KNYC,2025-03-18,2025-03-17 12:00:00+00:00,60.410636362910395,61.0,1.3276208467333952,LOW,60.41274601308285,3.1315334385313176,60.48958194563701,3.0921465382386453,0.5872539869171476,0.5104180543629866,3
KNYC,2025-03-19,2025-03-18 12:00:00+00:00,62.9884506627905,63.0,2.1026107646320757,MID,62.990560312962955,3.1315334385313176,62.83072225201644,3.031261141567225,0.009439687037044564,0.169277747983557,3
KNYC,2025-03-20,2025-03-19 12:00:00+00:00,55.75362200212099,52.0,1.7593469540329505,MID,55.75573165229345,3.1315334385313176,55.595893591346936,3.031261141567225,-3.7557316522934485,-3.595893591346936,3
KNYC,2025-03-21,2025-03-20 12:00:00+00:00,55.382766309525095,51.0,3.228325341402744,HIGH,55.38487595969755,3.1315334385313176,55.46765130631833,3.2684304856729685,-4.384875959697553,-4.467651306318331,3
KNYC,2025-03-22,2025-03-21 12:00:00+00:00,61.030627630085945,64.0,4.774575381726675,HIGH,61.0327372802584,3.1315334385313176,61.11551262687918,3.2684304856729685,2.9672627197415977,2.8844873731208196,3
KNYC,2025-03-23,2025-03-22 12:00:00+00:00,48.710505041036,48.0,2.969813771248883,HIGH,48.71261469120846,3.1315334385313176,48.795390037829236,3.2684304856729685,-0.7126146912084579,-0.795390037829236,3
KNYC,2025-03-24,2025-03-23 12:00:00+00:00,54.00253252820623,50.0,3.49830195122137,HIGH,54.00464217837869,3.1315334385313176,54.087417524999466,3.2684304856729685,-4.004642178378688,-4.087417524999466,3
KNYC,2025-03-25,2025-03-24 12:00:00+00:00,56.5157189262399,58.0,1.897994677586358,MID,56.517828576412356,3.1315334385313176,56.35799051546584,3.031261141567225,1.4821714235876442,1.6420094845341566,3
KNYC,2025-03-26,2025-03-25 12:00:00+00:00,50.01607359502971,53.0,1.9884990923482904,MID,50.01818324520217,3.1315334385313176,49.858345184255654,3.031261141567225,2.9818167547978334,3.141654815744346,3
KNYC,2025-03-27,2025-03-26 12:00:00+00:00,52.54955112341212,53.0,1.8191916604261564,MID,52.55166077358458,3.1315334385313176,52.39182271263807,3.031261141567225,0.44833922641542046,0.6081772873619329,3
KNYC,2025-03-28,2025-03-27 12:00:00+00:00,62.12053923123062,63.0,2.894924863729775,HIGH,62.12264888140308,3.1315334385313176,62.20542422802386,3.2684304856729685,0.8773511185969198,0.7945757719761417,3
KNYC,2025-03-29,2025-03-28 12:00:00+00:00,81.09587230360869,81.0,2.692196316142229,HIGH,81.09798195378114,3.1315334385313176,81.18075730040192,3.2684304856729685,-0.09798195378114372,-0.18075730040192184,3
KNYC,2025-03-30,2025-03-29 12:00:00+00:00,56.371922790894224,48.0,3.1462913060282878,HIGH,56.37403244106668,3.1315334385313176,56.45680778768746,3.2684304856729685,-8.374032441066682,-8.45680778768746,3
KNYC,2025-03-31,2025-03-30 12:00:00+00:00,72.91107003571342,73.0,2.1009145614563387,MID,72.91317968588588,3.1315334385313176,72.75334162493937,3.031261141567225,0.08682031411412083,0.24665837506063326,3
KNYC,2025-04-01,2025-03-31 12:00:00+00:00,61.7892031227083,58.0,3.3001327935934968,HIGH,61.79131277288076,3.1315334385313176,61.874088119501536,3.2684304856729685,-3.791312772880758,-3.874088119501536,4
KNYC,2025-04-02,2025-04-01 12:00:00+00:00,46.01446405683695,49.0,2.148680310700093,MID,46.01657370700941,3.1315334385313176,45.856735646062894,3.031261141567225,2.9834262929905933,3.1432643539371057,4
KNYC,2025-04-03,2025-04-02 12:00:00+00:00,72.37452425330628,73.0,2.822574543442781,HIGH,72.37663390347873,3.1315334385313176,72.45940925009951,3.2684304856729685,0.6233660965212664,0.5405907499004883,4
KNYC,2025-04-04,2025-04-03 12:00:00+00:00,69.67620908518396,73.0,3.0128366508608595,HIGH,69.67831873535641,3.1315334385313176,69.76109408197719,3.2684304856729685,3.321681264643587,3.238905918022809,4
KNYC,2025-04-05,2025-04-04 12:00:00+00:00,54.79595484480871,59.0,1.7997796200585614,MID,54.79806449498117,3.1315334385313176,54.63822643403466,3.031261141567225,4.201935505018831,4.361773565965343,4
KNYC,2025-04-06,2025-04-05 12:00:00+00:00,57.35149426185008,56.0,3.1350905168686007,HIGH,57.353603912022535,3.1315334385313176,57.43637925864331,3.2684304856729685,-1.3536039120225354,-1.4363792586433135,4
KNYC,2025-04-07,2025-04-06 12:00:00+00:00,48.35774512966185,50.0,2.1213774073902254,MID,48.35985477983431,3.1315334385313176,48.200016718887795,3.031261141567225,1.6401452201656923,1.7999832811122047,4
KNYC,2025-04-08,2025-04-07 12:00:00+00:00,45.210754699262765,45.0,3.386823678582201,HIGH,45.21286434943522,3.1315334385313176,45.295639696056,3.2684304856729685,-0.2128643494352218,-0.29563969605599993,4
KNYC,2025-04-09,2025-04-08 12:00:00+00:00,47.12886459230206,49.0,2.3538440119295982,MID,47.130974242474515,3.1315334385313176,46.971136181528,3.031261141567225,1.8690257575254847,2.028863818471997,4
KNYC,2025-04-10,2025-04-09 12:00:00+00:00,50.627258155929155,51.0,1.6996494847540866,MID,50.62936780610161,3.1315334385313176,50.4695297451551,3.031261141567225,0.37063219389838764,0.5304702548449001,4
KNYC,2025-04-11,2025-04-10 12:00:00+00:00,47.344501999892636,46.0,2.92879835986106,HIGH,47.34661165006509,3.1315334385313176,47.42938699668587,3.2684304856729685,-1.3466116500650926,-1.4293869966858708,4
KNYC,2025-04-12,2025-04-11 12:00:00+00:00,43.51696370941017,40.0,2.5203211575202107,HIGH,43.51907335958263,3.1315334385313176,43.601848706203405,3.2684304856729685,-3.5190733595826273,-3.6018487062034055,4
KNYC,2025-04-13,2025-04-12 12:00:00+00:00,55.38329799369926,58.0,1.1861396627273262,LOW,55.385407643871716,3.1315334385313176,55.46224357642588,3.0921465382386453,2.6145923561282842,2.5377564235741232,4
KNYC,2025-04-14,2025-04-13 12:00:00+00:00,65.12208034960929,66.0,2.612492266320848,HIGH,65.12418999978175,3.1315334385313176,65.20696534640253,3.2684304856729685,0.8758100002182516,0.7930346535974735,4
KNYC,2025-04-15,2025-04-14 12:00:00+00:00,65.94014339328224,69.0,2.965556310945205,HIGH,65.9422530434547,3.1315334385313176,66.02502839007548,3.2684304856729685,3.0577469565453015,2.9749716099245234,4
KNYC,2025-04-16,2025-04-15 12:00:00+00:00,52.56298637615601,50.0,1.9765352340406528,MID,52.56509602632847,3.1315334385313176,52.405257965381956,3.031261141567225,-2.565096026328469,-2.4052579653819564,4
KNYC,2025-04-17,2025-04-16 12:00:00+00:00,62.42572830689513,64.0,2.300036849635424,MID,62.42783795706759,3.1315334385313176,62.267999896121076,3.031261141567225,1.572162042932412,1.7320001038789243,4
KNYC,2025-04-18,2025-04-17 12:00:00+00:00,71.24552684921748,68.0,1.87199480358732,MID,71.24763649938994,3.1315334385313176,71.08779843844343,3.031261141567225,-3.247636499389941,-3.0877984384434285,4
KNYC,2025-04-19,2025-04-18 12:00:00+00:00,81.85657316003665,85.0,1.936640730483124,MID,81.8586828102091,3.1315334385313176,81.69884474926259,3.031261141567225,3.1413171897908967,3.301155250737409,4
KNYC,2025-04-20,2025-04-19 12:00:00+00:00,73.314259901367,73.0,2.9356694637572134,HIGH,73.31636955153945,3.1315334385313176,73.39914489816023,3.2684304856729685,-0.31636955153945223,-0.39914489816023035,4
KNYC,2025-04-21,2025-04-20 12:00:00+00:00,56.09909951698121,57.0,1.775869637927086,MID,56.10120916715367,3.1315334385313176,55.94137110620716,3.031261141567225,0.8987908328463305,1.058628893792843,4
KNYC,2025-04-22,2025-04-21 12:00:00+00:00,78.60855212909293,82.0,2.746598110023974,HIGH,78.61066177926539,3.1315334385313176,78.69343712588616,3.2684304856729685,3.389338220734615,3.306562874113837,4
KNYC,2025-04-23,2025-04-22 12:00:00+00:00,76.08625321750857,76.0,2.212513577504132,MID,76.08836286768103,3.1315334385313176,75.92852480673452,3.031261141567225,-0.08836286768102752,0.0714751932654849,4
KNYC,2025-04-24,2025-04-23 12:00:00+00:00,75.3206212358831,77.0,3.208079638271316,HIGH,75.32273088605555,3.1315334385313176,75.40550623267633,3.2684304856729685,1.6772691139444476,1.5944937673236694,4
KNYC,2025-04-25,2025-04-24 12:00:00+00:00,78.2769051694937,77.0,1.3933887426241918,LOW,78.27901481966616,3.1315334385313176,78.35585075222032,3.0921465382386453,-1.279014819666159,-1.35585075222032,4
KNYC,2025-04-26,2025-04-25 12:00:00+00:00,74.07296940388099,74.0,3.3033983752769105,HIGH,74.07507905405345,3.1315334385313176,74.15785440067422,3.2684304856729685,-0.07507905405344673,-0.15785440067422485,4
KNYC,2025-04-27,2025-04-26 12:00:00+00:00,58.32893317507767,59.0,1.844357911124278,MID,58.33104282525013,3.1315334385313176,58.17120476430362,3.031261141567225,0.6689571747498704,0.8287952356963828,4
KNYC,2025-04-28,2025-04-27 12:00:00+00:00,76.9152021696305,76.0,1.4104332850694423,LOW,76.91731181980296,3.1315334385313176,76.99414775235712,3.0921465382386453,-0.9173118198029613,-0.9941477523571223,4
KNYC,2025-04-29,2025-04-28 12:00:00+00:00,81.31730864544853,79.0,1.4015816352651478,LOW,81.31941829562099,3.1315334385313176,81.39625422817515,3.0921465382386453,-2.3194182956209914,-2.3962542281751524,4
KNYC,2025-04-30,2025-04-29 12:00:00+00:00,73.68321463264843,73.0,3.840207630055048,HIGH,73.68532428282089,3.1315334385313176,73.76809962944166,3.2684304856729685,-0.6853242828208863,-0.7680996294416644,4
KNYC,2025-05-01,2025-04-30 12:00:00+00:00,69.36133251487021,71.0,2.2558270948886365,MID,69.36344216504267,3.1315334385313176,69.20360410409616,3.031261141567225,1.6365578349573298,1.7963958959038422,5
KNYC,2025-05-02,2025-05-01 12:00:00+00:00,81.93150876087562,84.0,2.854821315093982,HIGH,81.93361841104807,3.1315334385313176,82.01639375766885,3.2684304856729685,2.066381588951927,1.983606242331149,5
KNYC,2025-05-03,2025-05-02 12:00:00+00:00,80.9183596230604,85.0,3.6030734482436713,HIGH,80.92046927323285,3.1315334385313176,81.00324461985363,3.2684304856729685,4.079530726767146,3.996755380146368,5
KNYC,2025-05-04,2025-05-03 12:00:00+00:00,70.75895134796735,69.0,3.0822943733358854,HIGH,70.76106099813981,3.1315334385313176,70.84383634476059,3.2684304856729685,-1.7610609981398113,-1.8438363447605894,5
KNYC,2025-05-05,2025-05-04 12:00:00+00:00,64.48470559680909,61.0,2.126487053979804,MID,64.48681524698155,3.1315334385313176,64.32697718603504,3.031261141567225,-3.48681524698155,-3.3269771860350374,5
KNYC,2025-05-06,2025-05-05 12:00:00+00:00,67.22784337537344,64.0,3.3260000213246164,HIGH,67.2299530255459,3.1315334385313176,67.31272837216667,3.2684304856729685,-3.229953025545896,-3.3127283721666743,5
KNYC,2025-05-07,2025-05-06 12:00:00+00:00,74.82692444208584,74.0,1.988734255310094,MID,74.8290340922583,3.1315334385313176,74.66919603131178,3.031261141567225,-0.829034092258297,-0.6691960313117846,5
KNYC,2025-05-08,2025-05-07 12:00:00+00:00,75.50525676158044,78.0,2.266057627892741,MID,75.5073664117529,3.1315334385313176,75.34752835080639,3.031261141567225,2.4926335882471022,2.6524716491936147,5
KNYC,2025-05-09,2025-05-08 12:00:00+00:00,61.14714636602904,60.0,3.4696483898213786,HIGH,61.1492560162015,3.1315334385313176,61.232031362822276,3.2684304856729685,-1.1492560162014982,-1.2320313628222763,5
KNYC,2025-05-10,2025-05-09 12:00:00+00:00,70.47681026968787,72.0,1.4275235153244126,LOW,70.47891991986033,3.1315334385313176,70.55575585241449,3.0921465382386453,1.5210800801396687,1.4442441475855077,5
KNYC,2025-05-11,2025-05-10 12:00:00+00:00,76.73706467285567,77.0,2.6834776004088847,HIGH,76.73917432302812,3.1315334385313176,76.8219496696489,3.2684304856729685,0.2608256769718764,0.1780503303510983,5
KNYC,2025-05-12,2025-05-11 12:00:00+00:00,71.78441520537315,72.0,1.8711143334291096,MID,71.78652485554561,3.1315334385313176,71.6266867945991,3.031261141567225,0.2134751444543923,0.37331320540090474,5
KNYC,2025-05-13,2025-05-12 12:00:00+00:00,70.2611895628471,69.0,3.725391629689968,HIGH,70.26329921301955,3.1315334385313176,70.34607455964033,3.2684304856729685,-1.2632992130195504,-1.3460745596403285,5
KNYC,2025-05-14,2025-05-13 12:00:00+00:00,64.34523081532807,62.0,1.112726926698993,LOW,64.34734046550052,3.1315334385313176,64.42417639805468,3.0921465382386453,-2.3473404655005226,-2.4241763980546835,5
KNYC,2025-05-15,2025-05-14 12:00:00+00:00,71.89559786465247,69.0,3.386773393278961,HIGH,71.89770751482493,3.1315334385313176,71.98048286144571,3.2684304856729685,-2.89770751482493,-2.980482861445708,5
KNYC,2025-05-16,2025-05-15 12:00:00+00:00,74.77285811090452,72.0,3.411193377606568,HIGH,74.77496776107698,3.1315334385313176,74.85774310769776,3.2684304856729685,-2.7749677610769794,-2.8577431076977575,5
KNYC,2025-05-17,2025-05-16 12:00:00+00:00,82.0646490455788,82.0,2.1390169849659406,MID,82.06675869575126,3.1315334385313176,81.90692063480475,3.031261141567225,-0.06675869575126114,0.09307936519525128,5
KNYC,2025-05-18,2025-05-17 12:00:00+00:00,71.696092474473,73.0,2.1182840357691752,MID,71.69820212464546,3.1315334385313176,71.53836406369895,3.031261141567225,1.3017978753545378,1.4616359363010503,5
KNYC,2025-05-19,2025-05-18 12:00:00+00:00,69.41417154419918,69.0,3.3398012726286126,HIGH,69.41628119437163,3.1315334385313176,69.49905654099241,3.2684304856729685,-0.4162811943716349,-0.49905654099241303,5
KNYC,2025-05-20,2025-05-19 12:00:00+00:00,66.81521678046217,67.0,2.493650027319678,HIGH,66.81732643063462,3.1315334385313176,66.9001017772554,3.2684304856729685,0.18267356936537738,0.09989822274459925,5
KNYC,2025-05-21,2025-05-20 12:00:00+00:00,58.73729418391609,59.0,1.3246952240389689,LOW,58.73940383408855,3.1315334385313176,58.81623976664271,3.0921465382386453,0.2605961659114513,0.1837602333572903,5
KNYC,2025-05-22,2025-05-21 12:00:00+00:00,54.44901896288009,51.0,1.5051776896814375,LOW,54.451128613052546,3.1315334385313176,54.52796454560671,3.0921465382386453,-3.4511286130525463,-3.5279645456067072,5
KNYC,2025-05-23,2025-05-22 12:00:00+00:00,62.949052825752744,63.0,3.0057149001812578,HIGH,62.9511624759252,3.1315334385313176,63.03393782254598,3.2684304856729685,0.048837524074798466,-0.03393782254597966,5
KNYC,2025-05-24,2025-05-23 12:00:00+00:00,63.73238048839397,64.0,2.0611865035115127,MID,63.73449013856643,3.1315334385313176,63.574652077619916,3.031261141567225,0.26550986143357136,0.4253479223800838,5
KNYC,2025-05-25,2025-05-24 12:00:00+00:00,68.38097074170399,66.0,1.9636106369699369,MID,68.38308039187645,3.1315334385313176,68.22324233092993,3.031261141567225,-2.3830803918764474,-2.223242330929935,5
KNYC,2025-05-26,2025-05-25 12:00:00+00:00,73.47701095672754,73.0,1.7035884001957236,MID,73.4791206069,3.1315334385313176,73.31928254595348,3.031261141567225,-0.4791206068999969,-0.3192825459534845,5
KNYC,2025-05-27,2025-05-26 12:00:00+00:00,74.66543511557772,74.0,1.519724648526581,LOW,74.66754476575018,3.1315334385313176,74.74438069830434,3.0921465382386453,-0.6675447657501792,-0.7443806983043402,5
KNYC,2025-05-28,2025-05-27 12:00:00+00:00,68.5104373142585,65.0,3.5383319618151803,HIGH,68.51254696443095,3.1315334385313176,68.59532231105173,3.2684304856729685,-3.5125469644309533,-3.5953223110517314,5
KNYC,2025-05-29,2025-05-28 12:00:00+00:00,70.84891022952077,67.0,4.146399125775069,HIGH,70.85101987969323,3.1315334385313176,70.933795226314,3.2684304856729685,-3.851019879693226,-3.933795226314004,5
KNYC,2025-05-30,2025-05-29 12:00:00+00:00,74.30155603336345,75.0,3.584667656149968,HIGH,74.30366568353591,3.1315334385313176,74.38644103015669,3.2684304856729685,0.6963343164640889,0.6135589698433108,5
KNYC,2025-05-31,2025-05-30 12:00:00+00:00,70.07944707156415,67.0,3.2044747840016328,HIGH,70.0815567217366,3.1315334385313176,70.16433206835738,3.2684304856729685,-3.0815567217366038,-3.164332068357382,5
KNYC,2025-06-01,2025-05-31 12:00:00+00:00,68.03640035774738,66.0,2.227045471266483,MID,68.03851000791984,3.1315334385313176,67.87867194697333,3.031261141567225,-2.0385100079198395,-1.878671946973327,6
KNYC,2025-06-04,2025-06-03 12:00:00+00:00,84.27934206958933,83.0,2.1847780101717738,MID,84.28145171976179,3.1315334385313176,84.12161365881528,3.031261141567225,-1.2814517197617903,-1.1216136588152779,6
KNYC,2025-06-05,2025-06-04 12:00:00+00:00,89.63806249869684,87.0,1.4102760599009776,LOW,89.6401721488693,3.1315334385313176,89.71700808142346,3.0921465382386453,-2.640172148869297,-2.717008081423458,6
KNYC,2025-06-06,2025-06-05 12:00:00+00:00,84.38306312415317,84.0,3.8699711909760497,HIGH,84.38517277432562,3.1315334385313176,84.4679481209464,3.2684304856729685,-0.3851727743256248,-0.4679481209464029,6
KNYC,2025-06-07,2025-06-06 12:00:00+00:00,74.13570611275067,76.0,3.6525327871771216,HIGH,74.13781576292313,3.1315334385313176,74.2205911095439,3.2684304856729685,1.8621842370768746,1.7794088904560965,6
KNYC,2025-06-08,2025-06-07 12:00:00+00:00,70.59900090056287,76.0,3.5540700147421624,HIGH,70.60111055073533,3.1315334385313176,70.6838858973561,3.2684304856729685,5.398889449264672,5.316114102643894,6
KNYC,2025-06-09,2025-06-08 12:00:00+00:00,67.40293342724421,64.0,3.169261964465023,HIGH,67.40504307741666,3.1315334385313176,67.48781842403744,3.2684304856729685,-3.4050430774166642,-3.4878184240374424,6
KNYC,2025-06-10,2025-06-09 12:00:00+00:00,73.76012266159074,73.0,4.470966429584694,HIGH,73.7622323117632,3.1315334385313176,73.84500765838398,3.2684304856729685,-0.7622323117631993,-0.8450076583839774,6
KNYC,2025-06-11,2025-06-10 12:00:00+00:00,82.87979731539356,81.0,1.936879231210336,MID,82.88190696556602,3.1315334385313176,82.7220689046195,3.031261141567225,-1.8819069655660172,-1.7220689046195048,6
KNYC,2025-06-12,2025-06-11 12:00:00+00:00,88.08705061540012,87.0,1.915177343773276,MID,88.08916026557257,3.1315334385313176,87.92932220462606,3.031261141567225,-1.0891602655725734,-0.929322204626061,6
KNYC,2025-06-13,2025-06-12 12:00:00+00:00,79.90055869379101,78.0,2.60784882112504,HIGH,79.90266834396347,3.1315334385313176,79.98544369058425,3.2684304856729685,-1.9026683439634695,-1.9854436905842476,6
KNYC,2025-06-14,2025-06-13 12:00:00+00:00,68.33374034861754,68.0,1.6968176223123923,MID,68.33584999879,3.1315334385313176,68.17601193784348,3.031261141567225,-0.3358499987899961,-0.17601193784348368,6
KNYC,2025-06-15,2025-06-14 12:00:00+00:00,66.09892358882053,64.0,2.926539571142448,HIGH,66.10103323899298,3.1315334385313176,66.18380858561376,3.2684304856729685,-2.101033238992983,-2.183808585613761,6
KNYC,2025-06-16,2025-06-15 12:00:00+00:00,67.40235562933871,69.0,3.0264244907337257,HIGH,67.40446527951117,3.1315334385313176,67.48724062613195,3.2684304856729685,1.5955347204888284,1.5127593738680503,6
KNYC,2025-06-17,2025-06-16 12:00:00+00:00,71.31208470927587,67.0,2.709646341994628,HIGH,71.31419435944832,3.1315334385313176,71.3969697060691,3.2684304856729685,-4.314194359448322,-4.3969697060691,6
KNYC,2025-06-18,2025-06-17 12:00:00+00:00,81.71761111121138,83.0,2.959267125223877,HIGH,81.71972076138384,3.1315334385313176,81.80249610800462,3.2684304856729685,1.2802792386161599,1.1975038919953818,6
KNYC,2025-06-19,2025-06-18 12:00:00+00:00,90.25322869582571,88.0,2.431474630894752,HIGH,90.25533834599817,3.1315334385313176,90.33811369261895,3.2684304856729685,-2.255338345998169,-2.338113692618947,6
KNYC,2025-06-20,2025-06-19 12:00:00+00:00,83.58836912791969,82.0,1.4701361131549766,LOW,83.59047877809215,3.1315334385313176,83.66731471064631,3.0921465382386453,-1.590478778092148,-1.667314710646309,6
KNYC,2025-06-21,2025-06-20 12:00:00+00:00,87.65878342364456,86.0,1.8110943885874349,MID,87.66089307381702,3.1315334385313176,87.50105501287051,3.031261141567225,-1.6608930738170216,-1.5010550128705091,6
KNYC,2025-06-22,2025-06-21 12:00:00+00:00,92.91602519456228,88.0,1.765133847229753,MID,92.91813484473474,3.1315334385313176,92.75829678378823,3.031261141567225,-4.9181348447347375,-4.758296783788225,6
KNYC,2025-06-23,2025-06-22 12:00:00+00:00,93.13192337837297,96.0,3.566872389694945,HIGH,93.13403302854543,3.1315334385313176,93.21680837516621,3.2684304856729685,2.8659669714545686,2.7831916248337905,6
KNYC,2025-06-24,2025-06-23 12:00:00+00:00,94.26135228522077,99.0,1.8125880939980643,MID,94.26346193539322,3.1315334385313176,94.10362387444671,3.031261141567225,4.736538064606776,4.896376125553289,6
KNYC,2025-06-25,2025-06-24 12:00:00+00:00,94.21260584785934,96.0,2.33785862820963,MID,94.2147154980318,3.1315334385313176,94.05487743708528,3.031261141567225,1.7852845019682064,1.9451225629147189,6
KNYC,2025-06-26,2025-06-25 12:00:00+00:00,82.78490065207788,85.0,3.628587826638408,HIGH,82.78701030225034,3.1315334385313176,82.86978564887112,3.2684304856729685,2.212989697749663,2.1302143511288847,6
KNYC,2025-06-27,2025-06-26 12:00:00+00:00,71.90910649850962,72.0,3.070642139967607,HIGH,71.91121614868207,3.1315334385313176,71.99399149530285,3.2684304856729685,0.08878385131792754,0.006008504697149419,6
KNYC,2025-06-28,2025-06-27 12:00:00+00:00,84.74091526149364,83.0,2.6965710945147405,HIGH,84.7430249116661,3.1315334385313176,84.82580025828688,3.2684304856729685,-1.7430249116660974,-1.8258002582868755,6
KNYC,2025-06-29,2025-06-28 12:00:00+00:00,90.50323348253004,89.0,2.5663508752981,HIGH,90.50534313270249,3.1315334385313176,90.58811847932327,3.2684304856729685,-1.5053431327024924,-1.5881184793232705,6
KNYC,2025-06-30,2025-06-29 12:00:00+00:00,88.86662404033137,90.0,2.6585108809042683,HIGH,88.86873369050383,3.1315334385313176,88.95150903712461,3.2684304856729685,1.1312663094961692,1.0484909628753911,6
KNYC,2025-07-01,2025-06-30 12:00:00+00:00,90.31739412351692,89.0,3.7926671377003816,HIGH,90.31950377368938,3.1315334385313176,90.40227912031015,3.2684304856729685,-1.3195037736893767,-1.4022791203101548,7
KNYC,2025-07-02,2025-07-01 12:00:00+00:00,84.17826340296787,84.0,2.7701156729078678,HIGH,84.18037305314033,3.1315334385313176,84.2631483997611,3.2684304856729685,-0.18037305314032892,-0.26314839976110704,7
KNYC,2025-07-03,2025-07-02 12:00:00+00:00,89.97523731575869,88.0,1.3754567322787603,LOW,89.97734696593115,3.1315334385313176,90.05418289848531,3.0921465382386453,-1.9773469659311473,-2.0541828984853083,7
KNYC,2025-07-04,2025-07-03 12:00:00+00:00,84.26616144918509,83.0,2.8893921047789557,HIGH,84.26827109935755,3.1315334385313176,84.35104644597833,3.2684304856729685,-1.2682710993575483,-1.3510464459783265,7
KNYC,2025-07-05,2025-07-04 12:00:00+00:00,86.02455769346473,84.0,1.9739987164114468,MID,86.02666734363719,3.1315334385313176,85.86682928269067,3.031261141567225,-2.026667343637186,-1.8668292826906736,7
KNYC,2025-07-06,2025-07-05 12:00:00+00:00,90.40612340593725,87.0,1.6166022139210672,LOW,90.40823305610971,3.1315334385313176,90.48506898866387,3.0921465382386453,-3.408233056109708,-3.485068988663869,7
KNYC,2025-07-07,2025-07-06 12:00:00+00:00,85.94618091522449,87.0,1.9807778679768488,MID,85.94829056539695,3.1315334385313176,85.78845250445043,3.031261141567225,1.0517094346030547,1.211547495549567,7
KNYC,2025-07-08,2025-07-07 12:00:00+00:00,91.91442193512974,93.0,2.1232359577627813,MID,91.9165315853022,3.1315334385313176,91.75669352435568,3.031261141567225,1.0834684146978049,1.2433064756443173,7
KNYC,2025-07-09,2025-07-08 12:00:00+00:00,89.7482645805401,90.0,2.929253930461759,HIGH,89.75037423071255,3.1315334385313176,89.83314957733333,3.2684304856729685,0.24962576928744795,0.16685042266666983,7
KNYC,2025-07-10,2025-07-09 12:00:00+00:00,82.18193245685825,84.0,5.120834299848412,HIGH,82.1840421070307,3.1315334385313176,82.26681745365148,3.2684304856729685,1.815957892969294,1.733182546348516,7
KNYC,2025-07-11,2025-07-10 12:00:00+00:00,87.51061293742725,84.0,2.429087551477811,HIGH,87.51272258759971,3.1315334385313176,87.59549793422049,3.2684304856729685,-3.5127225875997112,-3.5954979342204894,7
KNYC,2025-07-12,2025-07-11 12:00:00+00:00,86.00025019538708,83.0,1.898624162684368,MID,86.00235984555954,3.1315334385313176,85.84252178461303,3.031261141567225,-3.002359845559539,-2.8425217846130266,7
KNYC,2025-07-13,2025-07-12 12:00:00+00:00,82.32587144016696,83.0,2.007935860108833,MID,82.32798109033942,3.1315334385313176,82.16814302939291,3.031261141567225,0.6720189096605793,0.8318569706070917,7
KNYC,2025-07-14,2025-07-13 12:00:00+00:00,84.32084447686319,85.0,2.639305594232221,HIGH,84.32295412703564,3.1315334385313176,84.40572947365642,3.2684304856729685,0.6770458729643565,0.5942705263435784,7
KNYC,2025-07-15,2025-07-14 12:00:00+00:00,86.38005627971476,86.0,3.308244847376023,HIGH,86.38216592988722,3.1315334385313176,86.464941276508,3.2684304856729685,-0.382165929887222,-0.4649412765080001,7
KNYC,2025-07-16,2025-07-15 12:00:00+00:00,88.43845221274337,87.0,1.5424229970608776,LOW,88.44056186291583,3.1315334385313176,88.51739779546999,3.0921465382386453,-1.4405618629158283,-1.5173977954699893,7
KNYC,2025-07-17,2025-07-16 12:00:00+00:00,90.3605747632448,90.0,2.209877954781608,MID,90.36268441341726,3.1315334385313176,90.20284635247074,3.031261141567225,-0.36268441341725577,-0.20284635247074334,7
KNYC,2025-07-18,2025-07-17 12:00:00+00:00,84.45998823499417,82.0,2.9391243297022718,HIGH,84.46209788516663,3.1315334385313176,84.5448732317874,3.2684304856729685,-2.462097885166628,-2.544873231787406,7
KNYC,2025-07-19,2025-07-18 12:00:00+00:00,82.20314395872819,81.0,5.161242728230236,HIGH,82.20525360890065,3.1315334385313176,82.28802895552143,3.2684304856729685,-1.205253608900648,-1.2880289555214262,7
KNYC,2025-07-20,2025-07-19 12:00:00+00:00,89.2884326080515,88.0,3.3579278254116134,HIGH,89.29054225822395,3.1315334385313176,89.37331760484473,3.2684304856729685,-1.290542258223951,-1.373317604844729,7
KNYC,2025-07-21,2025-07-20 12:00:00+00:00,81.41244122728183,85.0,2.662307436825051,HIGH,81.41455087745429,3.1315334385313176,81.49732622407507,3.2684304856729685,3.585449122545711,3.502673775924933,7
KNYC,2025-07-22,2025-07-21 12:00:00+00:00,80.41185953854567,81.0,2.4652697947134707,HIGH,80.41396918871813,3.1315334385313176,80.4967445353389,3.2684304856729685,0.5860308112818728,0.5032554646610947,7
KNYC,2025-07-23,2025-07-22 12:00:00+00:00,82.02863666615971,80.0,2.315657729165607,MID,82.03074631633217,3.1315334385313176,81.87090825538566,3.031261141567225,-2.03074631633217,-1.8709082553856575,7
KNYC,2025-07-24,2025-07-23 12:00:00+00:00,86.19960711773246,87.0,1.7686876829615668,MID,86.20171676790491,3.1315334385313176,86.0418787069584,3.031261141567225,0.7982832320950877,0.9581212930416001,7
KNYC,2025-07-25,2025-07-24 12:00:00+00:00,93.71423006691688,95.0,2.669179305146552,HIGH,93.71633971708934,3.1315334385313176,93.79911506371012,3.2684304856729685,1.2836602829106596,1.2008849362898815,7
KNYC,2025-07-26,2025-07-25 12:00:00+00:00,86.38042715696695,85.0,2.221615115881741,MID,86.3825368071394,3.1315334385313176,86.22269874619289,3.031261141567225,-1.3825368071394024,-1.22269874619289,7
KNYC,2025-07-27,2025-07-26 12:00:00+00:00,80.35905062092287,84.0,3.6255047355133145,HIGH,80.36116027109533,3.1315334385313176,80.44393561771611,3.2684304856729685,3.638839728904671,3.5560643822838927,7
KNYC,2025-07-28,2025-07-27 12:00:00+00:00,94.09080268390304,94.0,1.50925336907037,LOW,94.09291233407549,3.1315334385313176,94.16974826662965,3.0921465382386453,-0.09291233407549271,-0.1697482666296537,7
KNYC,2025-07-29,2025-07-28 12:00:00+00:00,94.22991314957089,97.0,1.6428672391325,LOW,94.23202279974335,3.1315334385313176,94.30885873229751,3.0921465382386453,2.7679772002566523,2.6911412677024913,7
KNYC,2025-07-30,2025-07-29 12:00:00+00:00,93.84279349146342,95.0,1.5684053752532354,LOW,93.84490314163588,3.1315334385313176,93.92173907419004,3.0921465382386453,1.155096858364118,1.078260925809957,7
KNYC,2025-07-31,2025-07-30 12:00:00+00:00,84.12734833648885,89.0,3.7872421376888634,HIGH,84.12945798666131,3.1315334385313176,84.21223333328209,3.2684304856729685,4.870542013338692,4.787766666717914,7
KNYC,2025-08-01,2025-07-31 12:00:00+00:00,74.24629798633354,73.0,4.027635874458563,HIGH,74.248407636506,3.1315334385313176,74.33118298312678,3.2684304856729685,-1.248407636506002,-1.33118298312678,8
KNYC,2025-08-02,2025-08-01 12:00:00+00:00,80.57588303641955,80.0,1.9634418113878769,MID,80.57799268659201,3.1315334385313176,80.4181546256455,3.031261141567225,-0.5779926865920118,-0.4181546256454993,8
KNYC,2025-08-03,2025-08-02 12:00:00+00:00,83.12080561464512,84.0,1.333874274280291,LOW,83.12291526481758,3.1315334385313176,83.19975119737174,3.0921465382386453,0.8770847351824216,0.8002488026282606,8
KNYC,2025-08-04,2025-08-03 12:00:00+00:00,88.95412604931855,89.0,1.4955237432884236,LOW,88.956235699491,3.1315334385313176,89.03307163204516,3.0921465382386453,0.04376430050899671,-0.03307163204516428,8
KNYC,2025-08-05,2025-08-04 12:00:00+00:00,86.34066163169899,86.0,1.5071352781435867,LOW,86.34277128187145,3.1315334385313176,86.41960721442561,3.0921465382386453,-0.3427712818714497,-0.41960721442561066,8
KNYC,2025-08-06,2025-08-05 12:00:00+00:00,82.20122737818467,79.0,1.8198068585579583,MID,82.20333702835713,3.1315334385313176,82.04349896741061,3.031261141567225,-3.203337028357126,-3.0434989674106134,8
KNYC,2025-08-07,2025-08-06 12:00:00+00:00,80.8523133637334,81.0,1.41527880392314,LOW,80.85442301390586,3.1315334385313176,80.93125894646002,3.0921465382386453,0.1455769860941416,0.06874105353998061,8
KNYC,2025-08-08,2025-08-07 12:00:00+00:00,80.44452161324385,82.0,1.3289355126494349,LOW,80.44663126341631,3.1315334385313176,80.52346719597047,3.0921465382386453,1.5533687365836926,1.4765328040295316,8
KNYC,2025-08-09,2025-08-08 12:00:00+00:00,83.57266939388951,85.0,1.5399501417259465,LOW,83.57477904406197,3.1315334385313176,83.65161497661613,3.0921465382386453,1.4252209559380304,1.3483850233838695,8
KNYC,2025-08-10,2025-08-09 12:00:00+00:00,87.76772762599752,90.0,1.965144171612867,MID,87.76983727616998,3.1315334385313176,87.60999921522347,3.031261141567225,2.23016272383002,2.3900007847765323,8
KNYC,2025-08-11,2025-08-10 12:00:00+00:00,89.26674372200752,89.0,1.912502464070681,MID,89.26885337217998,3.1315334385313176,89.10901531123346,3.031261141567225,-0.26885337217997574,-0.10901531123346331,8
KNYC,2025-08-12,2025-08-11 12:00:00+00:00,88.61811188691182,91.0,1.58004924536937,LOW,88.62022153708428,3.1315334385313176,88.69705746963844,3.0921465382386453,2.3797784629157235,2.3029425303615625,8
KNYC,2025-08-13,2025-08-12 12:00:00+00:00,88.53767774550975,89.0,2.6549686682335336,HIGH,88.53978739568221,3.1315334385313176,88.62256274230299,3.2684304856729685,0.460212604317789,0.37743725769701086,8
KNYC,2025-08-14,2025-08-13 12:00:00+00:00,86.14621784471754,89.0,3.9165300605438103,HIGH,86.14832749489,3.1315334385313176,86.23110284151078,3.2684304856729685,2.8516725051100025,2.7688971584892244,8
KNYC,2025-08-15,2025-08-14 12:00:00+00:00,87.2564115328483,89.0,2.17148742676252,MID,87.25852118302076,3.1315334385313176,87.09868312207425,3.031261141567225,1.7414788169792388,1.9013168779257512,8
KNYC,2025-08-16,2025-08-15 12:00:00+00:00,82.860370531805,84.0,1.8622620494587172,MID,82.86248018197746,3.1315334385313176,82.70264212103095,3.031261141567225,1.1375198180225397,1.297357878969052,8
KNYC,2025-08-17,2025-08-16 12:00:00+00:00,90.02239113965605,91.0,2.2948047061522234,MID,90.02450078982851,3.1315334385313176,89.864662728882,3.031261141567225,0.9754992101714919,1.1353372711180043,8
KNYC,2025-08-18,2025-08-17 12:00:00+00:00,76.8478063701597,75.0,3.811112891029975,HIGH,76.84991602033216,3.1315334385313176,76.93269136695294,3.2684304856729685,-1.8499160203321594,-1.9326913669529375,8
KNYC,2025-08-19,2025-08-18 12:00:00+00:00,77.32580872281136,77.0,2.577457043226815,HIGH,77.32791837298382,3.1315334385313176,77.4106937196046,3.2684304856729685,-0.32791837298381665,-0.4106937196045948,8
KNYC,2025-08-20,2025-08-19 12:00:00+00:00,73.90669027207865,70.0,2.466186984039704,HIGH,73.9087999222511,3.1315334385313176,73.99157526887188,3.2684304856729685,-3.908799922251106,-3.991575268871884,8
KNYC,2025-08-21,2025-08-20 12:00:00+00:00,72.1847711007686,72.0,3.185917115583236,HIGH,72.18688075094106,3.1315334385313176,72.26965609756184,3.2684304856729685,-0.18688075094105727,-0.2696560975618354,8
KNYC,2025-08-22,2025-08-21 12:00:00+00:00,82.70470723482909,83.0,1.802426230351212,MID,82.70681688500154,3.1315334385313176,82.54697882405503,3.031261141567225,0.29318311499845606,0.4530211759449685,8
KNYC,2025-08-23,2025-08-22 12:00:00+00:00,83.27886657170667,82.0,1.3972967761262258,LOW,83.28097622187913,3.1315334385313176,83.35781215443329,3.0921465382386453,-1.2809762218791292,-1.3578121544332902,8
KNYC,2025-08-24,2025-08-23 12:00:00+00:00,81.90518129147878,80.0,1.1870424962780188,LOW,81.90729094165124,3.1315334385313176,81.9841268742054,3.0921465382386453,-1.9072909416512402,-1.9841268742054012,8
KNYC,2025-08-25,2025-08-24 12:00:00+00:00,85.59466788597882,86.0,2.15621154165458,MID,85.59677753615128,3.1315334385313176,85.43693947520477,3.031261141567225,0.40322246384872074,0.5630605247952332,8
KNYC,2025-08-26,2025-08-25 12:00:00+00:00,80.86880958878614,79.0,1.956310867032223,MID,80.87091923895859,3.1315334385313176,80.71108117801208,3.031261141567225,-1.8709192389585922,-1.7110811780120798,8
KNYC,2025-08-27,2025-08-26 12:00:00+00:00,78.19625297419657,75.0,2.053381606208781,MID,78.19836262436903,3.1315334385313176,78.03852456342251,3.031261141567225,-3.1983626243690253,-3.038524563422513,8
KNYC,2025-08-28,2025-08-27 12:00:00+00:00,79.81966679686117,78.0,1.695071757381927,MID,79.82177644703363,3.1315334385313176,79.66193838608712,3.031261141567225,-1.8217764470336277,-1.6619383860871153,8
KNYC,2025-08-29,2025-08-28 12:00:00+00:00,80.02719594139973,78.0,2.242453885539644,MID,80.02930559157218,3.1315334385313176,79.86946753062567,3.031261141567225,-2.0293055915721823,-1.8694675306256698,8
KNYC,2025-08-30,2025-08-29 12:00:00+00:00,76.62418979275965,76.0,1.965364138058988,MID,76.62629944293211,3.1315334385313176,76.4664613819856,3.031261141567225,-0.6262994429321083,-0.46646138198559584,8
KNYC,2025-08-31,2025-08-30 12:00:00+00:00,79.35099133587538,79.0,1.858266301666992,MID,79.35310098604783,3.1315334385313176,79.19326292510132,3.031261141567225,-0.3531009860478349,-0.19326292510132248,8
KNYC,2025-09-01,2025-08-31 12:00:00+00:00,77.15341338154474,78.0,1.409033569268267,LOW,77.1555230317172,3.1315334385313176,77.23235896427136,3.0921465382386453,0.8444769682828053,0.7676410357286443,9
KNYC,2025-09-02,2025-09-01 12:00:00+00:00,77.06347056552407,79.0,1.2636843087334615,LOW,77.06558021569653,3.1315334385313176,77.14241614825069,3.0921465382386453,1.934419784303472,1.857583851749311,9
KNYC,2025-09-03,2025-09-02 12:00:00+00:00,78.83179264332634,79.0,1.1551836172212742,LOW,78.8339022934988,3.1315334385313176,78.91073822605296,3.0921465382386453,0.1660977065012048,0.08926177394704382,9
KNYC,2025-09-04,2025-09-03 12:00:00+00:00,79.33971696252034,77.0,1.2701364666029231,LOW,79.3418266126928,3.1315334385313176,79.41866254524696,3.0921465382386453,-2.341826612692799,-2.41866254524696,9
KNYC,2025-09-05,2025-09-04 12:00:00+00:00,83.81160881913905,82.0,1.40180124026867,LOW,83.81371846931151,3.1315334385313176,83.89055440186567,3.0921465382386453,-1.8137184693115103,-1.8905544018656713,9
KNYC,2025-09-06,2025-09-05 12:00:00+00:00,83.4015432243025,86.0,3.508170121328888,HIGH,83.40365287447496,3.1315334385313176,83.48642822109574,3.2684304856729685,2.5963471255250425,2.5135717789042644,9
KNYC,2025-09-07,2025-09-06 12:00:00+00:00,71.35457281358536,69.0,4.079533222076234,HIGH,71.35668246375782,3.1315334385313176,71.4394578103786,3.2684304856729685,-2.3566824637578208,-2.439457810378599,9
KNYC,2025-09-08,2025-09-07 12:00:00+00:00,73.85470418067209,73.0,2.3227754947470087,MID,73.85681383084454,3.1315334385313176,73.69697576989803,3.031261141567225,-0.8568138308445441,-0.6969757698980317,9
KNYC,2025-09-09,2025-09-08 12:00:00+00:00,74.09376356584869,73.0,1.678139929033844,MID,74.09587321602115,3.1315334385313176,73.93603515507463,3.031261141567225,-1.0958732160211468,-0.9360351550746344,9
KNYC,2025-09-10,2025-09-09 12:00:00+00:00,68.78203594820171,73.0,3.4047804840911247,HIGH,68.78414559837417,3.1315334385313176,68.86692094499494,3.2684304856729685,4.215854401625833,4.133079055005055,9
KNYC,2025-09-11,2025-09-10 12:00:00+00:00,80.11682993380123,79.0,1.3681948938085864,LOW,80.11893958397368,3.1315334385313176,80.19577551652785,3.0921465382386453,-1.1189395839736846,-1.1957755165278456,9
KNYC,2025-09-12,2025-09-11 12:00:00+00:00,76.91162043884454,78.0,2.094917712222345,MID,76.913730089017,3.1315334385313176,76.75389202807048,3.031261141567225,1.086269910983006,1.2461079719295185,9
KNYC,2025-09-13,2025-09-12 12:00:00+00:00,77.95505715898314,77.0,2.10806534688212,MID,77.9571668091556,3.1315334385313176,77.79732874820908,3.031261141567225,-0.9571668091555949,-0.7973287482090825,9
KNYC,2025-09-14,2025-09-13 12:00:00+00:00,81.86336666255626,81.0,2.1904431534879123,MID,81.86547631272872,3.1315334385313176,81.7056382517822,3.031261141567225,-0.8654763127287168,-0.7056382517822044,9
KNYC,2025-09-15,2025-09-14 12:00:00+00:00,79.40721573596356,79.0,1.2584689109232507,LOW,79.40932538613602,3.1315334385313176,79.48616131869018,3.0921465382386453,-0.4093253861360182,-0.4861613186901792,9
KNYC,2025-09-16,2025-09-15 12:00:00+00:00,74.48443672783077,74.0,1.8864518015709757,MID,74.48654637800323,3.1315334385313176,74.32670831705671,3.031261141567225,-0.48654637800322575,-0.3267083170567133,9
KNYC,2025-09-17,2025-09-16 12:00:00+00:00,68.86837110816029,70.0,2.299784570882806,MID,68.87048075833275,3.1315334385313176,68.71064269738623,3.031261141567225,1.1295192416672535,1.289357302613766,9
KNYC,2025-09-18,2025-09-17 12:00:00+00:00,82.43959727752853,83.0,3.0724827101320864,HIGH,82.44170692770099,3.1315334385313176,82.52448227432177,3.2684304856729685,0.5582930722990085,0.47551772567823036,9
KNYC,2025-09-19,2025-09-18 12:00:00+00:00,82.47982725978828,84.0,2.8881794680726216,HIGH,82.48193690996074,3.1315334385313176,82.56471225658152,3.2684304856729685,1.5180630900392629,1.4352877434184848,9
KNYC,2025-09-20,2025-09-19 12:00:00+00:00,72.69995360427515,73.0,1.6283173251471534,LOW,72.70206325444761,3.1315334385313176,72.77889918700177,3.0921465382386453,0.29793674555239136,0.22110081299823037,9
KNYC,2025-09-21,2025-09-20 12:00:00+00:00,70.07961761583393,71.0,1.5172160649787587,LOW,70.08172726600638,3.1315334385313176,70.15856319856054,3.0921465382386453,0.9182727339936179,0.8414368014394569,9
KNYC,2025-09-22,2025-09-21 12:00:00+00:00,75.17469021986145,73.0,1.3760674362136074,LOW,75.1767998700339,3.1315334385313176,75.25363580258806,3.0921465382386453,-2.1767998700339035,-2.2536358025880645,9
KNYC,2025-09-23,2025-09-22 12:00:00+00:00,81.10302293942446,83.0,1.9564404531486,MID,81.10513258959692,3.1315334385313176,80.94529452865041,3.031261141567225,1.89486741040308,2.0547054713495925,9
KNYC,2025-09-24,2025-09-23 12:00:00+00:00,77.04258905456742,80.0,1.95226489834492,MID,77.04469870473987,3.1315334385313176,76.88486064379336,3.031261141567225,2.955301295260128,3.1151393562066403,9
KNYC,2025-09-25,2025-09-24 12:00:00+00:00,75.04988140821953,77.0,2.134088773342839,MID,75.05199105839199,3.1315334385313176,74.89215299744548,3.031261141567225,1.948008941608009,2.1078470025545215,9
KNYC,2025-09-26,2025-09-25 12:00:00+00:00,78.99693861064573,82.0,1.5810557974711816,LOW,78.99904826081818,3.1315334385313176,79.07588419337235,3.0921465382386453,3.000951739181815,2.924115806627654,9
KNYC,2025-09-27,2025-09-26 12:00:00+00:00,77.36657612603182,79.0,2.548483436719772,HIGH,77.36868577620427,3.1315334385313176,77.45146112282505,3.2684304856729685,1.6313142237957265,1.5485388771749484,9
KNYC,2025-09-28,2025-09-27 12:00:00+00:00,81.31147603098796,83.0,1.6376571581623391,LOW,81.31358568116042,3.1315334385313176,81.39042161371458,3.0921465382386453,1.6864143188395815,1.6095783862854205,9
KNYC,2025-09-29,2025-09-28 12:00:00+00:00,77.86542760529096,78.0,1.6510631467980474,LOW,77.86753725546342,3.1315334385313176,77.94437318801758,3.0921465382386453,0.13246274453658202,0.05562681198242103,9
KNYC,2025-09-30,2025-09-29 12:00:00+00:00,79.7134187385054,81.0,1.4236367066218196,LOW,79.71552838867785,3.1315334385313176,79.79236432123201,3.0921465382386453,1.2844716113221466,1.2076356787679856,9
KNYC,2025-10-01,2025-09-30 12:00:00+00:00,66.780540259205,69.0,2.016971047926785,MID,66.78264990937745,3.1315334385313176,66.62281184843094,3.031261141567225,2.2173500906225456,2.377188151569058,10
KNYC,2025-10-02,2025-10-01 12:00:00+00:00,64.97750599736227,66.0,2.0270886782822157,MID,64.97961564753473,3.1315334385313176,64.81977758658822,3.031261141567225,1.0203843524652711,1.1802224134117836,10
KNYC,2025-10-03,2025-10-02 12:00:00+00:00,71.75532097906027,71.0,1.6028969880395505,LOW,71.75743062923273,3.1315334385313176,71.83426656178689,3.0921465382386453,-0.7574306292327293,-0.8342665617868903,10
KNYC,2025-10-04,2025-10-03 12:00:00+00:00,81.61393784794608,82.0,0.9065727027934471,LOW,81.61604749811853,3.1315334385313176,81.6928834306727,3.0921465382386453,0.3839525018814669,0.3071165693273059,10
KNYC,2025-10-05,2025-10-04 12:00:00+00:00,81.49036027834582,84.0,1.1448317736190834,LOW,81.49246992851828,3.1315334385313176,81.56930586107244,3.0921465382386453,2.5075300714817246,2.4306941389275636,10
KNYC,2025-10-06,2025-10-05 12:00:00+00:00,79.8263049405417,80.0,1.046966863329813,LOW,79.82841459071416,3.1315334385313176,79.90525052326832,3.0921465382386453,0.17158540928583932,0.09474947673167833,10
KNYC,2025-10-07,2025-10-06 12:00:00+00:00,79.641925194211,80.0,1.1457382016290818,LOW,79.64403484438346,3.1315334385313176,79.72087077693762,3.0921465382386453,0.35596515561654485,0.27912922306238386,10
KNYC,2025-10-08,2025-10-07 12:00:00+00:00,70.13617073571149,72.0,2.856409158550931,HIGH,70.13828038588395,3.1315334385313176,70.22105573250472,3.2684304856729685,1.8617196141160548,1.7789442674952767,10
KNYC,2025-10-09,2025-10-08 12:00:00+00:00,58.4992276396927,59.0,1.6614256770436089,MID,58.501337289865155,3.1315334385313176,58.34149922891864,3.031261141567225,0.49866271013484464,0.6585007710813571,10
KNYC,2025-10-10,2025-10-09 12:00:00+00:00,61.194368253113524,62.0,1.6297445984673566,LOW,61.19647790328598,3.1315334385313176,61.27331383584014,3.0921465382386453,0.8035220967140191,0.7266861641598581,10
KNYC,2025-10-11,2025-10-10 12:00:00+00:00,66.4185725605522,64.0,1.733353516941829,MID,66.42068221072466,3.1315334385313176,66.26084414977815,3.031261141567225,-2.4206822107246637,-2.2608441497781513,10
KNYC,2025-10-12,2025-10-11 12:00:00+00:00,62.63785702684275,63.0,1.2956007745180045,LOW,62.63996667701521,3.1315334385313176,62.71680260956937,3.0921465382386453,0.3600333229847905,0.2831973904306295,10
KNYC,2025-10-13,2025-10-12 12:00:00+00:00,58.729854799021275,58.0,2.655602642315753,HIGH,58.73196444919373,3.1315334385313176,58.81473979581451,3.2684304856729685,-0.7319644491937325,-0.8147397958145106,10
KNYC,2025-10-14,2025-10-13 12:00:00+00:00,61.6603409394107,61.0,3.223936741484416,HIGH,61.66245058958316,3.1315334385313176,61.74522593620394,3.2684304856729685,-0.6624505895831589,-0.7452259362039371,10
KNYC,2025-10-15,2025-10-14 12:00:00+00:00,64.92959232329613,68.0,2.504785083161587,HIGH,64.93170197346859,3.1315334385313176,65.01447732008937,3.2684304856729685,3.0682980265314086,2.9855226799106305,10
KNYC,2025-10-16,2025-10-15 12:00:00+00:00,57.927568509002526,61.0,1.542358257263197,LOW,57.92967815917498,3.1315334385313176,58.006514091729144,3.0921465382386453,3.0703218408250166,2.9934859082708556,10
KNYC,2025-10-17,2025-10-16 12:00:00+00:00,60.66852484219895,63.0,1.3037917227747304,LOW,60.670634492371406,3.1315334385313176,60.74747042492557,3.0921465382386453,2.3293655076285944,2.2525295750744334,10
KNYC,2025-10-18,2025-10-17 12:00:00+00:00,64.50012645638432,65.0,1.446821791590023,LOW,64.50223610655678,3.1315334385313176,64.57907203911094,3.0921465382386453,0.4977638934432207,0.4209279608890597,10
KNYC,2025-10-19,2025-10-18 12:00:00+00:00,71.32484027786481,70.0,0.987983307060842,LOW,71.32694992803727,3.1315334385313176,71.40378586059143,3.0921465382386453,-1.3269499280372656,-1.4037858605914266,10
KNYC,2025-10-20,2025-10-19 12:00:00+00:00,65.16648049141038,68.0,2.41545554211454,HIGH,65.16859014158284,3.1315334385313176,65.25136548820362,3.2684304856729685,2.8314098584171603,2.748634511796382,10
KNYC,2025-10-21,2025-10-20 12:00:00+00:00,66.30101230061696,66.0,1.9207816761171024,MID,66.30312195078942,3.1315334385313176,66.1432838898429,3.031261141567225,-0.30312195078941784,-0.1432838898429054,10
KNYC,2025-10-22,2025-10-21 12:00:00+00:00,63.16467147830519,62.0,1.58329307094157,LOW,63.166781128477645,3.1315334385313176,63.243617061031806,3.0921465382386453,-1.1667811284776448,-1.2436170610318058,10
KNYC,2025-10-23,2025-10-22 12:00:00+00:00,59.45550240219007,60.0,1.9632405820290824,MID,59.45761205236253,3.1315334385313176,59.297773991416015,3.031261141567225,0.5423879476374722,0.7022260085839847,10
KNYC,2025-10-24,2025-10-23 12:00:00+00:00,59.7865078515142,59.0,1.2567403321223238,LOW,59.78861750168666,3.1315334385313176,59.86545343424082,3.0921465382386453,-0.7886175016866588,-0.8654534342408198,10
KNYC,2025-10-25,2025-10-24 12:00:00+00:00,57.41807978128304,58.0,2.018923760843504,MID,57.4201894314555,3.1315334385313176,57.260351370508985,3.031261141567225,0.5798105685445023,0.7396486294910147,10
KNYC,2025-10-26,2025-10-25 12:00:00+00:00,57.34086845099924,59.0,1.9088394833952969,MID,57.342978101171695,3.1315334385313176,57.18314004022518,3.031261141567225,1.6570218988283045,1.816859959774817,10
KNYC,2025-10-27,2025-10-26 12:00:00+00:00,55.18325735876515,55.0,1.723985018058266,MID,55.185367008937604,3.1315334385313176,55.02552894799109,3.031261141567225,-0.18536700893760383,-0.0255289479910914,10
KNYC,2025-10-28,2025-10-27 12:00:00+00:00,56.28790562911091,54.0,1.585357212367691,LOW,56.29001527928337,3.1315334385313176,56.36685121183753,3.0921465382386453,-2.2900152792833666,-2.3668512118375276,10
KNYC,2025-10-29,2025-10-28 12:00:00+00:00,55.46145392271943,56.0,1.8137056484405367,MID,55.463563572891886,3.1315334385313176,55.30372551194537,3.031261141567225,0.5364364271081143,0.6962744880546268,10
KNYC,2025-10-30,2025-10-29 12:00:00+00:00,59.869495082411106,63.0,1.3619020309536949,LOW,59.87160473258356,3.1315334385313176,59.948440665137724,3.0921465382386453,3.128395267416437,3.051559334862276,10
KNYC,2025-10-31,2025-10-30 12:00:00+00:00,58.930058879148554,58.0,1.4743754790767791,LOW,58.93216852932101,3.1315334385313176,59.00900446187517,3.0921465382386453,-0.9321685293210109,-1.009004461875172,10
KNYC,2025-11-01,2025-10-31 12:00:00+00:00,55.69228469797644,58.0,1.214628320522802,LOW,55.6943943481489,3.1315334385313176,55.77123028070306,3.0921465382386453,2.3056056518511028,2.228769719296942,11
KNYC,2025-11-02,2025-11-01 12:00:00+00:00,58.595303896513634,59.0,1.275781431292777,LOW,58.59741354668609,3.1315334385313176,58.67424947924025,3.0921465382386453,0.4025864533139085,0.32575052075974753,11
KNYC,2025-11-03,2025-11-02 12:00:00+00:00,59.143655720893584,59.0,2.6009873566035338,HIGH,59.14576537106604,3.1315334385313176,59.22854071768682,3.2684304856729685,-0.14576537106604093,-0.22854071768681905,11
KNYC,2025-11-04,2025-11-03 12:00:00+00:00,58.408529708980396,59.0,1.0429063224896462,LOW,58.41063935915285,3.1315334385313176,58.487475291707014,3.0921465382386453,0.589360640847147,0.512524708292986,11
KNYC,2025-11-05,2025-11-04 12:00:00+00:00,62.36744445043383,66.0,2.1692314642303097,MID,62.36955410060629,3.1315334385313176,62.209716039659774,3.031261141567225,3.630445899393713,3.7902839603402256,11
KNYC,2025-11-06,2025-11-05 12:00:00+00:00,55.068558817177404,57.0,1.390357875190169,LOW,55.07066846734986,3.1315334385313176,55.14750439990402,3.0921465382386453,1.9293315326501386,1.8524956000959776,11
KNYC,2025-11-07,2025-11-06 12:00:00+00:00,58.307503787689015,61.0,1.4242568082678662,LOW,58.30961343786147,3.1315334385313176,58.38644937041563,3.0921465382386453,2.690386562138528,2.613550629584367,11
KNYC,2025-11-08,2025-11-07 12:00:00+00:00,61.00522119231365,65.0,2.3638159541972112,MID,61.007330842486105,3.1315334385313176,60.84749278153959,3.031261141567225,3.9926691575138946,4.152507218460407,11
KNYC,2025-11-09,2025-11-08 12:00:00+00:00,59.600283462831364,63.0,1.9048503071742824,MID,59.60239311300382,3.1315334385313176,59.44255505205731,3.031261141567225,3.3976068869961793,3.5574449479426917,11
KNYC,2025-11-10,2025-11-09 12:00:00+00:00,59.29654743751218,59.0,3.716860375447176,HIGH,59.29865708768464,3.1315334385313176,59.38143243430542,3.2684304856729685,-0.2986570876846386,-0.38143243430541673,11
KNYC,2025-11-11,2025-11-10 12:00:00+00:00,42.40779688702333,41.0,1.6036567261006849,LOW,42.40990653719579,3.1315334385313176,42.48674246974995,3.0921465382386453,-1.4099065371957877,-1.4867424697499487,11
KNYC,2025-11-12,2025-11-11 12:00:00+00:00,50.5225627932648,50.0,1.3069130138532814,LOW,50.524672443437254,3.1315334385313176,50.601508375991415,3.0921465382386453,-0.5246724434372538,-0.6015083759914148,11
KNYC,2025-11-13,2025-11-12 12:00:00+00:00,53.129152951805565,51.0,0.9247922321534155,LOW,53.13126260197802,3.1315334385313176,53.20809853453218,3.0921465382386453,-2.1312626019780225,-2.2080985345321835,11
KNYC,2025-11-14,2025-11-13 12:00:00+00:00,50.7394697672769,51.0,1.0233580586625215,LOW,50.74157941744936,3.1315334385313176,50.81841535000352,3.0921465382386453,0.2584205825506416,0.1815846499964806,11
KNYC,2025-11-15,2025-11-14 12:00:00+00:00,53.056677219064184,50.0,1.6677884646381318,MID,53.05878686923664,3.1315334385313176,52.89894880829013,3.031261141567225,-3.0587868692366413,-2.898948808290129,11
KNYC,2025-11-16,2025-11-15 12:00:00+00:00,55.12524560728123,56.0,2.2687973902588303,MID,55.12735525745369,3.1315334385313176,54.967517196507174,3.031261141567225,0.8726447425463135,1.032482803492826,11
KNYC,2025-11-17,2025-11-16 12:00:00+00:00,45.31800709174455,44.0,1.384828784843442,LOW,45.320116741917005,3.1315334385313176,45.396952674471166,3.0921465382386453,-1.3201167419170048,-1.3969526744711658,11
KNYC,2025-11-18,2025-11-17 12:00:00+00:00,47.17961244655937,45.0,1.2201156340960142,LOW,47.181722096731825,3.1315334385313176,47.258558029285986,3.0921465382386453,-2.181722096731825,-2.258558029285986,11
KNYC,2025-11-19,2025-11-18 12:00:00+00:00,47.47901269128735,47.0,1.672246926023704,MID,47.48112234145981,3.1315334385313176,47.3212842805133,3.031261141567225,-0.4811223414598089,-0.3212842805132965,11
KNYC,2025-11-20,2025-11-19 12:00:00+00:00,49.84169587828756,47.0,1.1691117535272986,LOW,49.84380552846002,3.1315334385313176,49.92064146101418,3.0921465382386453,-2.8438055284600168,-2.9206414610141778,11
KNYC,2025-11-21,2025-11-20 12:00:00+00:00,53.77149145180795,52.0,1.4874321912764064,LOW,53.773601101980404,3.1315334385313176,53.850437034534565,3.0921465382386453,-1.7736011019804039,-1.8504370345345649,11
KNYC,2025-11-22,2025-11-21 12:00:00+00:00,52.377204638387006,52.0,2.3499494415680857,MID,52.37931428855946,3.1315334385313176,52.21947622761295,3.031261141567225,-0.37931428855946336,-0.21947622761295094,11
KNYC,2025-11-23,2025-11-22 12:00:00+00:00,50.193347573224024,49.0,1.6195968377223942,LOW,50.19545722339648,3.1315334385313176,50.27229315595064,3.0921465382386453,-1.195457223396481,-1.272293155950642,11
KNYC,2025-11-24,2025-11-23 12:00:00+00:00,52.871515243993066,52.0,0.9678595657958378,LOW,52.87362489416552,3.1315334385313176,52.950460826719684,3.0921465382386453,-0.8736248941655234,-0.9504608267196843,11
KNYC,2025-11-25,2025-11-24 12:00:00+00:00,56.40955357200136,58.0,1.353355761816617,LOW,56.411663222173814,3.1315334385313176,56.488499154727975,3.0921465382386453,1.5883367778261857,1.5115008452720247,11
KNYC,2025-11-26,2025-11-25 12:00:00+00:00,61.328992265013255,59.0,2.928328985908496,HIGH,61.33110191518571,3.1315334385313176,61.41387726180649,3.2684304856729685,-2.3311019151857124,-2.4138772618064905,11
KNYC,2025-11-27,2025-11-26 12:00:00+00:00,47.36376142067866,49.0,1.7692755145308,MID,47.365871070851114,3.1315334385313176,47.2060330099046,3.031261141567225,1.6341289291488863,1.7939669900953987,11
KNYC,2025-11-28,2025-11-27 12:00:00+00:00,43.28515090394634,43.0,1.4695088882360725,LOW,43.287260554118795,3.1315334385313176,43.364096486672956,3.0921465382386453,-0.28726055411879514,-0.36409648667295613,11
KNYC,2025-11-29,2025-11-28 12:00:00+00:00,44.086001153677415,42.0,1.4165702410221113,LOW,44.08811080384987,3.1315334385313176,44.16494673640403,3.0921465382386453,-2.0881108038498724,-2.1649467364040333,11
KNYC,2025-11-30,2025-11-29 12:00:00+00:00,48.78061001874594,47.0,1.403715063320151,LOW,48.782719668918396,3.1315334385313176,48.85955560147256,3.0921465382386453,-1.7827196689183964,-1.8595556014725574,11
KNYC,2025-12-01,2025-11-30 12:00:00+00:00,41.322688093182336,43.0,2.2947579634267283,MID,41.32479774335479,3.1315334385313176,41.16495968240828,3.031261141567225,1.675202256645207,1.8350403175917194,12
KNYC,2025-12-02,2025-12-01 12:00:00+00:00,43.041444925630756,40.0,2.119025122036484,MID,43.04355457580321,3.1315334385313176,42.8837165148567,3.031261141567225,-3.0435545758032134,-2.883716514856701,12
KNYC,2025-12-03,2025-12-02 12:00:00+00:00,41.18389238169964,41.0,0.9479917998273956,LOW,41.1860020318721,3.1315334385313176,41.26283796442626,3.0921465382386453,-0.18600203187209985,-0.26283796442626084,12
KNYC,2025-12-04,2025-12-03 12:00:00+00:00,40.42405672764957,41.0,2.764769667159677,HIGH,40.42616637782203,3.1315334385313176,40.508941724442806,3.2684304856729685,0.5738336221779718,0.4910582755571937,12
KNYC,2025-12-05,2025-12-04 12:00:00+00:00,31.48630277809483,32.0,2.019512030725389,MID,31.48841242826729,3.1315334385313176,31.328574367320776,3.031261141567225,0.5115875717327114,0.6714256326792238,12
KNYC,2025-12-06,2025-12-05 12:00:00+00:00,41.068357636015804,42.0,1.068705073795739,LOW,41.07046728618826,3.1315334385313176,41.14730321874242,3.0921465382386453,0.9295327138117386,0.8526967812575776,12
KNYC,2025-12-07,2025-12-06 12:00:00+00:00,40.83669708418515,43.0,1.030072442730082,LOW,40.838806734357604,3.1315334385313176,40.915642666911765,3.0921465382386453,2.161193265642396,2.084357333088235,12
KNYC,2025-12-08,2025-12-07 12:00:00+00:00,31.702876418084706,38.0,1.440263995869676,LOW,31.704986068257163,3.1315334385313176,31.781822000811328,3.0921465382386453,6.295013931742837,6.218177999188672,12
KNYC,2025-12-09,2025-12-08 12:00:00+00:00,34.927418632502466,35.0,1.5652895994804452,LOW,34.92952828267492,3.1315334385313176,35.006364215229084,3.0921465382386453,0.07047171732507707,-0.006364215229083925,12
KNYC,2025-12-10,2025-12-09 12:00:00+00:00,45.10877594018553,47.0,1.560871409496238,LOW,45.11088559035799,3.1315334385313176,45.18772152291215,3.0921465382386453,1.889114409642012,1.812278477087851,12
KNYC,2025-12-11,2025-12-10 12:00:00+00:00,41.44195379219149,41.0,1.7994225798475871,MID,41.44406344236395,3.1315334385313176,41.284225381417436,3.031261141567225,-0.444063442363948,-0.2842253814174356,12
KNYC,2025-12-12,2025-12-11 12:00:00+00:00,35.20611298604132,35.0,1.351129643927634,LOW,35.208222636213776,3.1315334385313176,35.28505856876794,3.0921465382386453,-0.208222636213776,-0.285058568767937,12
KNYC,2025-12-13,2025-12-12 12:00:00+00:00,40.28452313051776,41.0,1.032988623075124,LOW,40.28663278069022,3.1315334385313176,40.36346871324438,3.0921465382386453,0.7133672193097809,0.6365312867556199,12
KNYC,2025-12-14,2025-12-13 12:00:00+00:00,30.750212933833378,33.0,2.2609546280027417,MID,30.752322584005835,3.1315334385313176,30.592484523059323,3.031261141567225,2.247677415994165,2.4075154769406772,12
KNYC,2025-12-15,2025-12-14 12:00:00+00:00,25.35246139522979,29.0,1.0950923725034982,LOW,25.354571045402245,3.1315334385313176,25.43140697795641,3.0921465382386453,3.6454289545977545,3.56859302204359,12
KNYC,2025-12-16,2025-12-15 12:00:00+00:00,31.479887482517636,32.0,0.8850482791920609,LOW,31.481997132690093,3.1315334385313176,31.558833065244258,3.0921465382386453,0.5180028673099066,0.4411669347557421,12
KNYC,2025-12-17,2025-12-16 12:00:00+00:00,44.50025999248371,47.0,1.230228084095557,LOW,44.50236964265617,3.1315334385313176,44.57920557521033,3.0921465382386453,2.49763035734383,2.420794424789669,12
KNYC,2025-12-18,2025-12-17 12:00:00+00:00,50.503503712565745,50.0,2.082108389322644,MID,50.5056133627382,3.1315334385313176,50.34577530179169,3.031261141567225,-0.5056133627382025,-0.34577530179169,12
KNYC,2025-12-19,2025-12-18 12:00:00+00:00,59.81361226054558,58.0,4.26581115809717,HIGH,59.81572191071804,3.1315334385313176,59.89849725733882,3.2684304856729685,-1.8157219107180396,-1.8984972573388177,12
KNYC,2025-12-20,2025-12-19 12:00:00+00:00,40.78930899832564,38.0,1.1691685508115832,LOW,40.791418648498095,3.1315334385313176,40.868254581052256,3.0921465382386453,-2.7914186484980945,-2.8682545810522555,12
KNYC,2025-12-21,2025-12-20 12:00:00+00:00,44.7754522370021,46.0,2.2060691393064067,MID,44.777561887174556,3.1315334385313176,44.617723826228044,3.031261141567225,1.2224381128254436,1.382276173771956,12
KNYC,2025-12-22,2025-12-21 12:00:00+00:00,40.198473438953066,39.0,1.2780658053622518,LOW,40.20058308912552,3.1315334385313176,40.277419021679684,3.0921465382386453,-1.200583089125523,-1.277419021679684,12
KNYC,2025-12-23,2025-12-22 12:00:00+00:00,39.48750173868369,40.0,1.5156168660815172,LOW,39.48961138885615,3.1315334385313176,39.56644732141031,3.0921465382386453,0.5103886111438527,0.4335526785896917,12
KNYC,2025-12-24,2025-12-23 12:00:00+00:00,43.907603541117524,46.0,1.4767934425894205,LOW,43.90971319128998,3.1315334385313176,43.98654912384414,3.0921465382386453,2.090286808710019,2.013450876155858,12
KNYC,2025-12-25,2025-12-24 12:00:00+00:00,47.6449944417617,49.0,1.4788097073537243,LOW,47.64710409193416,3.1315334385313176,47.72394002448832,3.0921465382386453,1.3528959080658396,1.2760599755116786,12
KNYC,2025-12-26,2025-12-25 12:00:00+00:00,28.115303458222495,29.0,1.396301527346259,LOW,28.117413108394953,3.1315334385313176,28.194249040949117,3.0921465382386453,0.8825868916050474,0.8057509590508829,12
KNYC,2025-12-27,2025-12-26 12:00:00+00:00,35.023611489457096,31.0,2.259108539945684,MID,35.02572113962955,3.1315334385313176,34.86588307868304,3.031261141567225,-4.025721139629553,-3.8658830786830407,12
KNYC,2025-12-28,2025-12-27 12:00:00+00:00,38.55670107596322,39.0,1.02035545805977,LOW,38.558810726135675,3.1315334385313176,38.635646658689836,3.0921465382386453,0.4411892738643246,0.3643533413101636,12
KNYC,2025-12-29,2025-12-28 12:00:00+00:00,53.122917950332926,49.0,3.1229218614891296,HIGH,53.12502760050538,3.1315334385313176,53.20780294712616,3.2684304856729685,-4.125027600505383,-4.2078029471261615,12
KNYC,2025-12-30,2025-12-29 12:00:00+00:00,33.06521287569918,33.0,2.087189885425588,MID,33.06732252587164,3.1315334385313176,32.907484464925126,3.031261141567225,-0.06732252587163856,0.09251553507487387,12
KNYC,2025-12-31,2025-12-30 12:00:00+00:00,35.8048255292597,33.0,1.5646936762253854,LOW,35.80693517943216,3.1315334385313176,35.88377111198632,3.0921465382386453,-2.806935179432159,-2.88377111198632,12
